engine,source_version,category,name,source_path,line,evidence
WolfcamQL,12.7test49,console_command_table,testgun,engine/engines/_canonical/code/cgame/cg_consolecmds.c,8414,SOURCE_ONLY; conditional compilation not evaluated
WolfcamQL,12.7test49,console_command_table,testmodel,engine/engines/_canonical/code/cgame/cg_consolecmds.c,8415,SOURCE_ONLY; conditional compilation not evaluated
WolfcamQL,12.7test49,console_command_table,nextframe,engine/engines/_canonical/code/cgame/cg_consolecmds.c,8416,SOURCE_ONLY; conditional compilation not evaluated
WolfcamQL,12.7test49,console_command_table,prevframe,engine/engines/_canonical/code/cgame/cg_consolecmds.c,8417,SOURCE_ONLY; conditional compilation not evaluated
WolfcamQL,12.7test49,console_command_table,nextskin,engine/engines/_canonical/code/cgame/cg_consolecmds.c,8418,SOURCE_ONLY; conditional compilation not evaluated
WolfcamQL,12.7test49,console_command_table,prevskin,engine/engines/_canonical/code/cgame/cg_consolecmds.c,8419,SOURCE_ONLY; conditional compilation not evaluated
WolfcamQL,12.7test49,console_command_table,viewpos,engine/engines/_canonical/code/cgame/cg_consolecmds.c,8420,SOURCE_ONLY; conditional compilation not evaluated
WolfcamQL,12.7test49,console_command_table,+scores,engine/engines/_canonical/code/cgame/cg_consolecmds.c,8421,SOURCE_ONLY; conditional compilation not evaluated
WolfcamQL,12.7test49,console_command_table,-scores,engine/engines/_canonical/code/cgame/cg_consolecmds.c,8422,SOURCE_ONLY; conditional compilation not evaluated
WolfcamQL,12.7test49,console_command_table,+acc,engine/engines/_canonical/code/cgame/cg_consolecmds.c,8423,SOURCE_ONLY; conditional compilation not evaluated
WolfcamQL,12.7test49,console_command_table,-acc,engine/engines/_canonical/code/cgame/cg_consolecmds.c,8424,SOURCE_ONLY; conditional compilation not evaluated
WolfcamQL,12.7test49,console_command_table,+zoom,engine/engines/_canonical/code/cgame/cg_consolecmds.c,8425,SOURCE_ONLY; conditional compilation not evaluated
WolfcamQL,12.7test49,console_command_table,-zoom,engine/engines/_canonical/code/cgame/cg_consolecmds.c,8426,SOURCE_ONLY; conditional compilation not evaluated
WolfcamQL,12.7test49,console_command_table,sizeup,engine/engines/_canonical/code/cgame/cg_consolecmds.c,8427,SOURCE_ONLY; conditional compilation not evaluated
WolfcamQL,12.7test49,console_command_table,sizedown,engine/engines/_canonical/code/cgame/cg_consolecmds.c,8428,SOURCE_ONLY; conditional compilation not evaluated
WolfcamQL,12.7test49,console_command_table,weapnext,engine/engines/_canonical/code/cgame/cg_consolecmds.c,8429,SOURCE_ONLY; conditional compilation not evaluated
WolfcamQL,12.7test49,console_command_table,weapprev,engine/engines/_canonical/code/cgame/cg_consolecmds.c,8430,SOURCE_ONLY; conditional compilation not evaluated
WolfcamQL,12.7test49,console_command_table,weapon,engine/engines/_canonical/code/cgame/cg_consolecmds.c,8431,SOURCE_ONLY; conditional compilation not evaluated
WolfcamQL,12.7test49,console_command_table,tcmd,engine/engines/_canonical/code/cgame/cg_consolecmds.c,8432,SOURCE_ONLY; conditional compilation not evaluated
WolfcamQL,12.7test49,console_command_table,tell_target,engine/engines/_canonical/code/cgame/cg_consolecmds.c,8433,SOURCE_ONLY; conditional compilation not evaluated
WolfcamQL,12.7test49,console_command_table,tell_attacker,engine/engines/_canonical/code/cgame/cg_consolecmds.c,8434,SOURCE_ONLY; conditional compilation not evaluated
WolfcamQL,12.7test49,console_command_table,vtell_target,engine/engines/_canonical/code/cgame/cg_consolecmds.c,8436,SOURCE_ONLY; conditional compilation not evaluated
WolfcamQL,12.7test49,console_command_table,vtell_attacker,engine/engines/_canonical/code/cgame/cg_consolecmds.c,8437,SOURCE_ONLY; conditional compilation not evaluated
WolfcamQL,12.7test49,console_command_table,loadhud,engine/engines/_canonical/code/cgame/cg_consolecmds.c,8439,SOURCE_ONLY; conditional compilation not evaluated
WolfcamQL,12.7test49,console_command_table,nextTeamMember,engine/engines/_canonical/code/cgame/cg_consolecmds.c,8441,SOURCE_ONLY; conditional compilation not evaluated
WolfcamQL,12.7test49,console_command_table,prevTeamMember,engine/engines/_canonical/code/cgame/cg_consolecmds.c,8442,SOURCE_ONLY; conditional compilation not evaluated
WolfcamQL,12.7test49,console_command_table,nextOrder,engine/engines/_canonical/code/cgame/cg_consolecmds.c,8443,SOURCE_ONLY; conditional compilation not evaluated
WolfcamQL,12.7test49,console_command_table,confirmOrder,engine/engines/_canonical/code/cgame/cg_consolecmds.c,8444,SOURCE_ONLY; conditional compilation not evaluated
WolfcamQL,12.7test49,console_command_table,denyOrder,engine/engines/_canonical/code/cgame/cg_consolecmds.c,8445,SOURCE_ONLY; conditional compilation not evaluated
WolfcamQL,12.7test49,console_command_table,taskOffense,engine/engines/_canonical/code/cgame/cg_consolecmds.c,8446,SOURCE_ONLY; conditional compilation not evaluated
WolfcamQL,12.7test49,console_command_table,taskDefense,engine/engines/_canonical/code/cgame/cg_consolecmds.c,8447,SOURCE_ONLY; conditional compilation not evaluated
WolfcamQL,12.7test49,console_command_table,taskPatrol,engine/engines/_canonical/code/cgame/cg_consolecmds.c,8448,SOURCE_ONLY; conditional compilation not evaluated
WolfcamQL,12.7test49,console_command_table,taskCamp,engine/engines/_canonical/code/cgame/cg_consolecmds.c,8449,SOURCE_ONLY; conditional compilation not evaluated
WolfcamQL,12.7test49,console_command_table,taskFollow,engine/engines/_canonical/code/cgame/cg_consolecmds.c,8450,SOURCE_ONLY; conditional compilation not evaluated
WolfcamQL,12.7test49,console_command_table,taskRetrieve,engine/engines/_canonical/code/cgame/cg_consolecmds.c,8451,SOURCE_ONLY; conditional compilation not evaluated
WolfcamQL,12.7test49,console_command_table,taskEscort,engine/engines/_canonical/code/cgame/cg_consolecmds.c,8452,SOURCE_ONLY; conditional compilation not evaluated
WolfcamQL,12.7test49,console_command_table,taskSuicide,engine/engines/_canonical/code/cgame/cg_consolecmds.c,8453,SOURCE_ONLY; conditional compilation not evaluated
WolfcamQL,12.7test49,console_command_table,taskOwnFlag,engine/engines/_canonical/code/cgame/cg_consolecmds.c,8454,SOURCE_ONLY; conditional compilation not evaluated
WolfcamQL,12.7test49,console_command_table,tauntKillInsult,engine/engines/_canonical/code/cgame/cg_consolecmds.c,8455,SOURCE_ONLY; conditional compilation not evaluated
WolfcamQL,12.7test49,console_command_table,tauntPraise,engine/engines/_canonical/code/cgame/cg_consolecmds.c,8456,SOURCE_ONLY; conditional compilation not evaluated
WolfcamQL,12.7test49,console_command_table,tauntTaunt,engine/engines/_canonical/code/cgame/cg_consolecmds.c,8457,SOURCE_ONLY; conditional compilation not evaluated
WolfcamQL,12.7test49,console_command_table,tauntDeathInsult,engine/engines/_canonical/code/cgame/cg_consolecmds.c,8458,SOURCE_ONLY; conditional compilation not evaluated
WolfcamQL,12.7test49,console_command_table,tauntGauntlet,engine/engines/_canonical/code/cgame/cg_consolecmds.c,8459,SOURCE_ONLY; conditional compilation not evaluated
WolfcamQL,12.7test49,console_command_table,spWin,engine/engines/_canonical/code/cgame/cg_consolecmds.c,8460,SOURCE_ONLY; conditional compilation not evaluated
WolfcamQL,12.7test49,console_command_table,spLose,engine/engines/_canonical/code/cgame/cg_consolecmds.c,8461,SOURCE_ONLY; conditional compilation not evaluated
WolfcamQL,12.7test49,console_command_table,scoresDown,engine/engines/_canonical/code/cgame/cg_consolecmds.c,8463,SOURCE_ONLY; conditional compilation not evaluated
WolfcamQL,12.7test49,console_command_table,scoresUp,engine/engines/_canonical/code/cgame/cg_consolecmds.c,8464,SOURCE_ONLY; conditional compilation not evaluated
WolfcamQL,12.7test49,console_command_table,startOrbit,engine/engines/_canonical/code/cgame/cg_consolecmds.c,8465,SOURCE_ONLY; conditional compilation not evaluated
WolfcamQL,12.7test49,console_command_table,idcamera,engine/engines/_canonical/code/cgame/cg_consolecmds.c,8466,SOURCE_ONLY; conditional compilation not evaluated
WolfcamQL,12.7test49,console_command_table,stopidcamera,engine/engines/_canonical/code/cgame/cg_consolecmds.c,8467,SOURCE_ONLY; conditional compilation not evaluated
WolfcamQL,12.7test49,console_command_table,loaddeferred,engine/engines/_canonical/code/cgame/cg_consolecmds.c,8468,SOURCE_ONLY; conditional compilation not evaluated
WolfcamQL,12.7test49,console_command_table,players,engine/engines/_canonical/code/cgame/cg_consolecmds.c,8469,SOURCE_ONLY; conditional compilation not evaluated
WolfcamQL,12.7test49,console_command_table,playersw,engine/engines/_canonical/code/cgame/cg_consolecmds.c,8470,SOURCE_ONLY; conditional compilation not evaluated
WolfcamQL,12.7test49,console_command_table,follow,engine/engines/_canonical/code/cgame/cg_consolecmds.c,8471,SOURCE_ONLY; conditional compilation not evaluated
WolfcamQL,12.7test49,console_command_table,wcstats,engine/engines/_canonical/code/cgame/cg_consolecmds.c,8472,SOURCE_ONLY; conditional compilation not evaluated
WolfcamQL,12.7test49,console_command_table,wcstatsall,engine/engines/_canonical/code/cgame/cg_consolecmds.c,8473,SOURCE_ONLY; conditional compilation not evaluated
WolfcamQL,12.7test49,console_command_table,wcstatsresetall,engine/engines/_canonical/code/cgame/cg_consolecmds.c,8474,SOURCE_ONLY; conditional compilation not evaluated
WolfcamQL,12.7test49,console_command_table,listplayermodels,engine/engines/_canonical/code/cgame/cg_consolecmds.c,8475,SOURCE_ONLY; conditional compilation not evaluated
WolfcamQL,12.7test49,console_command_table,listtimeditems,engine/engines/_canonical/code/cgame/cg_consolecmds.c,8476,SOURCE_ONLY; conditional compilation not evaluated
WolfcamQL,12.7test49,console_command_table,loadmenu,engine/engines/_canonical/code/cgame/cg_consolecmds.c,8477,SOURCE_ONLY; conditional compilation not evaluated
WolfcamQL,12.7test49,console_command_table,freecam,engine/engines/_canonical/code/cgame/cg_consolecmds.c,8478,SOURCE_ONLY; conditional compilation not evaluated
WolfcamQL,12.7test49,console_command_table,setviewpos,engine/engines/_canonical/code/cgame/cg_consolecmds.c,8479,SOURCE_ONLY; conditional compilation not evaluated
WolfcamQL,12.7test49,console_command_table,freecamsetpos,engine/engines/_canonical/code/cgame/cg_consolecmds.c,8480,SOURCE_ONLY; conditional compilation not evaluated
WolfcamQL,12.7test49,console_command_table,setviewangles,engine/engines/_canonical/code/cgame/cg_consolecmds.c,8481,SOURCE_ONLY; conditional compilation not evaluated
WolfcamQL,12.7test49,console_command_table,seekclock,engine/engines/_canonical/code/cgame/cg_consolecmds.c,8482,SOURCE_ONLY; conditional compilation not evaluated
WolfcamQL,12.7test49,console_command_table,echopopup,engine/engines/_canonical/code/cgame/cg_consolecmds.c,8483,SOURCE_ONLY; conditional compilation not evaluated
WolfcamQL,12.7test49,console_command_table,echopopupclear,engine/engines/_canonical/code/cgame/cg_consolecmds.c,8484,SOURCE_ONLY; conditional compilation not evaluated
WolfcamQL,12.7test49,console_command_table,echopopupcvar,engine/engines/_canonical/code/cgame/cg_consolecmds.c,8485,SOURCE_ONLY; conditional compilation not evaluated
WolfcamQL,12.7test49,console_command_table,listentities,engine/engines/_canonical/code/cgame/cg_consolecmds.c,8486,SOURCE_ONLY; conditional compilation not evaluated
WolfcamQL,12.7test49,console_command_table,printentitystate,engine/engines/_canonical/code/cgame/cg_consolecmds.c,8487,SOURCE_ONLY; conditional compilation not evaluated
WolfcamQL,12.7test49,console_command_table,printnextentitystate,engine/engines/_canonical/code/cgame/cg_consolecmds.c,8488,SOURCE_ONLY; conditional compilation not evaluated
WolfcamQL,12.7test49,console_command_table,clearfragmessage,engine/engines/_canonical/code/cgame/cg_consolecmds.c,8489,SOURCE_ONLY; conditional compilation not evaluated
WolfcamQL,12.7test49,console_command_table,view,engine/engines/_canonical/code/cgame/cg_consolecmds.c,8490,SOURCE_ONLY; conditional compilation not evaluated
WolfcamQL,12.7test49,console_command_table,viewunlockyaw,engine/engines/_canonical/code/cgame/cg_consolecmds.c,8491,SOURCE_ONLY; conditional compilation not evaluated
WolfcamQL,12.7test49,console_command_table,viewunlockpitch,engine/engines/_canonical/code/cgame/cg_consolecmds.c,8492,SOURCE_ONLY; conditional compilation not evaluated
WolfcamQL,12.7test49,console_command_table,gotoview,engine/engines/_canonical/code/cgame/cg_consolecmds.c,8493,SOURCE_ONLY; conditional compilation not evaluated
WolfcamQL,12.7test49,console_command_table,stopmovement,engine/engines/_canonical/code/cgame/cg_consolecmds.c,8495,SOURCE_ONLY; conditional compilation not evaluated
WolfcamQL,12.7test49,console_command_table,servertime,engine/engines/_canonical/code/cgame/cg_consolecmds.c,8496,SOURCE_ONLY; conditional compilation not evaluated
WolfcamQL,12.7test49,console_command_table,dumpstats,engine/engines/_canonical/code/cgame/cg_consolecmds.c,8498,SOURCE_ONLY; conditional compilation not evaluated
WolfcamQL,12.7test49,console_command_table,setloopstart,engine/engines/_canonical/code/cgame/cg_consolecmds.c,8499,SOURCE_ONLY; conditional compilation not evaluated
WolfcamQL,12.7test49,console_command_table,setloopend,engine/engines/_canonical/code/cgame/cg_consolecmds.c,8500,SOURCE_ONLY; conditional compilation not evaluated
WolfcamQL,12.7test49,console_command_table,loop,engine/engines/_canonical/code/cgame/cg_consolecmds.c,8501,SOURCE_ONLY; conditional compilation not evaluated
WolfcamQL,12.7test49,console_command_table,fragforward,engine/engines/_canonical/code/cgame/cg_consolecmds.c,8502,SOURCE_ONLY; conditional compilation not evaluated
WolfcamQL,12.7test49,console_command_table,recordpath,engine/engines/_canonical/code/cgame/cg_consolecmds.c,8504,SOURCE_ONLY; conditional compilation not evaluated
WolfcamQL,12.7test49,console_command_table,playpath,engine/engines/_canonical/code/cgame/cg_consolecmds.c,8505,SOURCE_ONLY; conditional compilation not evaluated
WolfcamQL,12.7test49,console_command_table,stopplaypath,engine/engines/_canonical/code/cgame/cg_consolecmds.c,8506,SOURCE_ONLY; conditional compilation not evaluated
WolfcamQL,12.7test49,console_command_table,centerroll,engine/engines/_canonical/code/cgame/cg_consolecmds.c,8507,SOURCE_ONLY; conditional compilation not evaluated
WolfcamQL,12.7test49,console_command_table,drawrawpath,engine/engines/_canonical/code/cgame/cg_consolecmds.c,8508,SOURCE_ONLY; conditional compilation not evaluated
WolfcamQL,12.7test49,console_command_table,chase,engine/engines/_canonical/code/cgame/cg_consolecmds.c,8509,SOURCE_ONLY; conditional compilation not evaluated
WolfcamQL,12.7test49,console_command_table,addcamerapoint,engine/engines/_canonical/code/cgame/cg_consolecmds.c,8510,SOURCE_ONLY; conditional compilation not evaluated
WolfcamQL,12.7test49,console_command_table,clearcamerapoints,engine/engines/_canonical/code/cgame/cg_consolecmds.c,8511,SOURCE_ONLY; conditional compilation not evaluated
WolfcamQL,12.7test49,console_command_table,playcamera,engine/engines/_canonical/code/cgame/cg_consolecmds.c,8512,SOURCE_ONLY; conditional compilation not evaluated
WolfcamQL,12.7test49,console_command_table,stopcamera,engine/engines/_canonical/code/cgame/cg_consolecmds.c,8513,SOURCE_ONLY; conditional compilation not evaluated
WolfcamQL,12.7test49,console_command_table,savecamera,engine/engines/_canonical/code/cgame/cg_consolecmds.c,8514,SOURCE_ONLY; conditional compilation not evaluated
WolfcamQL,12.7test49,console_command_table,camtracesave,engine/engines/_canonical/code/cgame/cg_consolecmds.c,8515,SOURCE_ONLY; conditional compilation not evaluated
WolfcamQL,12.7test49,console_command_table,loadcamera,engine/engines/_canonical/code/cgame/cg_consolecmds.c,8516,SOURCE_ONLY; conditional compilation not evaluated
WolfcamQL,12.7test49,console_command_table,selectcamerapoint,engine/engines/_canonical/code/cgame/cg_consolecmds.c,8517,SOURCE_ONLY; conditional compilation not evaluated
WolfcamQL,12.7test49,console_command_table,deletecamerapoint,engine/engines/_canonical/code/cgame/cg_consolecmds.c,8518,SOURCE_ONLY; conditional compilation not evaluated
WolfcamQL,12.7test49,console_command_table,editcamerapoint,engine/engines/_canonical/code/cgame/cg_consolecmds.c,8520,SOURCE_ONLY; conditional compilation not evaluated
WolfcamQL,12.7test49,console_command_table,ecam,engine/engines/_canonical/code/cgame/cg_consolecmds.c,8522,SOURCE_ONLY; conditional compilation not evaluated
WolfcamQL,12.7test49,console_command_table,setviewpointmark,engine/engines/_canonical/code/cgame/cg_consolecmds.c,8523,SOURCE_ONLY; conditional compilation not evaluated
WolfcamQL,12.7test49,console_command_table,gotoviewpointmark,engine/engines/_canonical/code/cgame/cg_consolecmds.c,8525,SOURCE_ONLY; conditional compilation not evaluated
WolfcamQL,12.7test49,console_command_table,nextfield,engine/engines/_canonical/code/cgame/cg_consolecmds.c,8531,SOURCE_ONLY; conditional compilation not evaluated
WolfcamQL,12.7test49,console_command_table,prevfield,engine/engines/_canonical/code/cgame/cg_consolecmds.c,8532,SOURCE_ONLY; conditional compilation not evaluated
WolfcamQL,12.7test49,console_command_table,changefield,engine/engines/_canonical/code/cgame/cg_consolecmds.c,8533,SOURCE_ONLY; conditional compilation not evaluated
WolfcamQL,12.7test49,console_command_table,fxmath,engine/engines/_canonical/code/cgame/cg_consolecmds.c,8534,SOURCE_ONLY; conditional compilation not evaluated
WolfcamQL,12.7test49,console_command_table,fxload,engine/engines/_canonical/code/cgame/cg_consolecmds.c,8535,SOURCE_ONLY; conditional compilation not evaluated
WolfcamQL,12.7test49,console_command_table,vibrate,engine/engines/_canonical/code/cgame/cg_consolecmds.c,8536,SOURCE_ONLY; conditional compilation not evaluated
WolfcamQL,12.7test49,console_command_table,localents,engine/engines/_canonical/code/cgame/cg_consolecmds.c,8537,SOURCE_ONLY; conditional compilation not evaluated
WolfcamQL,12.7test49,console_command_table,clearfx,engine/engines/_canonical/code/cgame/cg_consolecmds.c,8538,SOURCE_ONLY; conditional compilation not evaluated
WolfcamQL,12.7test49,console_command_table,gotoad,engine/engines/_canonical/code/cgame/cg_consolecmds.c,8539,SOURCE_ONLY; conditional compilation not evaluated
WolfcamQL,12.7test49,console_command_table,clientoverride,engine/engines/_canonical/code/cgame/cg_consolecmds.c,8540,SOURCE_ONLY; conditional compilation not evaluated
WolfcamQL,12.7test49,console_command_table,testmenu,engine/engines/_canonical/code/cgame/cg_consolecmds.c,8541,SOURCE_ONLY; conditional compilation not evaluated
WolfcamQL,12.7test49,console_command_table,printplayerstate,engine/engines/_canonical/code/cgame/cg_consolecmds.c,8542,SOURCE_ONLY; conditional compilation not evaluated
WolfcamQL,12.7test49,console_command_table,clearscene,engine/engines/_canonical/code/cgame/cg_consolecmds.c,8543,SOURCE_ONLY; conditional compilation not evaluated
WolfcamQL,12.7test49,console_command_table,+info,engine/engines/_canonical/code/cgame/cg_consolecmds.c,8544,SOURCE_ONLY; conditional compilation not evaluated
WolfcamQL,12.7test49,console_command_table,-info,engine/engines/_canonical/code/cgame/cg_consolecmds.c,8545,SOURCE_ONLY; conditional compilation not evaluated
WolfcamQL,12.7test49,console_command_table,at,engine/engines/_canonical/code/cgame/cg_consolecmds.c,8546,SOURCE_ONLY; conditional compilation not evaluated
WolfcamQL,12.7test49,console_command_table,listat,engine/engines/_canonical/code/cgame/cg_consolecmds.c,8547,SOURCE_ONLY; conditional compilation not evaluated
WolfcamQL,12.7test49,console_command_table,clearat,engine/engines/_canonical/code/cgame/cg_consolecmds.c,8548,SOURCE_ONLY; conditional compilation not evaluated
WolfcamQL,12.7test49,console_command_table,removeat,engine/engines/_canonical/code/cgame/cg_consolecmds.c,8549,SOURCE_ONLY; conditional compilation not evaluated
WolfcamQL,12.7test49,console_command_table,saveat,engine/engines/_canonical/code/cgame/cg_consolecmds.c,8550,SOURCE_ONLY; conditional compilation not evaluated
WolfcamQL,12.7test49,console_command_table,exec_at_time,engine/engines/_canonical/code/cgame/cg_consolecmds.c,8551,SOURCE_ONLY; conditional compilation not evaluated
WolfcamQL,12.7test49,console_command_table,entityfilter,engine/engines/_canonical/code/cgame/cg_consolecmds.c,8552,SOURCE_ONLY; conditional compilation not evaluated
WolfcamQL,12.7test49,console_command_table,listentityfilter,engine/engines/_canonical/code/cgame/cg_consolecmds.c,8553,SOURCE_ONLY; conditional compilation not evaluated
WolfcamQL,12.7test49,console_command_table,entityfreeze,engine/engines/_canonical/code/cgame/cg_consolecmds.c,8554,SOURCE_ONLY; conditional compilation not evaluated
WolfcamQL,12.7test49,console_command_table,listentityfreeze,engine/engines/_canonical/code/cgame/cg_consolecmds.c,8555,SOURCE_ONLY; conditional compilation not evaluated
WolfcamQL,12.7test49,console_command_table,printjumps,engine/engines/_canonical/code/cgame/cg_consolecmds.c,8556,SOURCE_ONLY; conditional compilation not evaluated
WolfcamQL,12.7test49,console_command_table,clearjumps,engine/engines/_canonical/code/cgame/cg_consolecmds.c,8557,SOURCE_ONLY; conditional compilation not evaluated
WolfcamQL,12.7test49,console_command_table,+mouseseek,engine/engines/_canonical/code/cgame/cg_consolecmds.c,8558,SOURCE_ONLY; conditional compilation not evaluated
WolfcamQL,12.7test49,console_command_table,-mouseseek,engine/engines/_canonical/code/cgame/cg_consolecmds.c,8559,SOURCE_ONLY; conditional compilation not evaluated
WolfcamQL,12.7test49,console_command_table,printlegsinfo,engine/engines/_canonical/code/cgame/cg_consolecmds.c,8560,SOURCE_ONLY; conditional compilation not evaluated
WolfcamQL,12.7test49,console_command_table,+chat,engine/engines/_canonical/code/cgame/cg_consolecmds.c,8561,SOURCE_ONLY; conditional compilation not evaluated
WolfcamQL,12.7test49,console_command_table,-chat,engine/engines/_canonical/code/cgame/cg_consolecmds.c,8562,SOURCE_ONLY; conditional compilation not evaluated
WolfcamQL,12.7test49,console_command_table,addchatline,engine/engines/_canonical/code/cgame/cg_consolecmds.c,8563,SOURCE_ONLY; conditional compilation not evaluated
WolfcamQL,12.7test49,console_command_table,cvarinterp,engine/engines/_canonical/code/cgame/cg_consolecmds.c,8564,SOURCE_ONLY; conditional compilation not evaluated
WolfcamQL,12.7test49,console_command_table,clearcvarinterp,engine/engines/_canonical/code/cgame/cg_consolecmds.c,8565,SOURCE_ONLY; conditional compilation not evaluated
WolfcamQL,12.7test49,console_command_table,changeconfigstring,engine/engines/_canonical/code/cgame/cg_consolecmds.c,8566,SOURCE_ONLY; conditional compilation not evaluated
WolfcamQL,12.7test49,console_command_table,cconfigstrings,engine/engines/_canonical/code/cgame/cg_consolecmds.c,8567,SOURCE_ONLY; conditional compilation not evaluated
WolfcamQL,12.7test49,console_command_table,g_fov,engine/engines/_canonical/code/cgame/cg_consolecmds.c,8568,SOURCE_ONLY; conditional compilation not evaluated
WolfcamQL,12.7test49,console_command_table,demo_scale,engine/engines/_canonical/code/cgame/cg_consolecmds.c,8569,SOURCE_ONLY; conditional compilation not evaluated
WolfcamQL,12.7test49,console_command_table,freecamlookatplayer,engine/engines/_canonical/code/cgame/cg_consolecmds.c,8570,SOURCE_ONLY; conditional compilation not evaluated
WolfcamQL,12.7test49,console_command_table,remapshader,engine/engines/_canonical/code/cgame/cg_consolecmds.c,8571,SOURCE_ONLY; conditional compilation not evaluated
WolfcamQL,12.7test49,console_command_table,clearremappedshader,engine/engines/_canonical/code/cgame/cg_consolecmds.c,8572,SOURCE_ONLY; conditional compilation not evaluated
WolfcamQL,12.7test49,console_command_table,move,engine/engines/_canonical/code/cgame/cg_consolecmds.c,8573,SOURCE_ONLY; conditional compilation not evaluated
WolfcamQL,12.7test49,console_command_table,moveoffset,engine/engines/_canonical/code/cgame/cg_consolecmds.c,8574,SOURCE_ONLY; conditional compilation not evaluated
WolfcamQL,12.7test49,console_command_table,addmirrorsurface,engine/engines/_canonical/code/cgame/cg_consolecmds.c,8575,SOURCE_ONLY; conditional compilation not evaluated
WolfcamQL,12.7test49,console_command_table,dumpents,engine/engines/_canonical/code/cgame/cg_consolecmds.c,8576,SOURCE_ONLY; conditional compilation not evaluated
WolfcamQL,12.7test49,console_command_table,stopdumpents,engine/engines/_canonical/code/cgame/cg_consolecmds.c,8577,SOURCE_ONLY; conditional compilation not evaluated
WolfcamQL,12.7test49,console_command_table,runfx,engine/engines/_canonical/code/cgame/cg_consolecmds.c,8578,SOURCE_ONLY; conditional compilation not evaluated
WolfcamQL,12.7test49,console_command_table,runfxat,engine/engines/_canonical/code/cgame/cg_consolecmds.c,8579,SOURCE_ONLY; conditional compilation not evaluated
WolfcamQL,12.7test49,console_command_table,runfxall,engine/engines/_canonical/code/cgame/cg_consolecmds.c,8580,SOURCE_ONLY; conditional compilation not evaluated
WolfcamQL,12.7test49,console_command_table,listfxscripts,engine/engines/_canonical/code/cgame/cg_consolecmds.c,8581,SOURCE_ONLY; conditional compilation not evaluated
WolfcamQL,12.7test49,console_command_table,printdirvector,engine/engines/_canonical/code/cgame/cg_consolecmds.c,8582,SOURCE_ONLY; conditional compilation not evaluated
WolfcamQL,12.7test49,console_command_table,eventfilter,engine/engines/_canonical/code/cgame/cg_consolecmds.c,8584,SOURCE_ONLY; conditional compilation not evaluated
WolfcamQL,12.7test49,console_command_table,listeventfilter,engine/engines/_canonical/code/cgame/cg_consolecmds.c,8585,SOURCE_ONLY; conditional compilation not evaluated
WolfcamQL,12.7test49,console_command_table,adddecal,engine/engines/_canonical/code/cgame/cg_consolecmds.c,8586,SOURCE_ONLY; conditional compilation not evaluated
WolfcamQL,12.7test49,console_command_table,printtime,engine/engines/_canonical/code/cgame/cg_consolecmds.c,8587,SOURCE_ONLY; conditional compilation not evaluated
WolfcamQL,12.7test49,console_command_table,killcountreset,engine/engines/_canonical/code/cgame/cg_consolecmds.c,8588,SOURCE_ONLY; conditional compilation not evaluated
WolfcamQL,12.7test49,console_command_table,printentitydistance,engine/engines/_canonical/code/cgame/cg_consolecmds.c,8589,SOURCE_ONLY; conditional compilation not evaluated
WolfcamQL,12.7test49,console_command_table,q3mmecamera,engine/engines/_canonical/code/cgame/cg_consolecmds.c,8590,SOURCE_ONLY; conditional compilation not evaluated
WolfcamQL,12.7test49,console_command_table,playq3mmecamera,engine/engines/_canonical/code/cgame/cg_consolecmds.c,8592,SOURCE_ONLY; conditional compilation not evaluated
WolfcamQL,12.7test49,console_command_table,stopq3mmecamera,engine/engines/_canonical/code/cgame/cg_consolecmds.c,8593,SOURCE_ONLY; conditional compilation not evaluated
WolfcamQL,12.7test49,console_command_table,saveq3mmecamera,engine/engines/_canonical/code/cgame/cg_consolecmds.c,8594,SOURCE_ONLY; conditional compilation not evaluated
WolfcamQL,12.7test49,console_command_table,loadq3mmecamera,engine/engines/_canonical/code/cgame/cg_consolecmds.c,8595,SOURCE_ONLY; conditional compilation not evaluated
WolfcamQL,12.7test49,console_command_table,dof,engine/engines/_canonical/code/cgame/cg_consolecmds.c,8596,SOURCE_ONLY; conditional compilation not evaluated
WolfcamQL,12.7test49,console_command_table,saveq3mmedof,engine/engines/_canonical/code/cgame/cg_consolecmds.c,8597,SOURCE_ONLY; conditional compilation not evaluated
WolfcamQL,12.7test49,console_command_table,loadq3mmedof,engine/engines/_canonical/code/cgame/cg_consolecmds.c,8598,SOURCE_ONLY; conditional compilation not evaluated
WolfcamQL,12.7test49,console_command_table,seeknextround,engine/engines/_canonical/code/cgame/cg_consolecmds.c,8600,SOURCE_ONLY; conditional compilation not evaluated
WolfcamQL,12.7test49,console_command_table,seekprevround,engine/engines/_canonical/code/cgame/cg_consolecmds.c,8601,SOURCE_ONLY; conditional compilation not evaluated
WolfcamQL,12.7test49,console_command_table,debugcpmamvd,engine/engines/_canonical/code/cgame/cg_consolecmds.c,8602,SOURCE_ONLY; conditional compilation not evaluated
WolfcamQL,12.7test49,console_command_table,centerprint,engine/engines/_canonical/code/cgame/cg_consolecmds.c,8603,SOURCE_ONLY; conditional compilation not evaluated
WolfcamQL,12.7test49,console_command_table,resetcenterprinttime,engine/engines/_canonical/code/cgame/cg_consolecmds.c,8604,SOURCE_ONLY; conditional compilation not evaluated
WolfcamQL,12.7test49,trap_AddCommand,kill,engine/engines/_canonical/code/cgame/cg_consolecmds.c,8653,SOURCE_ONLY; conditional compilation not evaluated
WolfcamQL,12.7test49,trap_AddCommand,say,engine/engines/_canonical/code/cgame/cg_consolecmds.c,8654,SOURCE_ONLY; conditional compilation not evaluated
WolfcamQL,12.7test49,trap_AddCommand,say_team,engine/engines/_canonical/code/cgame/cg_consolecmds.c,8655,SOURCE_ONLY; conditional compilation not evaluated
WolfcamQL,12.7test49,trap_AddCommand,tell,engine/engines/_canonical/code/cgame/cg_consolecmds.c,8656,SOURCE_ONLY; conditional compilation not evaluated
WolfcamQL,12.7test49,trap_AddCommand,vsay,engine/engines/_canonical/code/cgame/cg_consolecmds.c,8658,SOURCE_ONLY; conditional compilation not evaluated
WolfcamQL,12.7test49,trap_AddCommand,vsay_team,engine/engines/_canonical/code/cgame/cg_consolecmds.c,8659,SOURCE_ONLY; conditional compilation not evaluated
WolfcamQL,12.7test49,trap_AddCommand,vtell,engine/engines/_canonical/code/cgame/cg_consolecmds.c,8660,SOURCE_ONLY; conditional compilation not evaluated
WolfcamQL,12.7test49,trap_AddCommand,vtaunt,engine/engines/_canonical/code/cgame/cg_consolecmds.c,8661,SOURCE_ONLY; conditional compilation not evaluated
WolfcamQL,12.7test49,trap_AddCommand,vosay,engine/engines/_canonical/code/cgame/cg_consolecmds.c,8662,SOURCE_ONLY; conditional compilation not evaluated
WolfcamQL,12.7test49,trap_AddCommand,vosay_team,engine/engines/_canonical/code/cgame/cg_consolecmds.c,8663,SOURCE_ONLY; conditional compilation not evaluated
WolfcamQL,12.7test49,trap_AddCommand,votell,engine/engines/_canonical/code/cgame/cg_consolecmds.c,8664,SOURCE_ONLY; conditional compilation not evaluated
WolfcamQL,12.7test49,trap_AddCommand,give,engine/engines/_canonical/code/cgame/cg_consolecmds.c,8666,SOURCE_ONLY; conditional compilation not evaluated
WolfcamQL,12.7test49,trap_AddCommand,god,engine/engines/_canonical/code/cgame/cg_consolecmds.c,8667,SOURCE_ONLY; conditional compilation not evaluated
WolfcamQL,12.7test49,trap_AddCommand,notarget,engine/engines/_canonical/code/cgame/cg_consolecmds.c,8668,SOURCE_ONLY; conditional compilation not evaluated
WolfcamQL,12.7test49,trap_AddCommand,noclip,engine/engines/_canonical/code/cgame/cg_consolecmds.c,8669,SOURCE_ONLY; conditional compilation not evaluated
WolfcamQL,12.7test49,trap_AddCommand,where,engine/engines/_canonical/code/cgame/cg_consolecmds.c,8670,SOURCE_ONLY; conditional compilation not evaluated
WolfcamQL,12.7test49,trap_AddCommand,team,engine/engines/_canonical/code/cgame/cg_consolecmds.c,8671,SOURCE_ONLY; conditional compilation not evaluated
WolfcamQL,12.7test49,trap_AddCommand,follow,engine/engines/_canonical/code/cgame/cg_consolecmds.c,8672,SOURCE_ONLY; conditional compilation not evaluated
WolfcamQL,12.7test49,trap_AddCommand,follownext,engine/engines/_canonical/code/cgame/cg_consolecmds.c,8673,SOURCE_ONLY; conditional compilation not evaluated
WolfcamQL,12.7test49,trap_AddCommand,followprev,engine/engines/_canonical/code/cgame/cg_consolecmds.c,8674,SOURCE_ONLY; conditional compilation not evaluated
WolfcamQL,12.7test49,trap_AddCommand,levelshot,engine/engines/_canonical/code/cgame/cg_consolecmds.c,8675,SOURCE_ONLY; conditional compilation not evaluated
WolfcamQL,12.7test49,trap_AddCommand,addbot,engine/engines/_canonical/code/cgame/cg_consolecmds.c,8676,SOURCE_ONLY; conditional compilation not evaluated
WolfcamQL,12.7test49,trap_AddCommand,setviewpos,engine/engines/_canonical/code/cgame/cg_consolecmds.c,8677,SOURCE_ONLY; conditional compilation not evaluated
WolfcamQL,12.7test49,trap_AddCommand,callvote,engine/engines/_canonical/code/cgame/cg_consolecmds.c,8678,SOURCE_ONLY; conditional compilation not evaluated
WolfcamQL,12.7test49,trap_AddCommand,vote,engine/engines/_canonical/code/cgame/cg_consolecmds.c,8679,SOURCE_ONLY; conditional compilation not evaluated
WolfcamQL,12.7test49,trap_AddCommand,callteamvote,engine/engines/_canonical/code/cgame/cg_consolecmds.c,8680,SOURCE_ONLY; conditional compilation not evaluated
WolfcamQL,12.7test49,trap_AddCommand,teamvote,engine/engines/_canonical/code/cgame/cg_consolecmds.c,8681,SOURCE_ONLY; conditional compilation not evaluated
WolfcamQL,12.7test49,trap_AddCommand,stats,engine/engines/_canonical/code/cgame/cg_consolecmds.c,8682,SOURCE_ONLY; conditional compilation not evaluated
WolfcamQL,12.7test49,trap_AddCommand,teamtask,engine/engines/_canonical/code/cgame/cg_consolecmds.c,8683,SOURCE_ONLY; conditional compilation not evaluated
WolfcamQL,12.7test49,trap_AddCommand,loaddefered,engine/engines/_canonical/code/cgame/cg_consolecmds.c,8684,SOURCE_ONLY; conditional compilation not evaluated
WolfcamQL,12.7test49,cvar_table,cg_ignore,engine/engines/_canonical/code/cgame/cg_main.c,1370,SOURCE_ONLY; conditional compilation not evaluated
WolfcamQL,12.7test49,cvar_table,cg_autoswitch,engine/engines/_canonical/code/cgame/cg_main.c,1371,SOURCE_ONLY; conditional compilation not evaluated
WolfcamQL,12.7test49,cvar_table,cg_drawGun,engine/engines/_canonical/code/cgame/cg_main.c,1372,SOURCE_ONLY; conditional compilation not evaluated
WolfcamQL,12.7test49,cvar_table,cg_zoomFov,engine/engines/_canonical/code/cgame/cg_main.c,1373,SOURCE_ONLY; conditional compilation not evaluated
WolfcamQL,12.7test49,cvar_table,cg_zoomTime,engine/engines/_canonical/code/cgame/cg_main.c,1374,SOURCE_ONLY; conditional compilation not evaluated
WolfcamQL,12.7test49,cvar_table,cg_zoomIgnoreTimescale,engine/engines/_canonical/code/cgame/cg_main.c,1375,SOURCE_ONLY; conditional compilation not evaluated
WolfcamQL,12.7test49,cvar_table,cg_zoomBroken,engine/engines/_canonical/code/cgame/cg_main.c,1376,SOURCE_ONLY; conditional compilation not evaluated
WolfcamQL,12.7test49,cvar_table,cg_fov,engine/engines/_canonical/code/cgame/cg_main.c,1377,SOURCE_ONLY; conditional compilation not evaluated
WolfcamQL,12.7test49,cvar_table,cg_fovy,engine/engines/_canonical/code/cgame/cg_main.c,1378,SOURCE_ONLY; conditional compilation not evaluated
WolfcamQL,12.7test49,cvar_table,cg_fovStyle,engine/engines/_canonical/code/cgame/cg_main.c,1379,SOURCE_ONLY; conditional compilation not evaluated
WolfcamQL,12.7test49,cvar_table,cg_fovIntermission,engine/engines/_canonical/code/cgame/cg_main.c,1382,SOURCE_ONLY; conditional compilation not evaluated
WolfcamQL,12.7test49,cvar_table,cg_viewsize,engine/engines/_canonical/code/cgame/cg_main.c,1383,SOURCE_ONLY; conditional compilation not evaluated
WolfcamQL,12.7test49,cvar_table,cg_stereoSeparation,engine/engines/_canonical/code/cgame/cg_main.c,1384,SOURCE_ONLY; conditional compilation not evaluated
WolfcamQL,12.7test49,cvar_table,cg_shadows,engine/engines/_canonical/code/cgame/cg_main.c,1385,SOURCE_ONLY; conditional compilation not evaluated
WolfcamQL,12.7test49,cvar_table,10,engine/engines/_canonical/code/cgame/cg_main.c,1386,SOURCE_ONLY; conditional compilation not evaluated
WolfcamQL,12.7test49,cvar_table,cg_gibs,engine/engines/_canonical/code/cgame/cg_main.c,1387,SOURCE_ONLY; conditional compilation not evaluated
WolfcamQL,12.7test49,cvar_table,cg_gibColor,engine/engines/_canonical/code/cgame/cg_main.c,1388,SOURCE_ONLY; conditional compilation not evaluated
WolfcamQL,12.7test49,cvar_table,cg_gibJump,engine/engines/_canonical/code/cgame/cg_main.c,1389,SOURCE_ONLY; conditional compilation not evaluated
WolfcamQL,12.7test49,cvar_table,cg_gibVelocity,engine/engines/_canonical/code/cgame/cg_main.c,1390,SOURCE_ONLY; conditional compilation not evaluated
WolfcamQL,12.7test49,cvar_table,cg_gibVelocityRandomness,engine/engines/_canonical/code/cgame/cg_main.c,1391,SOURCE_ONLY; conditional compilation not evaluated
WolfcamQL,12.7test49,cvar_table,cg_gibDirScale,engine/engines/_canonical/code/cgame/cg_main.c,1392,SOURCE_ONLY; conditional compilation not evaluated
WolfcamQL,12.7test49,cvar_table,cg_gibOriginOffset,engine/engines/_canonical/code/cgame/cg_main.c,1393,SOURCE_ONLY; conditional compilation not evaluated
WolfcamQL,12.7test49,cvar_table,cg_gibOriginOffsetZ,engine/engines/_canonical/code/cgame/cg_main.c,1394,SOURCE_ONLY; conditional compilation not evaluated
WolfcamQL,12.7test49,cvar_table,cg_gibRandomness,engine/engines/_canonical/code/cgame/cg_main.c,1395,SOURCE_ONLY; conditional compilation not evaluated
WolfcamQL,12.7test49,cvar_table,cg_gibRandomnessZ,engine/engines/_canonical/code/cgame/cg_main.c,1396,SOURCE_ONLY; conditional compilation not evaluated
WolfcamQL,12.7test49,cvar_table,cg_gibTime,engine/engines/_canonical/code/cgame/cg_main.c,1397,SOURCE_ONLY; conditional compilation not evaluated
WolfcamQL,12.7test49,cvar_table,cg_gibStepTime,engine/engines/_canonical/code/cgame/cg_main.c,1398,SOURCE_ONLY; conditional compilation not evaluated
WolfcamQL,12.7test49,cvar_table,cg_gibBounceFactor,engine/engines/_canonical/code/cgame/cg_main.c,1399,SOURCE_ONLY; conditional compilation not evaluated
WolfcamQL,12.7test49,cvar_table,cg_gibGravity,engine/engines/_canonical/code/cgame/cg_main.c,1400,SOURCE_ONLY; conditional compilation not evaluated
WolfcamQL,12.7test49,cvar_table,cg_gibSparksSize,engine/engines/_canonical/code/cgame/cg_main.c,1401,SOURCE_ONLY; conditional compilation not evaluated
WolfcamQL,12.7test49,cvar_table,cg_gibSparksColor,engine/engines/_canonical/code/cgame/cg_main.c,1402,SOURCE_ONLY; conditional compilation not evaluated
WolfcamQL,12.7test49,cvar_table,cg_gibSparksHighlight,engine/engines/_canonical/code/cgame/cg_main.c,1403,SOURCE_ONLY; conditional compilation not evaluated
WolfcamQL,12.7test49,cvar_table,cg_gibFloatingVelocity,engine/engines/_canonical/code/cgame/cg_main.c,1404,SOURCE_ONLY; conditional compilation not evaluated
WolfcamQL,12.7test49,cvar_table,cg_gibFloatingRandomness,engine/engines/_canonical/code/cgame/cg_main.c,1405,SOURCE_ONLY; conditional compilation not evaluated
WolfcamQL,12.7test49,cvar_table,cg_gibFloatingOriginOffset,engine/engines/_canonical/code/cgame/cg_main.c,1406,SOURCE_ONLY; conditional compilation not evaluated
WolfcamQL,12.7test49,cvar_table,cg_gibFloatingOriginOffsetZ,engine/engines/_canonical/code/cgame/cg_main.c,1407,SOURCE_ONLY; conditional compilation not evaluated
WolfcamQL,12.7test49,cvar_table,cg_impactSparks,engine/engines/_canonical/code/cgame/cg_main.c,1408,SOURCE_ONLY; conditional compilation not evaluated
WolfcamQL,12.7test49,cvar_table,cg_impactSparksLifetime,engine/engines/_canonical/code/cgame/cg_main.c,1409,SOURCE_ONLY; conditional compilation not evaluated
WolfcamQL,12.7test49,cvar_table,cg_impactSparksSize,engine/engines/_canonical/code/cgame/cg_main.c,1410,SOURCE_ONLY; conditional compilation not evaluated
WolfcamQL,12.7test49,cvar_table,cg_impactSparksVelocity,engine/engines/_canonical/code/cgame/cg_main.c,1411,SOURCE_ONLY; conditional compilation not evaluated
WolfcamQL,12.7test49,cvar_table,cg_impactSparksColor,engine/engines/_canonical/code/cgame/cg_main.c,1412,SOURCE_ONLY; conditional compilation not evaluated
WolfcamQL,12.7test49,cvar_table,cg_impactSparksHighlight,engine/engines/_canonical/code/cgame/cg_main.c,1413,SOURCE_ONLY; conditional compilation not evaluated
WolfcamQL,12.7test49,cvar_table,cg_shotgunImpactSparks,engine/engines/_canonical/code/cgame/cg_main.c,1414,SOURCE_ONLY; conditional compilation not evaluated
WolfcamQL,12.7test49,cvar_table,cg_shotgunMarks,engine/engines/_canonical/code/cgame/cg_main.c,1415,SOURCE_ONLY; conditional compilation not evaluated
WolfcamQL,12.7test49,cvar_table,cg_shotgunStyle,engine/engines/_canonical/code/cgame/cg_main.c,1416,SOURCE_ONLY; conditional compilation not evaluated
WolfcamQL,12.7test49,cvar_table,cg_shotgunRandomness,engine/engines/_canonical/code/cgame/cg_main.c,1417,SOURCE_ONLY; conditional compilation not evaluated
WolfcamQL,12.7test49,cvar_table,cg_draw2D,engine/engines/_canonical/code/cgame/cg_main.c,1418,SOURCE_ONLY; conditional compilation not evaluated
WolfcamQL,12.7test49,cvar_table,cg_drawStatus,engine/engines/_canonical/code/cgame/cg_main.c,1419,SOURCE_ONLY; conditional compilation not evaluated
WolfcamQL,12.7test49,cvar_table,cg_drawTeamBackground,engine/engines/_canonical/code/cgame/cg_main.c,1420,SOURCE_ONLY; conditional compilation not evaluated
WolfcamQL,12.7test49,cvar_table,cg_drawTimer,engine/engines/_canonical/code/cgame/cg_main.c,1421,SOURCE_ONLY; conditional compilation not evaluated
WolfcamQL,12.7test49,cvar_table,cg_drawClientItemTimer,engine/engines/_canonical/code/cgame/cg_main.c,1422,SOURCE_ONLY; conditional compilation not evaluated
WolfcamQL,12.7test49,cvar_table,rmygqb,engine/engines/_canonical/code/cgame/cg_main.c,1423,SOURCE_ONLY; conditional compilation not evaluated
WolfcamQL,12.7test49,cvar_table,cg_drawClientItemTimerX,engine/engines/_canonical/code/cgame/cg_main.c,1424,SOURCE_ONLY; conditional compilation not evaluated
WolfcamQL,12.7test49,cvar_table,cg_drawClientItemTimerY,engine/engines/_canonical/code/cgame/cg_main.c,1425,SOURCE_ONLY; conditional compilation not evaluated
WolfcamQL,12.7test49,cvar_table,cg_drawClientItemTimerScale,engine/engines/_canonical/code/cgame/cg_main.c,1426,SOURCE_ONLY; conditional compilation not evaluated
WolfcamQL,12.7test49,cvar_table,cg_drawClientItemTimerFont,engine/engines/_canonical/code/cgame/cg_main.c,1428,SOURCE_ONLY; conditional compilation not evaluated
WolfcamQL,12.7test49,cvar_table,cg_drawClientItemTimerPointSize,engine/engines/_canonical/code/cgame/cg_main.c,1429,SOURCE_ONLY; conditional compilation not evaluated
WolfcamQL,12.7test49,cvar_table,cg_drawClientItemTimerAlpha,engine/engines/_canonical/code/cgame/cg_main.c,1430,SOURCE_ONLY; conditional compilation not evaluated
WolfcamQL,12.7test49,cvar_table,cg_drawClientItemTimerStyle,engine/engines/_canonical/code/cgame/cg_main.c,1431,SOURCE_ONLY; conditional compilation not evaluated
WolfcamQL,12.7test49,cvar_table,cg_drawClientItemTimerAlign,engine/engines/_canonical/code/cgame/cg_main.c,1432,SOURCE_ONLY; conditional compilation not evaluated
WolfcamQL,12.7test49,cvar_table,cg_drawClientItemTimerSpacing,engine/engines/_canonical/code/cgame/cg_main.c,1433,SOURCE_ONLY; conditional compilation not evaluated
WolfcamQL,12.7test49,cvar_table,1,engine/engines/_canonical/code/cgame/cg_main.c,1434,SOURCE_ONLY; conditional compilation not evaluated
WolfcamQL,12.7test49,cvar_table,20,engine/engines/_canonical/code/cgame/cg_main.c,1435,SOURCE_ONLY; conditional compilation not evaluated
WolfcamQL,12.7test49,cvar_table,-55,engine/engines/_canonical/code/cgame/cg_main.c,1436,SOURCE_ONLY; conditional compilation not evaluated
WolfcamQL,12.7test49,cvar_table,0,engine/engines/_canonical/code/cgame/cg_main.c,1437,SOURCE_ONLY; conditional compilation not evaluated
WolfcamQL,12.7test49,cvar_table,3,engine/engines/_canonical/code/cgame/cg_main.c,1438,SOURCE_ONLY; conditional compilation not evaluated
WolfcamQL,12.7test49,cvar_table,0,engine/engines/_canonical/code/cgame/cg_main.c,1439,SOURCE_ONLY; conditional compilation not evaluated
WolfcamQL,12.7test49,cvar_table,cg_itemSpawnPrint,engine/engines/_canonical/code/cgame/cg_main.c,1441,SOURCE_ONLY; conditional compilation not evaluated
WolfcamQL,12.7test49,cvar_table,1,engine/engines/_canonical/code/cgame/cg_main.c,1443,SOURCE_ONLY; conditional compilation not evaluated
WolfcamQL,12.7test49,cvar_table,1.3,engine/engines/_canonical/code/cgame/cg_main.c,1444,SOURCE_ONLY; conditional compilation not evaluated
WolfcamQL,12.7test49,cvar_table,8.0,engine/engines/_canonical/code/cgame/cg_main.c,1445,SOURCE_ONLY; conditional compilation not evaluated
WolfcamQL,12.7test49,cvar_table,255,engine/engines/_canonical/code/cgame/cg_main.c,1446,SOURCE_ONLY; conditional compilation not evaluated
WolfcamQL,12.7test49,cvar_table,cg_drawFPS,engine/engines/_canonical/code/cgame/cg_main.c,1448,SOURCE_ONLY; conditional compilation not evaluated
WolfcamQL,12.7test49,cvar_table,cg_drawFPSNoText,engine/engines/_canonical/code/cgame/cg_main.c,1449,SOURCE_ONLY; conditional compilation not evaluated
WolfcamQL,12.7test49,cvar_table,cg_drawFPSX,engine/engines/_canonical/code/cgame/cg_main.c,1450,SOURCE_ONLY; conditional compilation not evaluated
WolfcamQL,12.7test49,cvar_table,cg_drawFPSY,engine/engines/_canonical/code/cgame/cg_main.c,1451,SOURCE_ONLY; conditional compilation not evaluated
WolfcamQL,12.7test49,cvar_table,cg_drawFPSAlign,engine/engines/_canonical/code/cgame/cg_main.c,1452,SOURCE_ONLY; conditional compilation not evaluated
WolfcamQL,12.7test49,cvar_table,cg_drawFPSStyle,engine/engines/_canonical/code/cgame/cg_main.c,1453,SOURCE_ONLY; conditional compilation not evaluated
WolfcamQL,12.7test49,cvar_table,cg_drawFPSFont,engine/engines/_canonical/code/cgame/cg_main.c,1454,SOURCE_ONLY; conditional compilation not evaluated
WolfcamQL,12.7test49,cvar_table,cg_drawFPSPointSize,engine/engines/_canonical/code/cgame/cg_main.c,1455,SOURCE_ONLY; conditional compilation not evaluated
WolfcamQL,12.7test49,cvar_table,cg_drawFPSScale,engine/engines/_canonical/code/cgame/cg_main.c,1456,SOURCE_ONLY; conditional compilation not evaluated
WolfcamQL,12.7test49,cvar_table,cg_drawFPSColor,engine/engines/_canonical/code/cgame/cg_main.c,1458,SOURCE_ONLY; conditional compilation not evaluated
WolfcamQL,12.7test49,cvar_table,cg_drawFPSAlpha,engine/engines/_canonical/code/cgame/cg_main.c,1459,SOURCE_ONLY; conditional compilation not evaluated
WolfcamQL,12.7test49,cvar_table,3,engine/engines/_canonical/code/cgame/cg_main.c,1462,SOURCE_ONLY; conditional compilation not evaluated
WolfcamQL,12.7test49,cvar_table,cg_drawSnapshot,engine/engines/_canonical/code/cgame/cg_main.c,1464,SOURCE_ONLY; conditional compilation not evaluated
WolfcamQL,12.7test49,cvar_table,cg_drawSnapshotX,engine/engines/_canonical/code/cgame/cg_main.c,1465,SOURCE_ONLY; conditional compilation not evaluated
WolfcamQL,12.7test49,cvar_table,cg_drawSnapshotY,engine/engines/_canonical/code/cgame/cg_main.c,1466,SOURCE_ONLY; conditional compilation not evaluated
WolfcamQL,12.7test49,cvar_table,cg_drawSnapshotAlign,engine/engines/_canonical/code/cgame/cg_main.c,1467,SOURCE_ONLY; conditional compilation not evaluated
WolfcamQL,12.7test49,cvar_table,cg_drawSnapshotStyle,engine/engines/_canonical/code/cgame/cg_main.c,1468,SOURCE_ONLY; conditional compilation not evaluated
WolfcamQL,12.7test49,cvar_table,cg_drawSnapshotFont,engine/engines/_canonical/code/cgame/cg_main.c,1469,SOURCE_ONLY; conditional compilation not evaluated
WolfcamQL,12.7test49,cvar_table,cg_drawSnapshotPointSize,engine/engines/_canonical/code/cgame/cg_main.c,1470,SOURCE_ONLY; conditional compilation not evaluated
WolfcamQL,12.7test49,cvar_table,cg_drawSnapshotScale,engine/engines/_canonical/code/cgame/cg_main.c,1471,SOURCE_ONLY; conditional compilation not evaluated
WolfcamQL,12.7test49,cvar_table,cg_drawSnapshotColor,engine/engines/_canonical/code/cgame/cg_main.c,1472,SOURCE_ONLY; conditional compilation not evaluated
WolfcamQL,12.7test49,cvar_table,cg_drawSnapshotAlpha,engine/engines/_canonical/code/cgame/cg_main.c,1473,SOURCE_ONLY; conditional compilation not evaluated
WolfcamQL,12.7test49,cvar_table,3,engine/engines/_canonical/code/cgame/cg_main.c,1474,SOURCE_ONLY; conditional compilation not evaluated
WolfcamQL,12.7test49,cvar_table,cg_draw3dIcons,engine/engines/_canonical/code/cgame/cg_main.c,1476,SOURCE_ONLY; conditional compilation not evaluated
WolfcamQL,12.7test49,cvar_table,cg_drawIcons,engine/engines/_canonical/code/cgame/cg_main.c,1477,SOURCE_ONLY; conditional compilation not evaluated
WolfcamQL,12.7test49,cvar_table,cg_drawAmmoWarning,engine/engines/_canonical/code/cgame/cg_main.c,1479,SOURCE_ONLY; conditional compilation not evaluated
WolfcamQL,12.7test49,cvar_table,cg_drawAmmoWarningX,engine/engines/_canonical/code/cgame/cg_main.c,1480,SOURCE_ONLY; conditional compilation not evaluated
WolfcamQL,12.7test49,cvar_table,cg_drawAmmoWarningY,engine/engines/_canonical/code/cgame/cg_main.c,1481,SOURCE_ONLY; conditional compilation not evaluated
WolfcamQL,12.7test49,cvar_table,cg_drawAmmoWarningAlign,engine/engines/_canonical/code/cgame/cg_main.c,1482,SOURCE_ONLY; conditional compilation not evaluated
WolfcamQL,12.7test49,cvar_table,cg_drawAmmoWarningStyle,engine/engines/_canonical/code/cgame/cg_main.c,1483,SOURCE_ONLY; conditional compilation not evaluated
WolfcamQL,12.7test49,cvar_table,cg_drawAmmoWarningFont,engine/engines/_canonical/code/cgame/cg_main.c,1484,SOURCE_ONLY; conditional compilation not evaluated
WolfcamQL,12.7test49,cvar_table,cg_drawAmmoWarningPointSize,engine/engines/_canonical/code/cgame/cg_main.c,1485,SOURCE_ONLY; conditional compilation not evaluated
WolfcamQL,12.7test49,cvar_table,cg_drawAmmoWarningScale,engine/engines/_canonical/code/cgame/cg_main.c,1486,SOURCE_ONLY; conditional compilation not evaluated
WolfcamQL,12.7test49,cvar_table,cg_drawAmmoWarningColor,engine/engines/_canonical/code/cgame/cg_main.c,1488,SOURCE_ONLY; conditional compilation not evaluated
WolfcamQL,12.7test49,cvar_table,cg_drawAmmoWarningAlpha,engine/engines/_canonical/code/cgame/cg_main.c,1489,SOURCE_ONLY; conditional compilation not evaluated
WolfcamQL,12.7test49,cvar_table,2,engine/engines/_canonical/code/cgame/cg_main.c,1492,SOURCE_ONLY; conditional compilation not evaluated
WolfcamQL,12.7test49,cvar_table,1,engine/engines/_canonical/code/cgame/cg_main.c,1494,SOURCE_ONLY; conditional compilation not evaluated
WolfcamQL,12.7test49,cvar_table,0.20,engine/engines/_canonical/code/cgame/cg_main.c,1495,SOURCE_ONLY; conditional compilation not evaluated
WolfcamQL,12.7test49,cvar_table,1,engine/engines/_canonical/code/cgame/cg_main.c,1496,SOURCE_ONLY; conditional compilation not evaluated
WolfcamQL,12.7test49,cvar_table,2,engine/engines/_canonical/code/cgame/cg_main.c,1497,SOURCE_ONLY; conditional compilation not evaluated
WolfcamQL,12.7test49,cvar_table,5,engine/engines/_canonical/code/cgame/cg_main.c,1498,SOURCE_ONLY; conditional compilation not evaluated
WolfcamQL,12.7test49,cvar_table,30,engine/engines/_canonical/code/cgame/cg_main.c,1499,SOURCE_ONLY; conditional compilation not evaluated
WolfcamQL,12.7test49,cvar_table,5,engine/engines/_canonical/code/cgame/cg_main.c,1500,SOURCE_ONLY; conditional compilation not evaluated
WolfcamQL,12.7test49,cvar_table,5,engine/engines/_canonical/code/cgame/cg_main.c,1501,SOURCE_ONLY; conditional compilation not evaluated
WolfcamQL,12.7test49,cvar_table,5,engine/engines/_canonical/code/cgame/cg_main.c,1502,SOURCE_ONLY; conditional compilation not evaluated
WolfcamQL,12.7test49,cvar_table,30,engine/engines/_canonical/code/cgame/cg_main.c,1503,SOURCE_ONLY; conditional compilation not evaluated
WolfcamQL,12.7test49,cvar_table,5,engine/engines/_canonical/code/cgame/cg_main.c,1504,SOURCE_ONLY; conditional compilation not evaluated
WolfcamQL,12.7test49,cvar_table,30,engine/engines/_canonical/code/cgame/cg_main.c,1505,SOURCE_ONLY; conditional compilation not evaluated
WolfcamQL,12.7test49,cvar_table,5,engine/engines/_canonical/code/cgame/cg_main.c,1506,SOURCE_ONLY; conditional compilation not evaluated
WolfcamQL,12.7test49,cvar_table,5,engine/engines/_canonical/code/cgame/cg_main.c,1507,SOURCE_ONLY; conditional compilation not evaluated
WolfcamQL,12.7test49,cvar_table,30,engine/engines/_canonical/code/cgame/cg_main.c,1508,SOURCE_ONLY; conditional compilation not evaluated
WolfcamQL,12.7test49,cvar_table,30,engine/engines/_canonical/code/cgame/cg_main.c,1509,SOURCE_ONLY; conditional compilation not evaluated
WolfcamQL,12.7test49,cvar_table,30,engine/engines/_canonical/code/cgame/cg_main.c,1510,SOURCE_ONLY; conditional compilation not evaluated
WolfcamQL,12.7test49,cvar_table,cg_drawAttacker,engine/engines/_canonical/code/cgame/cg_main.c,1512,SOURCE_ONLY; conditional compilation not evaluated
WolfcamQL,12.7test49,cvar_table,cg_drawAttackerX,engine/engines/_canonical/code/cgame/cg_main.c,1513,SOURCE_ONLY; conditional compilation not evaluated
WolfcamQL,12.7test49,cvar_table,cg_drawAttackerY,engine/engines/_canonical/code/cgame/cg_main.c,1514,SOURCE_ONLY; conditional compilation not evaluated
WolfcamQL,12.7test49,cvar_table,cg_drawAttackerAlign,engine/engines/_canonical/code/cgame/cg_main.c,1515,SOURCE_ONLY; conditional compilation not evaluated
WolfcamQL,12.7test49,cvar_table,cg_drawAttackerStyle,engine/engines/_canonical/code/cgame/cg_main.c,1516,SOURCE_ONLY; conditional compilation not evaluated
WolfcamQL,12.7test49,cvar_table,cg_drawAttackerFont,engine/engines/_canonical/code/cgame/cg_main.c,1517,SOURCE_ONLY; conditional compilation not evaluated
WolfcamQL,12.7test49,cvar_table,cg_drawAttackerPointSize,engine/engines/_canonical/code/cgame/cg_main.c,1518,SOURCE_ONLY; conditional compilation not evaluated
WolfcamQL,12.7test49,cvar_table,cg_drawAttackerScale,engine/engines/_canonical/code/cgame/cg_main.c,1519,SOURCE_ONLY; conditional compilation not evaluated
WolfcamQL,12.7test49,cvar_table,cg_drawAttackerImageScale,engine/engines/_canonical/code/cgame/cg_main.c,1520,SOURCE_ONLY; conditional compilation not evaluated
WolfcamQL,12.7test49,cvar_table,cg_drawAttackerTime,engine/engines/_canonical/code/cgame/cg_main.c,1521,SOURCE_ONLY; conditional compilation not evaluated
WolfcamQL,12.7test49,cvar_table,cg_drawAttackerColor,engine/engines/_canonical/code/cgame/cg_main.c,1522,SOURCE_ONLY; conditional compilation not evaluated
WolfcamQL,12.7test49,cvar_table,cg_drawAttackerAlpha,engine/engines/_canonical/code/cgame/cg_main.c,1523,SOURCE_ONLY; conditional compilation not evaluated
WolfcamQL,12.7test49,cvar_table,cg_drawAttackerFade,engine/engines/_canonical/code/cgame/cg_main.c,1524,SOURCE_ONLY; conditional compilation not evaluated
WolfcamQL,12.7test49,cvar_table,cg_drawAttackerFadeTime,engine/engines/_canonical/code/cgame/cg_main.c,1525,SOURCE_ONLY; conditional compilation not evaluated
WolfcamQL,12.7test49,cvar_table,3,engine/engines/_canonical/code/cgame/cg_main.c,1526,SOURCE_ONLY; conditional compilation not evaluated
WolfcamQL,12.7test49,cvar_table,cg_drawCrosshair,engine/engines/_canonical/code/cgame/cg_main.c,1528,SOURCE_ONLY; conditional compilation not evaluated
WolfcamQL,12.7test49,cvar_table,cg_drawCrosshairNames,engine/engines/_canonical/code/cgame/cg_main.c,1531,SOURCE_ONLY; conditional compilation not evaluated
WolfcamQL,12.7test49,cvar_table,cg_drawCrosshairNamesX,engine/engines/_canonical/code/cgame/cg_main.c,1532,SOURCE_ONLY; conditional compilation not evaluated
WolfcamQL,12.7test49,cvar_table,cg_drawCrosshairNamesY,engine/engines/_canonical/code/cgame/cg_main.c,1533,SOURCE_ONLY; conditional compilation not evaluated
WolfcamQL,12.7test49,cvar_table,cg_drawCrosshairNamesAlign,engine/engines/_canonical/code/cgame/cg_main.c,1534,SOURCE_ONLY; conditional compilation not evaluated
WolfcamQL,12.7test49,cvar_table,cg_drawCrosshairNamesStyle,engine/engines/_canonical/code/cgame/cg_main.c,1535,SOURCE_ONLY; conditional compilation not evaluated
WolfcamQL,12.7test49,cvar_table,cg_drawCrosshairNamesFont,engine/engines/_canonical/code/cgame/cg_main.c,1536,SOURCE_ONLY; conditional compilation not evaluated
WolfcamQL,12.7test49,cvar_table,cg_drawCrosshairNamesPointSize,engine/engines/_canonical/code/cgame/cg_main.c,1537,SOURCE_ONLY; conditional compilation not evaluated
WolfcamQL,12.7test49,cvar_table,cg_drawCrosshairNamesScale,engine/engines/_canonical/code/cgame/cg_main.c,1538,SOURCE_ONLY; conditional compilation not evaluated
WolfcamQL,12.7test49,cvar_table,cg_drawCrosshairNamesTime,engine/engines/_canonical/code/cgame/cg_main.c,1539,SOURCE_ONLY; conditional compilation not evaluated
WolfcamQL,12.7test49,cvar_table,cg_drawCrosshairNamesColor,engine/engines/_canonical/code/cgame/cg_main.c,1540,SOURCE_ONLY; conditional compilation not evaluated
WolfcamQL,12.7test49,cvar_table,cg_drawCrosshairNamesAlpha,engine/engines/_canonical/code/cgame/cg_main.c,1541,SOURCE_ONLY; conditional compilation not evaluated
WolfcamQL,12.7test49,cvar_table,cg_drawCrosshairNamesFade,engine/engines/_canonical/code/cgame/cg_main.c,1542,SOURCE_ONLY; conditional compilation not evaluated
WolfcamQL,12.7test49,cvar_table,cg_drawCrosshairNamesFadeTime,engine/engines/_canonical/code/cgame/cg_main.c,1543,SOURCE_ONLY; conditional compilation not evaluated
WolfcamQL,12.7test49,cvar_table,2,engine/engines/_canonical/code/cgame/cg_main.c,1544,SOURCE_ONLY; conditional compilation not evaluated
WolfcamQL,12.7test49,cvar_table,cg_drawCrosshairTeammateHealth,engine/engines/_canonical/code/cgame/cg_main.c,1546,SOURCE_ONLY; conditional compilation not evaluated
WolfcamQL,12.7test49,cvar_table,cg_drawCrosshairTeammateHealthX,engine/engines/_canonical/code/cgame/cg_main.c,1547,SOURCE_ONLY; conditional compilation not evaluated
WolfcamQL,12.7test49,cvar_table,cg_drawCrosshairTeammateHealthY,engine/engines/_canonical/code/cgame/cg_main.c,1548,SOURCE_ONLY; conditional compilation not evaluated
WolfcamQL,12.7test49,cvar_table,cg_drawCrosshairTeammateHealthAlign,engine/engines/_canonical/code/cgame/cg_main.c,1549,SOURCE_ONLY; conditional compilation not evaluated
WolfcamQL,12.7test49,cvar_table,cg_drawCrosshairTeammateHealthStyle,engine/engines/_canonical/code/cgame/cg_main.c,1550,SOURCE_ONLY; conditional compilation not evaluated
WolfcamQL,12.7test49,cvar_table,cg_drawCrosshairTeammateHealthFont,engine/engines/_canonical/code/cgame/cg_main.c,1551,SOURCE_ONLY; conditional compilation not evaluated
WolfcamQL,12.7test49,cvar_table,cg_drawCrosshairTeammateHealthPointSize,engine/engines/_canonical/code/cgame/cg_main.c,1552,SOURCE_ONLY; conditional compilation not evaluated
WolfcamQL,12.7test49,cvar_table,cg_drawCrosshairTeammateHealthScale,engine/engines/_canonical/code/cgame/cg_main.c,1553,SOURCE_ONLY; conditional compilation not evaluated
WolfcamQL,12.7test49,cvar_table,cg_drawCrosshairTeammateHealthTime,engine/engines/_canonical/code/cgame/cg_main.c,1554,SOURCE_ONLY; conditional compilation not evaluated
WolfcamQL,12.7test49,cvar_table,cg_drawCrosshairTeammateHealthColor,engine/engines/_canonical/code/cgame/cg_main.c,1555,SOURCE_ONLY; conditional compilation not evaluated
WolfcamQL,12.7test49,cvar_table,cg_drawCrosshairTeammateHealthAlpha,engine/engines/_canonical/code/cgame/cg_main.c,1556,SOURCE_ONLY; conditional compilation not evaluated
WolfcamQL,12.7test49,cvar_table,cg_drawCrosshairTeammateHealthFade,engine/engines/_canonical/code/cgame/cg_main.c,1557,SOURCE_ONLY; conditional compilation not evaluated
WolfcamQL,12.7test49,cvar_table,cg_drawCrosshairTeammateHealthFadeTime,engine/engines/_canonical/code/cgame/cg_main.c,1558,SOURCE_ONLY; conditional compilation not evaluated
WolfcamQL,12.7test49,cvar_table,2,engine/engines/_canonical/code/cgame/cg_main.c,1559,SOURCE_ONLY; conditional compilation not evaluated
WolfcamQL,12.7test49,cvar_table,cg_drawRewards,engine/engines/_canonical/code/cgame/cg_main.c,1561,SOURCE_ONLY; conditional compilation not evaluated
WolfcamQL,12.7test49,cvar_table,cg_drawRewardsMax,engine/engines/_canonical/code/cgame/cg_main.c,1562,SOURCE_ONLY; conditional compilation not evaluated
WolfcamQL,12.7test49,cvar_table,cg_drawRewardsX,engine/engines/_canonical/code/cgame/cg_main.c,1563,SOURCE_ONLY; conditional compilation not evaluated
WolfcamQL,12.7test49,cvar_table,cg_drawRewardsY,engine/engines/_canonical/code/cgame/cg_main.c,1564,SOURCE_ONLY; conditional compilation not evaluated
WolfcamQL,12.7test49,cvar_table,cg_drawRewardsAlign,engine/engines/_canonical/code/cgame/cg_main.c,1565,SOURCE_ONLY; conditional compilation not evaluated
WolfcamQL,12.7test49,cvar_table,cg_drawRewardsStyle,engine/engines/_canonical/code/cgame/cg_main.c,1566,SOURCE_ONLY; conditional compilation not evaluated
WolfcamQL,12.7test49,cvar_table,cg_drawRewardsFont,engine/engines/_canonical/code/cgame/cg_main.c,1567,SOURCE_ONLY; conditional compilation not evaluated
WolfcamQL,12.7test49,cvar_table,cg_drawRewardsPointSize,engine/engines/_canonical/code/cgame/cg_main.c,1568,SOURCE_ONLY; conditional compilation not evaluated
WolfcamQL,12.7test49,cvar_table,cg_drawRewardsScale,engine/engines/_canonical/code/cgame/cg_main.c,1569,SOURCE_ONLY; conditional compilation not evaluated
WolfcamQL,12.7test49,cvar_table,cg_drawRewardsImageScale,engine/engines/_canonical/code/cgame/cg_main.c,1570,SOURCE_ONLY; conditional compilation not evaluated
WolfcamQL,12.7test49,cvar_table,cg_drawRewardsTime,engine/engines/_canonical/code/cgame/cg_main.c,1571,SOURCE_ONLY; conditional compilation not evaluated
WolfcamQL,12.7test49,cvar_table,cg_drawRewardsColor,engine/engines/_canonical/code/cgame/cg_main.c,1572,SOURCE_ONLY; conditional compilation not evaluated
WolfcamQL,12.7test49,cvar_table,cg_drawRewardsAlpha,engine/engines/_canonical/code/cgame/cg_main.c,1573,SOURCE_ONLY; conditional compilation not evaluated
WolfcamQL,12.7test49,cvar_table,cg_drawRewardsFade,engine/engines/_canonical/code/cgame/cg_main.c,1574,SOURCE_ONLY; conditional compilation not evaluated
WolfcamQL,12.7test49,cvar_table,cg_drawRewardsFadeTime,engine/engines/_canonical/code/cgame/cg_main.c,1575,SOURCE_ONLY; conditional compilation not evaluated
WolfcamQL,12.7test49,cvar_table,2,engine/engines/_canonical/code/cgame/cg_main.c,1576,SOURCE_ONLY; conditional compilation not evaluated
WolfcamQL,12.7test49,cvar_table,cg_rewardsStack,engine/engines/_canonical/code/cgame/cg_main.c,1578,SOURCE_ONLY; conditional compilation not evaluated
WolfcamQL,12.7test49,cvar_table,cg_crosshairSize,engine/engines/_canonical/code/cgame/cg_main.c,1580,SOURCE_ONLY; conditional compilation not evaluated
WolfcamQL,12.7test49,cvar_table,cg_crosshairColor,engine/engines/_canonical/code/cgame/cg_main.c,1581,SOURCE_ONLY; conditional compilation not evaluated
WolfcamQL,12.7test49,cvar_table,cg_crosshairPulse,engine/engines/_canonical/code/cgame/cg_main.c,1582,SOURCE_ONLY; conditional compilation not evaluated
WolfcamQL,12.7test49,cvar_table,cg_crosshairHealth,engine/engines/_canonical/code/cgame/cg_main.c,1583,SOURCE_ONLY; conditional compilation not evaluated
WolfcamQL,12.7test49,cvar_table,cg_crosshairHitStyle,engine/engines/_canonical/code/cgame/cg_main.c,1584,SOURCE_ONLY; conditional compilation not evaluated
WolfcamQL,12.7test49,cvar_table,cg_crosshairHitColor,engine/engines/_canonical/code/cgame/cg_main.c,1585,SOURCE_ONLY; conditional compilation not evaluated
WolfcamQL,12.7test49,cvar_table,cg_crosshairHitTime,engine/engines/_canonical/code/cgame/cg_main.c,1586,SOURCE_ONLY; conditional compilation not evaluated
WolfcamQL,12.7test49,cvar_table,cg_crosshairX,engine/engines/_canonical/code/cgame/cg_main.c,1587,SOURCE_ONLY; conditional compilation not evaluated
WolfcamQL,12.7test49,cvar_table,cg_crosshairY,engine/engines/_canonical/code/cgame/cg_main.c,1588,SOURCE_ONLY; conditional compilation not evaluated
WolfcamQL,12.7test49,cvar_table,cg_crosshairBrightness,engine/engines/_canonical/code/cgame/cg_main.c,1589,SOURCE_ONLY; conditional compilation not evaluated
WolfcamQL,12.7test49,cvar_table,cg_crosshairAlpha,engine/engines/_canonical/code/cgame/cg_main.c,1590,SOURCE_ONLY; conditional compilation not evaluated
WolfcamQL,12.7test49,cvar_table,cg_crosshairAlphaAdjust,engine/engines/_canonical/code/cgame/cg_main.c,1591,SOURCE_ONLY; conditional compilation not evaluated
WolfcamQL,12.7test49,cvar_table,cg_brassTime,engine/engines/_canonical/code/cgame/cg_main.c,1592,SOURCE_ONLY; conditional compilation not evaluated
WolfcamQL,12.7test49,cvar_table,cg_simpleItems,engine/engines/_canonical/code/cgame/cg_main.c,1593,SOURCE_ONLY; conditional compilation not evaluated
WolfcamQL,12.7test49,cvar_table,cg_simpleItemsScale,engine/engines/_canonical/code/cgame/cg_main.c,1594,SOURCE_ONLY; conditional compilation not evaluated
WolfcamQL,12.7test49,cvar_table,cg_simpleItemsBob,engine/engines/_canonical/code/cgame/cg_main.c,1595,SOURCE_ONLY; conditional compilation not evaluated
WolfcamQL,12.7test49,cvar_table,cg_simpleItemsHeightOffset,engine/engines/_canonical/code/cgame/cg_main.c,1596,SOURCE_ONLY; conditional compilation not evaluated
WolfcamQL,12.7test49,cvar_table,cg_itemsWh,engine/engines/_canonical/code/cgame/cg_main.c,1597,SOURCE_ONLY; conditional compilation not evaluated
WolfcamQL,12.7test49,cvar_table,cg_itemFx,engine/engines/_canonical/code/cgame/cg_main.c,1598,SOURCE_ONLY; conditional compilation not evaluated
WolfcamQL,12.7test49,cvar_table,cg_itemSize,engine/engines/_canonical/code/cgame/cg_main.c,1599,SOURCE_ONLY; conditional compilation not evaluated
WolfcamQL,12.7test49,cvar_table,cg_marks,engine/engines/_canonical/code/cgame/cg_main.c,1600,SOURCE_ONLY; conditional compilation not evaluated
WolfcamQL,12.7test49,cvar_table,cg_markTime,engine/engines/_canonical/code/cgame/cg_main.c,1601,SOURCE_ONLY; conditional compilation not evaluated
WolfcamQL,12.7test49,cvar_table,cg_markFadeTime,engine/engines/_canonical/code/cgame/cg_main.c,1602,SOURCE_ONLY; conditional compilation not evaluated
WolfcamQL,12.7test49,cvar_table,cg_debugImpactOrigin,engine/engines/_canonical/code/cgame/cg_main.c,1603,SOURCE_ONLY; conditional compilation not evaluated
WolfcamQL,12.7test49,cvar_table,cg_lagometer,engine/engines/_canonical/code/cgame/cg_main.c,1605,SOURCE_ONLY; conditional compilation not evaluated
WolfcamQL,12.7test49,cvar_table,cg_lagometerX,engine/engines/_canonical/code/cgame/cg_main.c,1606,SOURCE_ONLY; conditional compilation not evaluated
WolfcamQL,12.7test49,cvar_table,cg_lagometerY,engine/engines/_canonical/code/cgame/cg_main.c,1607,SOURCE_ONLY; conditional compilation not evaluated
WolfcamQL,12.7test49,cvar_table,cg_lagometerFlash,engine/engines/_canonical/code/cgame/cg_main.c,1608,SOURCE_ONLY; conditional compilation not evaluated
WolfcamQL,12.7test49,cvar_table,cg_lagometerFlashValue,engine/engines/_canonical/code/cgame/cg_main.c,1609,SOURCE_ONLY; conditional compilation not evaluated
WolfcamQL,12.7test49,cvar_table,cg_lagometerFontAlign,engine/engines/_canonical/code/cgame/cg_main.c,1610,SOURCE_ONLY; conditional compilation not evaluated
WolfcamQL,12.7test49,cvar_table,cg_lagometerAlign,engine/engines/_canonical/code/cgame/cg_main.c,1611,SOURCE_ONLY; conditional compilation not evaluated
WolfcamQL,12.7test49,cvar_table,cg_lagometerFontStyle,engine/engines/_canonical/code/cgame/cg_main.c,1612,SOURCE_ONLY; conditional compilation not evaluated
WolfcamQL,12.7test49,cvar_table,cg_lagometerFont,engine/engines/_canonical/code/cgame/cg_main.c,1613,SOURCE_ONLY; conditional compilation not evaluated
WolfcamQL,12.7test49,cvar_table,cg_lagometerFontPointSize,engine/engines/_canonical/code/cgame/cg_main.c,1614,SOURCE_ONLY; conditional compilation not evaluated
WolfcamQL,12.7test49,cvar_table,cg_lagometerFontScale,engine/engines/_canonical/code/cgame/cg_main.c,1615,SOURCE_ONLY; conditional compilation not evaluated
WolfcamQL,12.7test49,cvar_table,cg_lagometerScale,engine/engines/_canonical/code/cgame/cg_main.c,1616,SOURCE_ONLY; conditional compilation not evaluated
WolfcamQL,12.7test49,cvar_table,cg_lagometerFontColor,engine/engines/_canonical/code/cgame/cg_main.c,1617,SOURCE_ONLY; conditional compilation not evaluated
WolfcamQL,12.7test49,cvar_table,cg_lagometerAlpha,engine/engines/_canonical/code/cgame/cg_main.c,1618,SOURCE_ONLY; conditional compilation not evaluated
WolfcamQL,12.7test49,cvar_table,cg_lagometerFontAlpha,engine/engines/_canonical/code/cgame/cg_main.c,1619,SOURCE_ONLY; conditional compilation not evaluated
WolfcamQL,12.7test49,cvar_table,cg_lagometerAveragePing,engine/engines/_canonical/code/cgame/cg_main.c,1620,SOURCE_ONLY; conditional compilation not evaluated
WolfcamQL,12.7test49,cvar_table,cg_lagometerSnapshotPing,engine/engines/_canonical/code/cgame/cg_main.c,1621,SOURCE_ONLY; conditional compilation not evaluated
WolfcamQL,12.7test49,cvar_table,3,engine/engines/_canonical/code/cgame/cg_main.c,1622,SOURCE_ONLY; conditional compilation not evaluated
WolfcamQL,12.7test49,cvar_table,cg_railTrailTime,engine/engines/_canonical/code/cgame/cg_main.c,1624,SOURCE_ONLY; conditional compilation not evaluated
WolfcamQL,12.7test49,cvar_table,cg_railQL,engine/engines/_canonical/code/cgame/cg_main.c,1625,SOURCE_ONLY; conditional compilation not evaluated
WolfcamQL,12.7test49,cvar_table,cg_railQLRailRingWhiteValue,engine/engines/_canonical/code/cgame/cg_main.c,1626,SOURCE_ONLY; conditional compilation not evaluated
WolfcamQL,12.7test49,cvar_table,cg_railNudge,engine/engines/_canonical/code/cgame/cg_main.c,1627,SOURCE_ONLY; conditional compilation not evaluated
WolfcamQL,12.7test49,cvar_table,cg_railRings,engine/engines/_canonical/code/cgame/cg_main.c,1628,SOURCE_ONLY; conditional compilation not evaluated
WolfcamQL,12.7test49,cvar_table,cg_railRadius,engine/engines/_canonical/code/cgame/cg_main.c,1629,SOURCE_ONLY; conditional compilation not evaluated
WolfcamQL,12.7test49,cvar_table,cg_railRotation,engine/engines/_canonical/code/cgame/cg_main.c,1630,SOURCE_ONLY; conditional compilation not evaluated
WolfcamQL,12.7test49,cvar_table,cg_railSpacing,engine/engines/_canonical/code/cgame/cg_main.c,1631,SOURCE_ONLY; conditional compilation not evaluated
WolfcamQL,12.7test49,cvar_table,cg_railItemColor,engine/engines/_canonical/code/cgame/cg_main.c,1632,SOURCE_ONLY; conditional compilation not evaluated
WolfcamQL,12.7test49,cvar_table,cg_railUseOwnColors,engine/engines/_canonical/code/cgame/cg_main.c,1633,SOURCE_ONLY; conditional compilation not evaluated
WolfcamQL,12.7test49,cvar_table,cg_railFromMuzzle,engine/engines/_canonical/code/cgame/cg_main.c,1634,SOURCE_ONLY; conditional compilation not evaluated
WolfcamQL,12.7test49,cvar_table,cg_gunX,engine/engines/_canonical/code/cgame/cg_main.c,1636,SOURCE_ONLY; conditional compilation not evaluated
WolfcamQL,12.7test49,cvar_table,cg_gunY,engine/engines/_canonical/code/cgame/cg_main.c,1637,SOURCE_ONLY; conditional compilation not evaluated
WolfcamQL,12.7test49,cvar_table,cg_gunZ,engine/engines/_canonical/code/cgame/cg_main.c,1638,SOURCE_ONLY; conditional compilation not evaluated
WolfcamQL,12.7test49,cvar_table,cg_gunSize,engine/engines/_canonical/code/cgame/cg_main.c,1639,SOURCE_ONLY; conditional compilation not evaluated
WolfcamQL,12.7test49,cvar_table,cg_gunSizeThirdPerson,engine/engines/_canonical/code/cgame/cg_main.c,1640,SOURCE_ONLY; conditional compilation not evaluated
WolfcamQL,12.7test49,cvar_table,cg_bobup,engine/engines/_canonical/code/cgame/cg_main.c,1642,SOURCE_ONLY; conditional compilation not evaluated
WolfcamQL,12.7test49,cvar_table,cg_bobpitch,engine/engines/_canonical/code/cgame/cg_main.c,1643,SOURCE_ONLY; conditional compilation not evaluated
WolfcamQL,12.7test49,cvar_table,cg_bobroll,engine/engines/_canonical/code/cgame/cg_main.c,1644,SOURCE_ONLY; conditional compilation not evaluated
WolfcamQL,12.7test49,cvar_table,cg_swingSpeed,engine/engines/_canonical/code/cgame/cg_main.c,1645,SOURCE_ONLY; conditional compilation not evaluated
WolfcamQL,12.7test49,cvar_table,cg_animspeed,engine/engines/_canonical/code/cgame/cg_main.c,1646,SOURCE_ONLY; conditional compilation not evaluated
WolfcamQL,12.7test49,cvar_table,cg_debuganim,engine/engines/_canonical/code/cgame/cg_main.c,1647,SOURCE_ONLY; conditional compilation not evaluated
WolfcamQL,12.7test49,cvar_table,cg_debugposition,engine/engines/_canonical/code/cgame/cg_main.c,1648,SOURCE_ONLY; conditional compilation not evaluated
WolfcamQL,12.7test49,cvar_table,cg_debugevents,engine/engines/_canonical/code/cgame/cg_main.c,1649,SOURCE_ONLY; conditional compilation not evaluated
WolfcamQL,12.7test49,cvar_table,0,engine/engines/_canonical/code/cgame/cg_main.c,1650,SOURCE_ONLY; conditional compilation not evaluated
WolfcamQL,12.7test49,cvar_table,cg_errordecay,engine/engines/_canonical/code/cgame/cg_main.c,1651,SOURCE_ONLY; conditional compilation not evaluated
WolfcamQL,12.7test49,cvar_table,cg_nopredict,engine/engines/_canonical/code/cgame/cg_main.c,1652,SOURCE_ONLY; conditional compilation not evaluated
WolfcamQL,12.7test49,cvar_table,cg_noplayeranims,engine/engines/_canonical/code/cgame/cg_main.c,1653,SOURCE_ONLY; conditional compilation not evaluated
WolfcamQL,12.7test49,cvar_table,cg_showmiss,engine/engines/_canonical/code/cgame/cg_main.c,1654,SOURCE_ONLY; conditional compilation not evaluated
WolfcamQL,12.7test49,cvar_table,cg_footsteps,engine/engines/_canonical/code/cgame/cg_main.c,1655,SOURCE_ONLY; conditional compilation not evaluated
WolfcamQL,12.7test49,cvar_table,cg_tracerChance,engine/engines/_canonical/code/cgame/cg_main.c,1656,SOURCE_ONLY; conditional compilation not evaluated
WolfcamQL,12.7test49,cvar_table,cg_tracerWidth,engine/engines/_canonical/code/cgame/cg_main.c,1657,SOURCE_ONLY; conditional compilation not evaluated
WolfcamQL,12.7test49,cvar_table,cg_tracerLength,engine/engines/_canonical/code/cgame/cg_main.c,1658,SOURCE_ONLY; conditional compilation not evaluated
WolfcamQL,12.7test49,cvar_table,cg_thirdPersonRange,engine/engines/_canonical/code/cgame/cg_main.c,1660,SOURCE_ONLY; conditional compilation not evaluated
WolfcamQL,12.7test49,cvar_table,cg_thirdPersonAngle,engine/engines/_canonical/code/cgame/cg_main.c,1661,SOURCE_ONLY; conditional compilation not evaluated
WolfcamQL,12.7test49,cvar_table,-1,engine/engines/_canonical/code/cgame/cg_main.c,1662,SOURCE_ONLY; conditional compilation not evaluated
WolfcamQL,12.7test49,cvar_table,45,engine/engines/_canonical/code/cgame/cg_main.c,1663,SOURCE_ONLY; conditional compilation not evaluated
WolfcamQL,12.7test49,cvar_table,512.0,engine/engines/_canonical/code/cgame/cg_main.c,1664,SOURCE_ONLY; conditional compilation not evaluated
WolfcamQL,12.7test49,cvar_table,0,engine/engines/_canonical/code/cgame/cg_main.c,1665,SOURCE_ONLY; conditional compilation not evaluated
WolfcamQL,12.7test49,cvar_table,8,engine/engines/_canonical/code/cgame/cg_main.c,1666,SOURCE_ONLY; conditional compilation not evaluated
WolfcamQL,12.7test49,cvar_table,1,engine/engines/_canonical/code/cgame/cg_main.c,1667,SOURCE_ONLY; conditional compilation not evaluated
WolfcamQL,12.7test49,cvar_table,1.0,engine/engines/_canonical/code/cgame/cg_main.c,1668,SOURCE_ONLY; conditional compilation not evaluated
WolfcamQL,12.7test49,cvar_table,0.5,engine/engines/_canonical/code/cgame/cg_main.c,1669,SOURCE_ONLY; conditional compilation not evaluated
WolfcamQL,12.7test49,cvar_table,1,engine/engines/_canonical/code/cgame/cg_main.c,1670,SOURCE_ONLY; conditional compilation not evaluated
WolfcamQL,12.7test49,cvar_table,8,engine/engines/_canonical/code/cgame/cg_main.c,1672,SOURCE_ONLY; conditional compilation not evaluated
WolfcamQL,12.7test49,cvar_table,1,engine/engines/_canonical/code/cgame/cg_main.c,1673,SOURCE_ONLY; conditional compilation not evaluated
WolfcamQL,12.7test49,cvar_table,0 0 0,engine/engines/_canonical/code/cgame/cg_main.c,1674,SOURCE_ONLY; conditional compilation not evaluated
WolfcamQL,12.7test49,cvar_table,1,engine/engines/_canonical/code/cgame/cg_main.c,1675,SOURCE_ONLY; conditional compilation not evaluated
WolfcamQL,12.7test49,cvar_table,1,engine/engines/_canonical/code/cgame/cg_main.c,1676,SOURCE_ONLY; conditional compilation not evaluated
WolfcamQL,12.7test49,cvar_table,cg_thirdPerson,engine/engines/_canonical/code/cgame/cg_main.c,1677,SOURCE_ONLY; conditional compilation not evaluated
WolfcamQL,12.7test49,cvar_table,0,engine/engines/_canonical/code/cgame/cg_main.c,1679,SOURCE_ONLY; conditional compilation not evaluated
WolfcamQL,12.7test49,cvar_table,gl rl pg bfg gh ng pl,engine/engines/_canonical/code/cgame/cg_main.c,1680,SOURCE_ONLY; conditional compilation not evaluated
WolfcamQL,12.7test49,cvar_table,cg_teamChatTime,engine/engines/_canonical/code/cgame/cg_main.c,1681,SOURCE_ONLY; conditional compilation not evaluated
WolfcamQL,12.7test49,cvar_table,cg_teamChatHeight,engine/engines/_canonical/code/cgame/cg_main.c,1682,SOURCE_ONLY; conditional compilation not evaluated
WolfcamQL,12.7test49,cvar_table,cg_forceModel,engine/engines/_canonical/code/cgame/cg_main.c,1683,SOURCE_ONLY; conditional compilation not evaluated
WolfcamQL,12.7test49,cvar_table,cg_forcePovModel,engine/engines/_canonical/code/cgame/cg_main.c,1684,SOURCE_ONLY; conditional compilation not evaluated
WolfcamQL,12.7test49,cvar_table,0,engine/engines/_canonical/code/cgame/cg_main.c,1685,SOURCE_ONLY; conditional compilation not evaluated
WolfcamQL,12.7test49,cvar_table,cg_predictItems,engine/engines/_canonical/code/cgame/cg_main.c,1686,SOURCE_ONLY; conditional compilation not evaluated
WolfcamQL,12.7test49,cvar_table,cg_deferPlayers,engine/engines/_canonical/code/cgame/cg_main.c,1688,SOURCE_ONLY; conditional compilation not evaluated
WolfcamQL,12.7test49,cvar_table,cg_deferPlayers,engine/engines/_canonical/code/cgame/cg_main.c,1690,SOURCE_ONLY; conditional compilation not evaluated
WolfcamQL,12.7test49,cvar_table,cg_drawTeamOverlay,engine/engines/_canonical/code/cgame/cg_main.c,1692,SOURCE_ONLY; conditional compilation not evaluated
WolfcamQL,12.7test49,cvar_table,cg_drawTeamOverlayX,engine/engines/_canonical/code/cgame/cg_main.c,1693,SOURCE_ONLY; conditional compilation not evaluated
WolfcamQL,12.7test49,cvar_table,cg_drawTeamOverlayY,engine/engines/_canonical/code/cgame/cg_main.c,1694,SOURCE_ONLY; conditional compilation not evaluated
WolfcamQL,12.7test49,cvar_table,teamoverlay,engine/engines/_canonical/code/cgame/cg_main.c,1695,SOURCE_ONLY; conditional compilation not evaluated
WolfcamQL,12.7test49,cvar_table,cg_drawTeamOverlayFont,engine/engines/_canonical/code/cgame/cg_main.c,1696,SOURCE_ONLY; conditional compilation not evaluated
WolfcamQL,12.7test49,cvar_table,cg_drawTeamOverlayPointSize,engine/engines/_canonical/code/cgame/cg_main.c,1697,SOURCE_ONLY; conditional compilation not evaluated
WolfcamQL,12.7test49,cvar_table,cg_drawTeamOverlayAlign,engine/engines/_canonical/code/cgame/cg_main.c,1698,SOURCE_ONLY; conditional compilation not evaluated
WolfcamQL,12.7test49,cvar_table,cg_drawTeamOverlayScale,engine/engines/_canonical/code/cgame/cg_main.c,1699,SOURCE_ONLY; conditional compilation not evaluated
WolfcamQL,12.7test49,cvar_table,3,engine/engines/_canonical/code/cgame/cg_main.c,1701,SOURCE_ONLY; conditional compilation not evaluated
WolfcamQL,12.7test49,cvar_table,0.4,engine/engines/_canonical/code/cgame/cg_main.c,1702,SOURCE_ONLY; conditional compilation not evaluated
WolfcamQL,12.7test49,cvar_table,-1,engine/engines/_canonical/code/cgame/cg_main.c,1703,SOURCE_ONLY; conditional compilation not evaluated
WolfcamQL,12.7test49,cvar_table,0,engine/engines/_canonical/code/cgame/cg_main.c,1704,SOURCE_ONLY; conditional compilation not evaluated
WolfcamQL,12.7test49,cvar_table,cg_drawJumpSpeeds,engine/engines/_canonical/code/cgame/cg_main.c,1706,SOURCE_ONLY; conditional compilation not evaluated
WolfcamQL,12.7test49,cvar_table,cg_drawJumpSpeedsNoText,engine/engines/_canonical/code/cgame/cg_main.c,1707,SOURCE_ONLY; conditional compilation not evaluated
WolfcamQL,12.7test49,cvar_table,cg_drawJumpSpeedsMax,engine/engines/_canonical/code/cgame/cg_main.c,1708,SOURCE_ONLY; conditional compilation not evaluated
WolfcamQL,12.7test49,cvar_table,cg_drawJumpSpeedsX,engine/engines/_canonical/code/cgame/cg_main.c,1709,SOURCE_ONLY; conditional compilation not evaluated
WolfcamQL,12.7test49,cvar_table,cg_drawJumpSpeedsY,engine/engines/_canonical/code/cgame/cg_main.c,1710,SOURCE_ONLY; conditional compilation not evaluated
WolfcamQL,12.7test49,cvar_table,cg_drawJumpSpeedsAlign,engine/engines/_canonical/code/cgame/cg_main.c,1711,SOURCE_ONLY; conditional compilation not evaluated
WolfcamQL,12.7test49,cvar_table,cg_drawJumpSpeedsStyle,engine/engines/_canonical/code/cgame/cg_main.c,1712,SOURCE_ONLY; conditional compilation not evaluated
WolfcamQL,12.7test49,cvar_table,cg_drawJumpSpeedsFont,engine/engines/_canonical/code/cgame/cg_main.c,1713,SOURCE_ONLY; conditional compilation not evaluated
WolfcamQL,12.7test49,cvar_table,cg_drawJumpSpeedsPointSize,engine/engines/_canonical/code/cgame/cg_main.c,1714,SOURCE_ONLY; conditional compilation not evaluated
WolfcamQL,12.7test49,cvar_table,cg_drawJumpSpeedsScale,engine/engines/_canonical/code/cgame/cg_main.c,1715,SOURCE_ONLY; conditional compilation not evaluated
WolfcamQL,12.7test49,cvar_table,cg_drawJumpSpeedsColor,engine/engines/_canonical/code/cgame/cg_main.c,1716,SOURCE_ONLY; conditional compilation not evaluated
WolfcamQL,12.7test49,cvar_table,cg_drawJumpSpeedsAlpha,engine/engines/_canonical/code/cgame/cg_main.c,1717,SOURCE_ONLY; conditional compilation not evaluated
WolfcamQL,12.7test49,cvar_table,1,engine/engines/_canonical/code/cgame/cg_main.c,1718,SOURCE_ONLY; conditional compilation not evaluated
WolfcamQL,12.7test49,cvar_table,cg_drawJumpSpeedsTime,engine/engines/_canonical/code/cgame/cg_main.c,1720,SOURCE_ONLY; conditional compilation not evaluated
WolfcamQL,12.7test49,cvar_table,cg_drawJumpSpeedsTimeNoText,engine/engines/_canonical/code/cgame/cg_main.c,1721,SOURCE_ONLY; conditional compilation not evaluated
WolfcamQL,12.7test49,cvar_table,cg_drawJumpSpeedsTimeX,engine/engines/_canonical/code/cgame/cg_main.c,1722,SOURCE_ONLY; conditional compilation not evaluated
WolfcamQL,12.7test49,cvar_table,cg_drawJumpSpeedsTimeY,engine/engines/_canonical/code/cgame/cg_main.c,1723,SOURCE_ONLY; conditional compilation not evaluated
WolfcamQL,12.7test49,cvar_table,cg_drawJumpSpeedsTimeAlign,engine/engines/_canonical/code/cgame/cg_main.c,1724,SOURCE_ONLY; conditional compilation not evaluated
WolfcamQL,12.7test49,cvar_table,cg_drawJumpSpeedsTimeStyle,engine/engines/_canonical/code/cgame/cg_main.c,1725,SOURCE_ONLY; conditional compilation not evaluated
WolfcamQL,12.7test49,cvar_table,cg_drawJumpSpeedsTimeFont,engine/engines/_canonical/code/cgame/cg_main.c,1726,SOURCE_ONLY; conditional compilation not evaluated
WolfcamQL,12.7test49,cvar_table,cg_drawJumpSpeedsTimePointSize,engine/engines/_canonical/code/cgame/cg_main.c,1727,SOURCE_ONLY; conditional compilation not evaluated
WolfcamQL,12.7test49,cvar_table,cg_drawJumpSpeedsTimeScale,engine/engines/_canonical/code/cgame/cg_main.c,1728,SOURCE_ONLY; conditional compilation not evaluated
WolfcamQL,12.7test49,cvar_table,cg_drawJumpSpeedsTimeColor,engine/engines/_canonical/code/cgame/cg_main.c,1729,SOURCE_ONLY; conditional compilation not evaluated
WolfcamQL,12.7test49,cvar_table,cg_drawJumpSpeedsTimeAlpha,engine/engines/_canonical/code/cgame/cg_main.c,1730,SOURCE_ONLY; conditional compilation not evaluated
WolfcamQL,12.7test49,cvar_table,1,engine/engines/_canonical/code/cgame/cg_main.c,1731,SOURCE_ONLY; conditional compilation not evaluated
WolfcamQL,12.7test49,cvar_table,cg_drawRaceTime,engine/engines/_canonical/code/cgame/cg_main.c,1733,SOURCE_ONLY; conditional compilation not evaluated
WolfcamQL,12.7test49,cvar_table,cg_drawRaceTimeNoText,engine/engines/_canonical/code/cgame/cg_main.c,1734,SOURCE_ONLY; conditional compilation not evaluated
WolfcamQL,12.7test49,cvar_table,cg_drawRaceTimeX,engine/engines/_canonical/code/cgame/cg_main.c,1735,SOURCE_ONLY; conditional compilation not evaluated
WolfcamQL,12.7test49,cvar_table,cg_drawRaceTimeY,engine/engines/_canonical/code/cgame/cg_main.c,1736,SOURCE_ONLY; conditional compilation not evaluated
WolfcamQL,12.7test49,cvar_table,cg_drawRaceTimeAlign,engine/engines/_canonical/code/cgame/cg_main.c,1737,SOURCE_ONLY; conditional compilation not evaluated
WolfcamQL,12.7test49,cvar_table,cg_drawRaceTimeStyle,engine/engines/_canonical/code/cgame/cg_main.c,1738,SOURCE_ONLY; conditional compilation not evaluated
WolfcamQL,12.7test49,cvar_table,cg_drawRaceTimeFont,engine/engines/_canonical/code/cgame/cg_main.c,1739,SOURCE_ONLY; conditional compilation not evaluated
WolfcamQL,12.7test49,cvar_table,cg_drawRaceTimePointSize,engine/engines/_canonical/code/cgame/cg_main.c,1740,SOURCE_ONLY; conditional compilation not evaluated
WolfcamQL,12.7test49,cvar_table,cg_drawRaceTimeScale,engine/engines/_canonical/code/cgame/cg_main.c,1741,SOURCE_ONLY; conditional compilation not evaluated
WolfcamQL,12.7test49,cvar_table,cg_drawRaceTimeColor,engine/engines/_canonical/code/cgame/cg_main.c,1742,SOURCE_ONLY; conditional compilation not evaluated
WolfcamQL,12.7test49,cvar_table,cg_drawRaceTimeAlpha,engine/engines/_canonical/code/cgame/cg_main.c,1743,SOURCE_ONLY; conditional compilation not evaluated
WolfcamQL,12.7test49,cvar_table,1,engine/engines/_canonical/code/cgame/cg_main.c,1744,SOURCE_ONLY; conditional compilation not evaluated
WolfcamQL,12.7test49,cvar_table,cg_stats,engine/engines/_canonical/code/cgame/cg_main.c,1746,SOURCE_ONLY; conditional compilation not evaluated
WolfcamQL,12.7test49,cvar_table,cg_drawFriend,engine/engines/_canonical/code/cgame/cg_main.c,1747,SOURCE_ONLY; conditional compilation not evaluated
WolfcamQL,12.7test49,cvar_table,1,engine/engines/_canonical/code/cgame/cg_main.c,1748,SOURCE_ONLY; conditional compilation not evaluated
WolfcamQL,12.7test49,cvar_table,cg_drawFriendMinWidth,engine/engines/_canonical/code/cgame/cg_main.c,1749,SOURCE_ONLY; conditional compilation not evaluated
WolfcamQL,12.7test49,cvar_table,cg_drawFriendMaxWidth,engine/engines/_canonical/code/cgame/cg_main.c,1750,SOURCE_ONLY; conditional compilation not evaluated
WolfcamQL,12.7test49,cvar_table,cg_drawFoe,engine/engines/_canonical/code/cgame/cg_main.c,1751,SOURCE_ONLY; conditional compilation not evaluated
WolfcamQL,12.7test49,cvar_table,cg_drawFoeMinWidth,engine/engines/_canonical/code/cgame/cg_main.c,1752,SOURCE_ONLY; conditional compilation not evaluated
WolfcamQL,12.7test49,cvar_table,cg_drawFoeMaxWidth,engine/engines/_canonical/code/cgame/cg_main.c,1753,SOURCE_ONLY; conditional compilation not evaluated
WolfcamQL,12.7test49,cvar_table,cg_drawSelf,engine/engines/_canonical/code/cgame/cg_main.c,1754,SOURCE_ONLY; conditional compilation not evaluated
WolfcamQL,12.7test49,cvar_table,cg_drawSelfMinWidth,engine/engines/_canonical/code/cgame/cg_main.c,1755,SOURCE_ONLY; conditional compilation not evaluated
WolfcamQL,12.7test49,cvar_table,cg_drawSelfMaxWidth,engine/engines/_canonical/code/cgame/cg_main.c,1756,SOURCE_ONLY; conditional compilation not evaluated
WolfcamQL,12.7test49,cvar_table,1,engine/engines/_canonical/code/cgame/cg_main.c,1757,SOURCE_ONLY; conditional compilation not evaluated
WolfcamQL,12.7test49,cvar_table,0,engine/engines/_canonical/code/cgame/cg_main.c,1758,SOURCE_ONLY; conditional compilation not evaluated
WolfcamQL,12.7test49,cvar_table,1,engine/engines/_canonical/code/cgame/cg_main.c,1759,SOURCE_ONLY; conditional compilation not evaluated
WolfcamQL,12.7test49,cvar_table,10,engine/engines/_canonical/code/cgame/cg_main.c,1760,SOURCE_ONLY; conditional compilation not evaluated
WolfcamQL,12.7test49,cvar_table,1500,engine/engines/_canonical/code/cgame/cg_main.c,1761,SOURCE_ONLY; conditional compilation not evaluated
WolfcamQL,12.7test49,cvar_table,cg_teamChatsOnly,engine/engines/_canonical/code/cgame/cg_main.c,1763,SOURCE_ONLY; conditional compilation not evaluated
WolfcamQL,12.7test49,cvar_table,cg_noVoiceChats,engine/engines/_canonical/code/cgame/cg_main.c,1765,SOURCE_ONLY; conditional compilation not evaluated
WolfcamQL,12.7test49,cvar_table,cg_noVoiceText,engine/engines/_canonical/code/cgame/cg_main.c,1766,SOURCE_ONLY; conditional compilation not evaluated
WolfcamQL,12.7test49,cvar_table,com_buildScript,engine/engines/_canonical/code/cgame/cg_main.c,1770,SOURCE_ONLY; conditional compilation not evaluated
WolfcamQL,12.7test49,cvar_table,cl_paused,engine/engines/_canonical/code/cgame/cg_main.c,1771,SOURCE_ONLY; conditional compilation not evaluated
WolfcamQL,12.7test49,cvar_table,com_blood,engine/engines/_canonical/code/cgame/cg_main.c,1772,SOURCE_ONLY; conditional compilation not evaluated
WolfcamQL,12.7test49,cvar_table,500,engine/engines/_canonical/code/cgame/cg_main.c,1773,SOURCE_ONLY; conditional compilation not evaluated
WolfcamQL,12.7test49,cvar_table,g_synchronousClients,engine/engines/_canonical/code/cgame/cg_main.c,1774,SOURCE_ONLY; conditional compilation not evaluated
WolfcamQL,12.7test49,cvar_table,g_redteam,engine/engines/_canonical/code/cgame/cg_main.c,1776,SOURCE_ONLY; conditional compilation not evaluated
WolfcamQL,12.7test49,cvar_table,g_blueteam,engine/engines/_canonical/code/cgame/cg_main.c,1777,SOURCE_ONLY; conditional compilation not evaluated
WolfcamQL,12.7test49,cvar_table,cg_currentSelectedPlayer,engine/engines/_canonical/code/cgame/cg_main.c,1778,SOURCE_ONLY; conditional compilation not evaluated
WolfcamQL,12.7test49,cvar_table,cg_currentSelectedPlayerName,engine/engines/_canonical/code/cgame/cg_main.c,1779,SOURCE_ONLY; conditional compilation not evaluated
WolfcamQL,12.7test49,cvar_table,ui_singlePlayerActive,engine/engines/_canonical/code/cgame/cg_main.c,1780,SOURCE_ONLY; conditional compilation not evaluated
WolfcamQL,12.7test49,cvar_table,g_enableDust,engine/engines/_canonical/code/cgame/cg_main.c,1781,SOURCE_ONLY; conditional compilation not evaluated
WolfcamQL,12.7test49,cvar_table,g_enableBreath,engine/engines/_canonical/code/cgame/cg_main.c,1782,SOURCE_ONLY; conditional compilation not evaluated
WolfcamQL,12.7test49,cvar_table,ui_singlePlayerActive,engine/engines/_canonical/code/cgame/cg_main.c,1783,SOURCE_ONLY; conditional compilation not evaluated
WolfcamQL,12.7test49,cvar_table,ui_recordSPDemo,engine/engines/_canonical/code/cgame/cg_main.c,1784,SOURCE_ONLY; conditional compilation not evaluated
WolfcamQL,12.7test49,cvar_table,ui_recordSPDemoName,engine/engines/_canonical/code/cgame/cg_main.c,1785,SOURCE_ONLY; conditional compilation not evaluated
WolfcamQL,12.7test49,cvar_table,g_obeliskRespawnDelay,engine/engines/_canonical/code/cgame/cg_main.c,1786,SOURCE_ONLY; conditional compilation not evaluated
WolfcamQL,12.7test49,cvar_table,cg_hudFiles,engine/engines/_canonical/code/cgame/cg_main.c,1787,SOURCE_ONLY; conditional compilation not evaluated
WolfcamQL,12.7test49,cvar_table,cg_cameraOrbit,engine/engines/_canonical/code/cgame/cg_main.c,1789,SOURCE_ONLY; conditional compilation not evaluated
WolfcamQL,12.7test49,cvar_table,cg_cameraOrbitDelay,engine/engines/_canonical/code/cgame/cg_main.c,1790,SOURCE_ONLY; conditional compilation not evaluated
WolfcamQL,12.7test49,cvar_table,cg_timescaleFadeEnd,engine/engines/_canonical/code/cgame/cg_main.c,1791,SOURCE_ONLY; conditional compilation not evaluated
WolfcamQL,12.7test49,cvar_table,cg_timescaleFadeSpeed,engine/engines/_canonical/code/cgame/cg_main.c,1792,SOURCE_ONLY; conditional compilation not evaluated
WolfcamQL,12.7test49,cvar_table,timescale,engine/engines/_canonical/code/cgame/cg_main.c,1793,SOURCE_ONLY; conditional compilation not evaluated
WolfcamQL,12.7test49,cvar_table,cg_scorePlums,engine/engines/_canonical/code/cgame/cg_main.c,1794,SOURCE_ONLY; conditional compilation not evaluated
WolfcamQL,12.7test49,cvar_table,none g mg sg gl rl lg rg pg bfg gh cg ng pl hmg,engine/engines/_canonical/code/cgame/cg_main.c,1796,SOURCE_ONLY; conditional compilation not evaluated
WolfcamQL,12.7test49,cvar_table,1,engine/engines/_canonical/code/cgame/cg_main.c,1797,SOURCE_ONLY; conditional compilation not evaluated
WolfcamQL,12.7test49,cvar_table,1,engine/engines/_canonical/code/cgame/cg_main.c,1798,SOURCE_ONLY; conditional compilation not evaluated
WolfcamQL,12.7test49,cvar_table,1000,engine/engines/_canonical/code/cgame/cg_main.c,1799,SOURCE_ONLY; conditional compilation not evaluated
WolfcamQL,12.7test49,cvar_table,120,engine/engines/_canonical/code/cgame/cg_main.c,1800,SOURCE_ONLY; conditional compilation not evaluated
WolfcamQL,12.7test49,cvar_table,250,engine/engines/_canonical/code/cgame/cg_main.c,1801,SOURCE_ONLY; conditional compilation not evaluated
WolfcamQL,12.7test49,cvar_table,70,engine/engines/_canonical/code/cgame/cg_main.c,1802,SOURCE_ONLY; conditional compilation not evaluated
WolfcamQL,12.7test49,cvar_table,0,engine/engines/_canonical/code/cgame/cg_main.c,1804,SOURCE_ONLY; conditional compilation not evaluated
WolfcamQL,12.7test49,cvar_table,24,engine/engines/_canonical/code/cgame/cg_main.c,1805,SOURCE_ONLY; conditional compilation not evaluated
WolfcamQL,12.7test49,cvar_table,1.0,engine/engines/_canonical/code/cgame/cg_main.c,1806,SOURCE_ONLY; conditional compilation not evaluated
WolfcamQL,12.7test49,cvar_table,255,engine/engines/_canonical/code/cgame/cg_main.c,1808,SOURCE_ONLY; conditional compilation not evaluated
WolfcamQL,12.7test49,cvar_table,0,engine/engines/_canonical/code/cgame/cg_main.c,1809,SOURCE_ONLY; conditional compilation not evaluated
WolfcamQL,12.7test49,cvar_table,cg_smoothClients,engine/engines/_canonical/code/cgame/cg_main.c,1811,SOURCE_ONLY; conditional compilation not evaluated
WolfcamQL,12.7test49,cvar_table,com_cameraMode,engine/engines/_canonical/code/cgame/cg_main.c,1812,SOURCE_ONLY; conditional compilation not evaluated
WolfcamQL,12.7test49,cvar_table,pmove_fixed,engine/engines/_canonical/code/cgame/cg_main.c,1814,SOURCE_ONLY; conditional compilation not evaluated
WolfcamQL,12.7test49,cvar_table,pmove_msec,engine/engines/_canonical/code/cgame/cg_main.c,1815,SOURCE_ONLY; conditional compilation not evaluated
WolfcamQL,12.7test49,cvar_table,cg_smokeRadius_SG,engine/engines/_canonical/code/cgame/cg_main.c,1818,SOURCE_ONLY; conditional compilation not evaluated
WolfcamQL,12.7test49,cvar_table,cg_smokeRadius_GL,engine/engines/_canonical/code/cgame/cg_main.c,1819,SOURCE_ONLY; conditional compilation not evaluated
WolfcamQL,12.7test49,cvar_table,cg_smokeRadius_NG,engine/engines/_canonical/code/cgame/cg_main.c,1820,SOURCE_ONLY; conditional compilation not evaluated
WolfcamQL,12.7test49,cvar_table,cg_smokeRadius_RL,engine/engines/_canonical/code/cgame/cg_main.c,1821,SOURCE_ONLY; conditional compilation not evaluated
WolfcamQL,12.7test49,cvar_table,cg_smokeRadius_PL,engine/engines/_canonical/code/cgame/cg_main.c,1822,SOURCE_ONLY; conditional compilation not evaluated
WolfcamQL,12.7test49,cvar_table,cg_smokeRadius_breath,engine/engines/_canonical/code/cgame/cg_main.c,1823,SOURCE_ONLY; conditional compilation not evaluated
WolfcamQL,12.7test49,cvar_table,cg_enableBreath,engine/engines/_canonical/code/cgame/cg_main.c,1824,SOURCE_ONLY; conditional compilation not evaluated
WolfcamQL,12.7test49,cvar_table,cg_smokeRadius_dust,engine/engines/_canonical/code/cgame/cg_main.c,1825,SOURCE_ONLY; conditional compilation not evaluated
WolfcamQL,12.7test49,cvar_table,cg_enableDust,engine/engines/_canonical/code/cgame/cg_main.c,1826,SOURCE_ONLY; conditional compilation not evaluated
WolfcamQL,12.7test49,cvar_table,cg_smokeRadius_flight,engine/engines/_canonical/code/cgame/cg_main.c,1827,SOURCE_ONLY; conditional compilation not evaluated
WolfcamQL,12.7test49,cvar_table,cg_smokeRadius_haste,engine/engines/_canonical/code/cgame/cg_main.c,1828,SOURCE_ONLY; conditional compilation not evaluated
WolfcamQL,12.7test49,cvar_table,ui_smallFont,engine/engines/_canonical/code/cgame/cg_main.c,1830,SOURCE_ONLY; conditional compilation not evaluated
WolfcamQL,12.7test49,cvar_table,ui_bigFont,engine/engines/_canonical/code/cgame/cg_main.c,1831,SOURCE_ONLY; conditional compilation not evaluated
WolfcamQL,12.7test49,cvar_table,cg_noTaunt,engine/engines/_canonical/code/cgame/cg_main.c,1832,SOURCE_ONLY; conditional compilation not evaluated
WolfcamQL,12.7test49,cvar_table,cg_noProjectileTrail,engine/engines/_canonical/code/cgame/cg_main.c,1834,SOURCE_ONLY; conditional compilation not evaluated
WolfcamQL,12.7test49,cvar_table,cg_oldRocket,engine/engines/_canonical/code/cgame/cg_main.c,1837,SOURCE_ONLY; conditional compilation not evaluated
WolfcamQL,12.7test49,cvar_table,cg_plasmaStyle,engine/engines/_canonical/code/cgame/cg_main.c,1839,SOURCE_ONLY; conditional compilation not evaluated
WolfcamQL,12.7test49,cvar_table,cg_trueLightning,engine/engines/_canonical/code/cgame/cg_main.c,1840,SOURCE_ONLY; conditional compilation not evaluated
WolfcamQL,12.7test49,cvar_table,cg_drawSpeed,engine/engines/_canonical/code/cgame/cg_main.c,1843,SOURCE_ONLY; conditional compilation not evaluated
WolfcamQL,12.7test49,cvar_table,cg_drawSpeedX,engine/engines/_canonical/code/cgame/cg_main.c,1844,SOURCE_ONLY; conditional compilation not evaluated
WolfcamQL,12.7test49,cvar_table,cg_drawSpeedY,engine/engines/_canonical/code/cgame/cg_main.c,1845,SOURCE_ONLY; conditional compilation not evaluated
WolfcamQL,12.7test49,cvar_table,cg_drawSpeedNoText,engine/engines/_canonical/code/cgame/cg_main.c,1846,SOURCE_ONLY; conditional compilation not evaluated
WolfcamQL,12.7test49,cvar_table,cg_drawSpeedAlign,engine/engines/_canonical/code/cgame/cg_main.c,1847,SOURCE_ONLY; conditional compilation not evaluated
WolfcamQL,12.7test49,cvar_table,cg_drawSpeedStyle,engine/engines/_canonical/code/cgame/cg_main.c,1848,SOURCE_ONLY; conditional compilation not evaluated
WolfcamQL,12.7test49,cvar_table,cg_drawSpeedFont,engine/engines/_canonical/code/cgame/cg_main.c,1849,SOURCE_ONLY; conditional compilation not evaluated
WolfcamQL,12.7test49,cvar_table,cg_drawSpeedPointSize,engine/engines/_canonical/code/cgame/cg_main.c,1850,SOURCE_ONLY; conditional compilation not evaluated
WolfcamQL,12.7test49,cvar_table,cg_drawSpeedScale,engine/engines/_canonical/code/cgame/cg_main.c,1851,SOURCE_ONLY; conditional compilation not evaluated
WolfcamQL,12.7test49,cvar_table,cg_drawSpeedColor,engine/engines/_canonical/code/cgame/cg_main.c,1852,SOURCE_ONLY; conditional compilation not evaluated
WolfcamQL,12.7test49,cvar_table,cg_drawSpeedAlpha,engine/engines/_canonical/code/cgame/cg_main.c,1853,SOURCE_ONLY; conditional compilation not evaluated
WolfcamQL,12.7test49,cvar_table,3,engine/engines/_canonical/code/cgame/cg_main.c,1854,SOURCE_ONLY; conditional compilation not evaluated
WolfcamQL,12.7test49,cvar_table,1,engine/engines/_canonical/code/cgame/cg_main.c,1855,SOURCE_ONLY; conditional compilation not evaluated
WolfcamQL,12.7test49,cvar_table,cg_drawOrigin,engine/engines/_canonical/code/cgame/cg_main.c,1857,SOURCE_ONLY; conditional compilation not evaluated
WolfcamQL,12.7test49,cvar_table,cg_drawOriginX,engine/engines/_canonical/code/cgame/cg_main.c,1858,SOURCE_ONLY; conditional compilation not evaluated
WolfcamQL,12.7test49,cvar_table,cg_drawOriginY,engine/engines/_canonical/code/cgame/cg_main.c,1859,SOURCE_ONLY; conditional compilation not evaluated
WolfcamQL,12.7test49,cvar_table,cg_drawOriginAlign,engine/engines/_canonical/code/cgame/cg_main.c,1860,SOURCE_ONLY; conditional compilation not evaluated
WolfcamQL,12.7test49,cvar_table,cg_drawOriginStyle,engine/engines/_canonical/code/cgame/cg_main.c,1861,SOURCE_ONLY; conditional compilation not evaluated
WolfcamQL,12.7test49,cvar_table,cg_drawOriginFont,engine/engines/_canonical/code/cgame/cg_main.c,1862,SOURCE_ONLY; conditional compilation not evaluated
WolfcamQL,12.7test49,cvar_table,cg_drawOriginPointSize,engine/engines/_canonical/code/cgame/cg_main.c,1863,SOURCE_ONLY; conditional compilation not evaluated
WolfcamQL,12.7test49,cvar_table,cg_drawOriginScale,engine/engines/_canonical/code/cgame/cg_main.c,1864,SOURCE_ONLY; conditional compilation not evaluated
WolfcamQL,12.7test49,cvar_table,cg_drawOriginColor,engine/engines/_canonical/code/cgame/cg_main.c,1865,SOURCE_ONLY; conditional compilation not evaluated
WolfcamQL,12.7test49,cvar_table,cg_drawOriginAlpha,engine/engines/_canonical/code/cgame/cg_main.c,1866,SOURCE_ONLY; conditional compilation not evaluated
WolfcamQL,12.7test49,cvar_table,1,engine/engines/_canonical/code/cgame/cg_main.c,1867,SOURCE_ONLY; conditional compilation not evaluated
WolfcamQL,12.7test49,cvar_table,cg_drawScores,engine/engines/_canonical/code/cgame/cg_main.c,1869,SOURCE_ONLY; conditional compilation not evaluated
WolfcamQL,12.7test49,cvar_table,cg_drawPlayersLeft,engine/engines/_canonical/code/cgame/cg_main.c,1870,SOURCE_ONLY; conditional compilation not evaluated
WolfcamQL,12.7test49,cvar_table,cg_drawPowerups,engine/engines/_canonical/code/cgame/cg_main.c,1871,SOURCE_ONLY; conditional compilation not evaluated
WolfcamQL,12.7test49,cvar_table,1,engine/engines/_canonical/code/cgame/cg_main.c,1873,SOURCE_ONLY; conditional compilation not evaluated
WolfcamQL,12.7test49,cvar_table,1.0,engine/engines/_canonical/code/cgame/cg_main.c,1874,SOURCE_ONLY; conditional compilation not evaluated
WolfcamQL,12.7test49,cvar_table,90.0,engine/engines/_canonical/code/cgame/cg_main.c,1875,SOURCE_ONLY; conditional compilation not evaluated
WolfcamQL,12.7test49,cvar_table,255,engine/engines/_canonical/code/cgame/cg_main.c,1876,SOURCE_ONLY; conditional compilation not evaluated
WolfcamQL,12.7test49,cvar_table,1,engine/engines/_canonical/code/cgame/cg_main.c,1878,SOURCE_ONLY; conditional compilation not evaluated
WolfcamQL,12.7test49,cvar_table,1.0,engine/engines/_canonical/code/cgame/cg_main.c,1879,SOURCE_ONLY; conditional compilation not evaluated
WolfcamQL,12.7test49,cvar_table,90.0,engine/engines/_canonical/code/cgame/cg_main.c,1880,SOURCE_ONLY; conditional compilation not evaluated
WolfcamQL,12.7test49,cvar_table,255,engine/engines/_canonical/code/cgame/cg_main.c,1881,SOURCE_ONLY; conditional compilation not evaluated
WolfcamQL,12.7test49,cvar_table,705.0,engine/engines/_canonical/code/cgame/cg_main.c,1882,SOURCE_ONLY; conditional compilation not evaluated
WolfcamQL,12.7test49,cvar_table,520.0,engine/engines/_canonical/code/cgame/cg_main.c,1883,SOURCE_ONLY; conditional compilation not evaluated
WolfcamQL,12.7test49,cvar_table,cg_drawItemPickups,engine/engines/_canonical/code/cgame/cg_main.c,1885,SOURCE_ONLY; conditional compilation not evaluated
WolfcamQL,12.7test49,cvar_table,cg_drawItemPickupsX,engine/engines/_canonical/code/cgame/cg_main.c,1886,SOURCE_ONLY; conditional compilation not evaluated
WolfcamQL,12.7test49,cvar_table,cg_drawItemPickupsY,engine/engines/_canonical/code/cgame/cg_main.c,1887,SOURCE_ONLY; conditional compilation not evaluated
WolfcamQL,12.7test49,cvar_table,cg_drawItemPickupsImageScale,engine/engines/_canonical/code/cgame/cg_main.c,1888,SOURCE_ONLY; conditional compilation not evaluated
WolfcamQL,12.7test49,cvar_table,cg_drawItemPickupsAlign,engine/engines/_canonical/code/cgame/cg_main.c,1889,SOURCE_ONLY; conditional compilation not evaluated
WolfcamQL,12.7test49,cvar_table,cg_drawItemPickupsStyle,engine/engines/_canonical/code/cgame/cg_main.c,1890,SOURCE_ONLY; conditional compilation not evaluated
WolfcamQL,12.7test49,cvar_table,cg_drawItemPickupsFont,engine/engines/_canonical/code/cgame/cg_main.c,1891,SOURCE_ONLY; conditional compilation not evaluated
WolfcamQL,12.7test49,cvar_table,cg_drawItemPickupsPointSize,engine/engines/_canonical/code/cgame/cg_main.c,1892,SOURCE_ONLY; conditional compilation not evaluated
WolfcamQL,12.7test49,cvar_table,cg_drawItemPickupsScale,engine/engines/_canonical/code/cgame/cg_main.c,1893,SOURCE_ONLY; conditional compilation not evaluated
WolfcamQL,12.7test49,cvar_table,cg_drawItemPickupsTime,engine/engines/_canonical/code/cgame/cg_main.c,1894,SOURCE_ONLY; conditional compilation not evaluated
WolfcamQL,12.7test49,cvar_table,cg_drawItemPickupsColor,engine/engines/_canonical/code/cgame/cg_main.c,1895,SOURCE_ONLY; conditional compilation not evaluated
WolfcamQL,12.7test49,cvar_table,cg_drawItemPickupsAlpha,engine/engines/_canonical/code/cgame/cg_main.c,1896,SOURCE_ONLY; conditional compilation not evaluated
WolfcamQL,12.7test49,cvar_table,cg_drawItemPickupsFade,engine/engines/_canonical/code/cgame/cg_main.c,1897,SOURCE_ONLY; conditional compilation not evaluated
WolfcamQL,12.7test49,cvar_table,cg_drawItemPickupsFadeTime,engine/engines/_canonical/code/cgame/cg_main.c,1898,SOURCE_ONLY; conditional compilation not evaluated
WolfcamQL,12.7test49,cvar_table,cg_drawItemPickupsCount,engine/engines/_canonical/code/cgame/cg_main.c,1899,SOURCE_ONLY; conditional compilation not evaluated
WolfcamQL,12.7test49,cvar_table,1,engine/engines/_canonical/code/cgame/cg_main.c,1900,SOURCE_ONLY; conditional compilation not evaluated
WolfcamQL,12.7test49,cvar_table,cg_drawFollowing,engine/engines/_canonical/code/cgame/cg_main.c,1902,SOURCE_ONLY; conditional compilation not evaluated
WolfcamQL,12.7test49,cvar_table,cg_drawFollowingX,engine/engines/_canonical/code/cgame/cg_main.c,1903,SOURCE_ONLY; conditional compilation not evaluated
WolfcamQL,12.7test49,cvar_table,cg_drawFollowingY,engine/engines/_canonical/code/cgame/cg_main.c,1904,SOURCE_ONLY; conditional compilation not evaluated
WolfcamQL,12.7test49,cvar_table,cg_drawFollowingAlign,engine/engines/_canonical/code/cgame/cg_main.c,1905,SOURCE_ONLY; conditional compilation not evaluated
WolfcamQL,12.7test49,cvar_table,cg_drawFollowingStyle,engine/engines/_canonical/code/cgame/cg_main.c,1906,SOURCE_ONLY; conditional compilation not evaluated
WolfcamQL,12.7test49,cvar_table,cg_drawFollowingFont,engine/engines/_canonical/code/cgame/cg_main.c,1907,SOURCE_ONLY; conditional compilation not evaluated
WolfcamQL,12.7test49,cvar_table,cg_drawFollowingPointSize,engine/engines/_canonical/code/cgame/cg_main.c,1908,SOURCE_ONLY; conditional compilation not evaluated
WolfcamQL,12.7test49,cvar_table,cg_drawFollowingScale,engine/engines/_canonical/code/cgame/cg_main.c,1909,SOURCE_ONLY; conditional compilation not evaluated
WolfcamQL,12.7test49,cvar_table,cg_drawFollowingColor,engine/engines/_canonical/code/cgame/cg_main.c,1910,SOURCE_ONLY; conditional compilation not evaluated
WolfcamQL,12.7test49,cvar_table,cg_drawFollowingAlpha,engine/engines/_canonical/code/cgame/cg_main.c,1911,SOURCE_ONLY; conditional compilation not evaluated
WolfcamQL,12.7test49,cvar_table,2,engine/engines/_canonical/code/cgame/cg_main.c,1912,SOURCE_ONLY; conditional compilation not evaluated
WolfcamQL,12.7test49,cvar_table,cg_drawCpmaMvdIndicator,engine/engines/_canonical/code/cgame/cg_main.c,1914,SOURCE_ONLY; conditional compilation not evaluated
WolfcamQL,12.7test49,cvar_table,cg_drawCpmaMvdIndicatorX,engine/engines/_canonical/code/cgame/cg_main.c,1915,SOURCE_ONLY; conditional compilation not evaluated
WolfcamQL,12.7test49,cvar_table,cg_drawCpmaMvdIndicatorY,engine/engines/_canonical/code/cgame/cg_main.c,1916,SOURCE_ONLY; conditional compilation not evaluated
WolfcamQL,12.7test49,cvar_table,cg_drawCpmaMvdIndicatorAlign,engine/engines/_canonical/code/cgame/cg_main.c,1917,SOURCE_ONLY; conditional compilation not evaluated
WolfcamQL,12.7test49,cvar_table,cg_drawCpmaMvdIndicatorStyle,engine/engines/_canonical/code/cgame/cg_main.c,1918,SOURCE_ONLY; conditional compilation not evaluated
WolfcamQL,12.7test49,cvar_table,cg_drawCpmaMvdIndicatorFont,engine/engines/_canonical/code/cgame/cg_main.c,1919,SOURCE_ONLY; conditional compilation not evaluated
WolfcamQL,12.7test49,cvar_table,cg_drawCpmaMvdIndicatorPointSize,engine/engines/_canonical/code/cgame/cg_main.c,1920,SOURCE_ONLY; conditional compilation not evaluated
WolfcamQL,12.7test49,cvar_table,cg_drawCpmaMvdIndicatorScale,engine/engines/_canonical/code/cgame/cg_main.c,1921,SOURCE_ONLY; conditional compilation not evaluated
WolfcamQL,12.7test49,cvar_table,cg_drawCpmaMvdIndicatorColor,engine/engines/_canonical/code/cgame/cg_main.c,1922,SOURCE_ONLY; conditional compilation not evaluated
WolfcamQL,12.7test49,cvar_table,cg_drawCpmaMvdIndicatorAlpha,engine/engines/_canonical/code/cgame/cg_main.c,1923,SOURCE_ONLY; conditional compilation not evaluated
WolfcamQL,12.7test49,cvar_table,2,engine/engines/_canonical/code/cgame/cg_main.c,1924,SOURCE_ONLY; conditional compilation not evaluated
WolfcamQL,12.7test49,cvar_table,cg_testQlFont,engine/engines/_canonical/code/cgame/cg_main.c,1926,SOURCE_ONLY; conditional compilation not evaluated
WolfcamQL,12.7test49,cvar_table,cg_qlhud,engine/engines/_canonical/code/cgame/cg_main.c,1929,SOURCE_ONLY; conditional compilation not evaluated
WolfcamQL,12.7test49,cvar_table,cg_qlFontScaling,engine/engines/_canonical/code/cgame/cg_main.c,1930,SOURCE_ONLY; conditional compilation not evaluated
WolfcamQL,12.7test49,cvar_table,1,engine/engines/_canonical/code/cgame/cg_main.c,1931,SOURCE_ONLY; conditional compilation not evaluated
WolfcamQL,12.7test49,cvar_table,24,engine/engines/_canonical/code/cgame/cg_main.c,1932,SOURCE_ONLY; conditional compilation not evaluated
WolfcamQL,12.7test49,cvar_table,1.125,engine/engines/_canonical/code/cgame/cg_main.c,1933,SOURCE_ONLY; conditional compilation not evaluated
WolfcamQL,12.7test49,cvar_table,cg_weaponBar,engine/engines/_canonical/code/cgame/cg_main.c,1935,SOURCE_ONLY; conditional compilation not evaluated
WolfcamQL,12.7test49,cvar_table,cg_weaponBarX,engine/engines/_canonical/code/cgame/cg_main.c,1936,SOURCE_ONLY; conditional compilation not evaluated
WolfcamQL,12.7test49,cvar_table,cg_weaponBarY,engine/engines/_canonical/code/cgame/cg_main.c,1937,SOURCE_ONLY; conditional compilation not evaluated
WolfcamQL,12.7test49,cvar_table,cg_weaponBarFont,engine/engines/_canonical/code/cgame/cg_main.c,1938,SOURCE_ONLY; conditional compilation not evaluated
WolfcamQL,12.7test49,cvar_table,cg_weaponBarPointSize,engine/engines/_canonical/code/cgame/cg_main.c,1939,SOURCE_ONLY; conditional compilation not evaluated
WolfcamQL,12.7test49,cvar_table,1,engine/engines/_canonical/code/cgame/cg_main.c,1940,SOURCE_ONLY; conditional compilation not evaluated
WolfcamQL,12.7test49,cvar_table,cg_drawFullWeaponBar,engine/engines/_canonical/code/cgame/cg_main.c,1942,SOURCE_ONLY; conditional compilation not evaluated
WolfcamQL,12.7test49,cvar_table,cg_scoreBoardStyle,engine/engines/_canonical/code/cgame/cg_main.c,1943,SOURCE_ONLY; conditional compilation not evaluated
WolfcamQL,12.7test49,cvar_table,cg_scoreBoardSpectatorScroll,engine/engines/_canonical/code/cgame/cg_main.c,1944,SOURCE_ONLY; conditional compilation not evaluated
WolfcamQL,12.7test49,cvar_table,cg_scoreBoardWhenDead,engine/engines/_canonical/code/cgame/cg_main.c,1945,SOURCE_ONLY; conditional compilation not evaluated
WolfcamQL,12.7test49,cvar_table,cg_scoreBoardAtIntermission,engine/engines/_canonical/code/cgame/cg_main.c,1946,SOURCE_ONLY; conditional compilation not evaluated
WolfcamQL,12.7test49,cvar_table,cg_scoreBoardWarmup,engine/engines/_canonical/code/cgame/cg_main.c,1947,SOURCE_ONLY; conditional compilation not evaluated
WolfcamQL,12.7test49,cvar_table,cg_scoreBoardOld,engine/engines/_canonical/code/cgame/cg_main.c,1948,SOURCE_ONLY; conditional compilation not evaluated
WolfcamQL,12.7test49,cvar_table,2,engine/engines/_canonical/code/cgame/cg_main.c,1949,SOURCE_ONLY; conditional compilation not evaluated
WolfcamQL,12.7test49,cvar_table,-1,engine/engines/_canonical/code/cgame/cg_main.c,1951,SOURCE_ONLY; conditional compilation not evaluated
WolfcamQL,12.7test49,cvar_table,9,engine/engines/_canonical/code/cgame/cg_main.c,1952,SOURCE_ONLY; conditional compilation not evaluated
WolfcamQL,12.7test49,cvar_table,-1,engine/engines/_canonical/code/cgame/cg_main.c,1953,SOURCE_ONLY; conditional compilation not evaluated
WolfcamQL,12.7test49,cvar_table,8,engine/engines/_canonical/code/cgame/cg_main.c,1954,SOURCE_ONLY; conditional compilation not evaluated
WolfcamQL,12.7test49,cvar_table,cg_hitBeep,engine/engines/_canonical/code/cgame/cg_main.c,1956,SOURCE_ONLY; conditional compilation not evaluated
WolfcamQL,12.7test49,cvar_table,cg_drawSpawns,engine/engines/_canonical/code/cgame/cg_main.c,1958,SOURCE_ONLY; conditional compilation not evaluated
WolfcamQL,12.7test49,cvar_table,cg_drawSpawnsInitial,engine/engines/_canonical/code/cgame/cg_main.c,1959,SOURCE_ONLY; conditional compilation not evaluated
WolfcamQL,12.7test49,cvar_table,cg_drawSpawnsInitalZ,engine/engines/_canonical/code/cgame/cg_main.c,1960,SOURCE_ONLY; conditional compilation not evaluated
WolfcamQL,12.7test49,cvar_table,cg_drawSpawnsRespawns,engine/engines/_canonical/code/cgame/cg_main.c,1961,SOURCE_ONLY; conditional compilation not evaluated
WolfcamQL,12.7test49,cvar_table,cg_drawSpawnsRespawnsZ,engine/engines/_canonical/code/cgame/cg_main.c,1962,SOURCE_ONLY; conditional compilation not evaluated
WolfcamQL,12.7test49,cvar_table,cg_drawSpawnsShared,engine/engines/_canonical/code/cgame/cg_main.c,1963,SOURCE_ONLY; conditional compilation not evaluated
WolfcamQL,12.7test49,cvar_table,cg_drawSpawnsSharedZ,engine/engines/_canonical/code/cgame/cg_main.c,1964,SOURCE_ONLY; conditional compilation not evaluated
WolfcamQL,12.7test49,cvar_table,cg_freecam_noclip,engine/engines/_canonical/code/cgame/cg_main.c,1966,SOURCE_ONLY; conditional compilation not evaluated
WolfcamQL,12.7test49,cvar_table,cg_freecam_sensitivity,engine/engines/_canonical/code/cgame/cg_main.c,1967,SOURCE_ONLY; conditional compilation not evaluated
WolfcamQL,12.7test49,cvar_table,cg_freecam_yaw,engine/engines/_canonical/code/cgame/cg_main.c,1968,SOURCE_ONLY; conditional compilation not evaluated
WolfcamQL,12.7test49,cvar_table,cg_freecam_pitch,engine/engines/_canonical/code/cgame/cg_main.c,1969,SOURCE_ONLY; conditional compilation not evaluated
WolfcamQL,12.7test49,cvar_table,cg_freecam_speed,engine/engines/_canonical/code/cgame/cg_main.c,1970,SOURCE_ONLY; conditional compilation not evaluated
WolfcamQL,12.7test49,cvar_table,cg_freecam_crosshair,engine/engines/_canonical/code/cgame/cg_main.c,1971,SOURCE_ONLY; conditional compilation not evaluated
WolfcamQL,12.7test49,cvar_table,cg_freecam_useTeamSettings,engine/engines/_canonical/code/cgame/cg_main.c,1972,SOURCE_ONLY; conditional compilation not evaluated
WolfcamQL,12.7test49,cvar_table,cg_freecam_rollValue,engine/engines/_canonical/code/cgame/cg_main.c,1973,SOURCE_ONLY; conditional compilation not evaluated
WolfcamQL,12.7test49,cvar_table,cg_freecam_useServerView,engine/engines/_canonical/code/cgame/cg_main.c,1974,SOURCE_ONLY; conditional compilation not evaluated
WolfcamQL,12.7test49,cvar_table,cg_freecam_unlockPitch,engine/engines/_canonical/code/cgame/cg_main.c,1975,SOURCE_ONLY; conditional compilation not evaluated
WolfcamQL,12.7test49,cvar_table,cg_chatTime,engine/engines/_canonical/code/cgame/cg_main.c,1977,SOURCE_ONLY; conditional compilation not evaluated
WolfcamQL,12.7test49,cvar_table,cg_chatLines,engine/engines/_canonical/code/cgame/cg_main.c,1978,SOURCE_ONLY; conditional compilation not evaluated
WolfcamQL,12.7test49,cvar_table,cg_chatHistoryLength,engine/engines/_canonical/code/cgame/cg_main.c,1979,SOURCE_ONLY; conditional compilation not evaluated
WolfcamQL,12.7test49,cvar_table,cg_chatBeep,engine/engines/_canonical/code/cgame/cg_main.c,1980,SOURCE_ONLY; conditional compilation not evaluated
WolfcamQL,12.7test49,cvar_table,cg_chatBeepMaxTime,engine/engines/_canonical/code/cgame/cg_main.c,1981,SOURCE_ONLY; conditional compilation not evaluated
WolfcamQL,12.7test49,cvar_table,cg_teamChatBeep,engine/engines/_canonical/code/cgame/cg_main.c,1982,SOURCE_ONLY; conditional compilation not evaluated
WolfcamQL,12.7test49,cvar_table,cg_teamChatBeepMaxTime,engine/engines/_canonical/code/cgame/cg_main.c,1983,SOURCE_ONLY; conditional compilation not evaluated
WolfcamQL,12.7test49,cvar_table,0,engine/engines/_canonical/code/cgame/cg_main.c,1985,SOURCE_ONLY; conditional compilation not evaluated
WolfcamQL,12.7test49,cvar_table,1,engine/engines/_canonical/code/cgame/cg_main.c,1986,SOURCE_ONLY; conditional compilation not evaluated
WolfcamQL,12.7test49,cvar_table,1,engine/engines/_canonical/code/cgame/cg_main.c,1987,SOURCE_ONLY; conditional compilation not evaluated
WolfcamQL,12.7test49,cvar_table,1,engine/engines/_canonical/code/cgame/cg_main.c,1989,SOURCE_ONLY; conditional compilation not evaluated
WolfcamQL,12.7test49,cvar_table,0,engine/engines/_canonical/code/cgame/cg_main.c,1990,SOURCE_ONLY; conditional compilation not evaluated
WolfcamQL,12.7test49,cvar_table,1,engine/engines/_canonical/code/cgame/cg_main.c,1991,SOURCE_ONLY; conditional compilation not evaluated
WolfcamQL,12.7test49,cvar_table,cg_drawCenterPrint,engine/engines/_canonical/code/cgame/cg_main.c,1993,SOURCE_ONLY; conditional compilation not evaluated
WolfcamQL,12.7test49,cvar_table,cg_drawCenterPrintX,engine/engines/_canonical/code/cgame/cg_main.c,1994,SOURCE_ONLY; conditional compilation not evaluated
WolfcamQL,12.7test49,cvar_table,cg_drawCenterPrintY,engine/engines/_canonical/code/cgame/cg_main.c,1995,SOURCE_ONLY; conditional compilation not evaluated
WolfcamQL,12.7test49,cvar_table,cg_drawCenterPrintAlign,engine/engines/_canonical/code/cgame/cg_main.c,1996,SOURCE_ONLY; conditional compilation not evaluated
WolfcamQL,12.7test49,cvar_table,cg_drawCenterPrintStyle,engine/engines/_canonical/code/cgame/cg_main.c,1997,SOURCE_ONLY; conditional compilation not evaluated
WolfcamQL,12.7test49,cvar_table,cg_drawCenterPrintFont,engine/engines/_canonical/code/cgame/cg_main.c,1998,SOURCE_ONLY; conditional compilation not evaluated
WolfcamQL,12.7test49,cvar_table,cg_drawCenterPrintPointSize,engine/engines/_canonical/code/cgame/cg_main.c,1999,SOURCE_ONLY; conditional compilation not evaluated
WolfcamQL,12.7test49,cvar_table,cg_drawCenterPrintScale,engine/engines/_canonical/code/cgame/cg_main.c,2000,SOURCE_ONLY; conditional compilation not evaluated
WolfcamQL,12.7test49,cvar_table,cg_drawCenterPrintTime,engine/engines/_canonical/code/cgame/cg_main.c,2001,SOURCE_ONLY; conditional compilation not evaluated
WolfcamQL,12.7test49,cvar_table,cg_drawCenterPrintColor,engine/engines/_canonical/code/cgame/cg_main.c,2002,SOURCE_ONLY; conditional compilation not evaluated
WolfcamQL,12.7test49,cvar_table,cg_drawCenterPrintAlpha,engine/engines/_canonical/code/cgame/cg_main.c,2003,SOURCE_ONLY; conditional compilation not evaluated
WolfcamQL,12.7test49,cvar_table,cg_drawCenterPrintFade,engine/engines/_canonical/code/cgame/cg_main.c,2004,SOURCE_ONLY; conditional compilation not evaluated
WolfcamQL,12.7test49,cvar_table,cg_drawCenterPrintFadeTime,engine/engines/_canonical/code/cgame/cg_main.c,2005,SOURCE_ONLY; conditional compilation not evaluated
WolfcamQL,12.7test49,cvar_table,2,engine/engines/_canonical/code/cgame/cg_main.c,2006,SOURCE_ONLY; conditional compilation not evaluated
WolfcamQL,12.7test49,cvar_table,0,engine/engines/_canonical/code/cgame/cg_main.c,2007,SOURCE_ONLY; conditional compilation not evaluated
WolfcamQL,12.7test49,cvar_table,6.0,engine/engines/_canonical/code/cgame/cg_main.c,2008,SOURCE_ONLY; conditional compilation not evaluated
WolfcamQL,12.7test49,cvar_table,cg_drawVote,engine/engines/_canonical/code/cgame/cg_main.c,2010,SOURCE_ONLY; conditional compilation not evaluated
WolfcamQL,12.7test49,cvar_table,cg_drawVoteX,engine/engines/_canonical/code/cgame/cg_main.c,2011,SOURCE_ONLY; conditional compilation not evaluated
WolfcamQL,12.7test49,cvar_table,cg_drawVoteY,engine/engines/_canonical/code/cgame/cg_main.c,2012,SOURCE_ONLY; conditional compilation not evaluated
WolfcamQL,12.7test49,cvar_table,cg_drawVoteAlign,engine/engines/_canonical/code/cgame/cg_main.c,2013,SOURCE_ONLY; conditional compilation not evaluated
WolfcamQL,12.7test49,cvar_table,cg_drawVoteStyle,engine/engines/_canonical/code/cgame/cg_main.c,2014,SOURCE_ONLY; conditional compilation not evaluated
WolfcamQL,12.7test49,cvar_table,cg_drawVoteFont,engine/engines/_canonical/code/cgame/cg_main.c,2015,SOURCE_ONLY; conditional compilation not evaluated
WolfcamQL,12.7test49,cvar_table,cg_drawVotePointSize,engine/engines/_canonical/code/cgame/cg_main.c,2016,SOURCE_ONLY; conditional compilation not evaluated
WolfcamQL,12.7test49,cvar_table,cg_drawVoteScale,engine/engines/_canonical/code/cgame/cg_main.c,2017,SOURCE_ONLY; conditional compilation not evaluated
WolfcamQL,12.7test49,cvar_table,cg_drawVoteColor,engine/engines/_canonical/code/cgame/cg_main.c,2018,SOURCE_ONLY; conditional compilation not evaluated
WolfcamQL,12.7test49,cvar_table,cg_drawVoteAlpha,engine/engines/_canonical/code/cgame/cg_main.c,2019,SOURCE_ONLY; conditional compilation not evaluated
WolfcamQL,12.7test49,cvar_table,1,engine/engines/_canonical/code/cgame/cg_main.c,2020,SOURCE_ONLY; conditional compilation not evaluated
WolfcamQL,12.7test49,cvar_table,cg_drawTeamVote,engine/engines/_canonical/code/cgame/cg_main.c,2022,SOURCE_ONLY; conditional compilation not evaluated
WolfcamQL,12.7test49,cvar_table,cg_drawTeamVoteX,engine/engines/_canonical/code/cgame/cg_main.c,2023,SOURCE_ONLY; conditional compilation not evaluated
WolfcamQL,12.7test49,cvar_table,cg_drawTeamVoteY,engine/engines/_canonical/code/cgame/cg_main.c,2024,SOURCE_ONLY; conditional compilation not evaluated
WolfcamQL,12.7test49,cvar_table,cg_drawTeamVoteAlign,engine/engines/_canonical/code/cgame/cg_main.c,2025,SOURCE_ONLY; conditional compilation not evaluated
WolfcamQL,12.7test49,cvar_table,cg_drawTeamVoteStyle,engine/engines/_canonical/code/cgame/cg_main.c,2026,SOURCE_ONLY; conditional compilation not evaluated
WolfcamQL,12.7test49,cvar_table,cg_drawTeamVoteFont,engine/engines/_canonical/code/cgame/cg_main.c,2027,SOURCE_ONLY; conditional compilation not evaluated
WolfcamQL,12.7test49,cvar_table,cg_drawTeamVotePointSize,engine/engines/_canonical/code/cgame/cg_main.c,2028,SOURCE_ONLY; conditional compilation not evaluated
WolfcamQL,12.7test49,cvar_table,cg_drawTeamVoteScale,engine/engines/_canonical/code/cgame/cg_main.c,2029,SOURCE_ONLY; conditional compilation not evaluated
WolfcamQL,12.7test49,cvar_table,cg_drawTeamVoteColor,engine/engines/_canonical/code/cgame/cg_main.c,2030,SOURCE_ONLY; conditional compilation not evaluated
WolfcamQL,12.7test49,cvar_table,cg_drawTeamVoteAlpha,engine/engines/_canonical/code/cgame/cg_main.c,2031,SOURCE_ONLY; conditional compilation not evaluated
WolfcamQL,12.7test49,cvar_table,1,engine/engines/_canonical/code/cgame/cg_main.c,2032,SOURCE_ONLY; conditional compilation not evaluated
WolfcamQL,12.7test49,cvar_table,cg_drawWaitingForPlayers,engine/engines/_canonical/code/cgame/cg_main.c,2034,SOURCE_ONLY; conditional compilation not evaluated
WolfcamQL,12.7test49,cvar_table,cg_drawWaitingForPlayersX,engine/engines/_canonical/code/cgame/cg_main.c,2035,SOURCE_ONLY; conditional compilation not evaluated
WolfcamQL,12.7test49,cvar_table,cg_drawWaitingForPlayersY,engine/engines/_canonical/code/cgame/cg_main.c,2036,SOURCE_ONLY; conditional compilation not evaluated
WolfcamQL,12.7test49,cvar_table,cg_drawWaitingForPlayersAlign,engine/engines/_canonical/code/cgame/cg_main.c,2037,SOURCE_ONLY; conditional compilation not evaluated
WolfcamQL,12.7test49,cvar_table,cg_drawWaitingForPlayersStyle,engine/engines/_canonical/code/cgame/cg_main.c,2038,SOURCE_ONLY; conditional compilation not evaluated
WolfcamQL,12.7test49,cvar_table,cg_drawWaitingForPlayersFont,engine/engines/_canonical/code/cgame/cg_main.c,2039,SOURCE_ONLY; conditional compilation not evaluated
WolfcamQL,12.7test49,cvar_table,cg_drawWaitingForPlayersPointSize,engine/engines/_canonical/code/cgame/cg_main.c,2040,SOURCE_ONLY; conditional compilation not evaluated
WolfcamQL,12.7test49,cvar_table,cg_drawWaitingForPlayersScale,engine/engines/_canonical/code/cgame/cg_main.c,2041,SOURCE_ONLY; conditional compilation not evaluated
WolfcamQL,12.7test49,cvar_table,cg_drawWaitingForPlayersColor,engine/engines/_canonical/code/cgame/cg_main.c,2042,SOURCE_ONLY; conditional compilation not evaluated
WolfcamQL,12.7test49,cvar_table,cg_drawWaitingForPlayersAlpha,engine/engines/_canonical/code/cgame/cg_main.c,2043,SOURCE_ONLY; conditional compilation not evaluated
WolfcamQL,12.7test49,cvar_table,2,engine/engines/_canonical/code/cgame/cg_main.c,2044,SOURCE_ONLY; conditional compilation not evaluated
WolfcamQL,12.7test49,cvar_table,cg_drawWarmupString,engine/engines/_canonical/code/cgame/cg_main.c,2046,SOURCE_ONLY; conditional compilation not evaluated
WolfcamQL,12.7test49,cvar_table,cg_drawWarmupStringX,engine/engines/_canonical/code/cgame/cg_main.c,2047,SOURCE_ONLY; conditional compilation not evaluated
WolfcamQL,12.7test49,cvar_table,cg_drawWarmupStringY,engine/engines/_canonical/code/cgame/cg_main.c,2048,SOURCE_ONLY; conditional compilation not evaluated
WolfcamQL,12.7test49,cvar_table,cg_drawWarmupStringAlign,engine/engines/_canonical/code/cgame/cg_main.c,2049,SOURCE_ONLY; conditional compilation not evaluated
WolfcamQL,12.7test49,cvar_table,cg_drawWarmupStringStyle,engine/engines/_canonical/code/cgame/cg_main.c,2050,SOURCE_ONLY; conditional compilation not evaluated
WolfcamQL,12.7test49,cvar_table,cg_drawWarmupStringFont,engine/engines/_canonical/code/cgame/cg_main.c,2051,SOURCE_ONLY; conditional compilation not evaluated
WolfcamQL,12.7test49,cvar_table,cg_drawWarmupStringPointSize,engine/engines/_canonical/code/cgame/cg_main.c,2052,SOURCE_ONLY; conditional compilation not evaluated
WolfcamQL,12.7test49,cvar_table,cg_drawWarmupStringScale,engine/engines/_canonical/code/cgame/cg_main.c,2053,SOURCE_ONLY; conditional compilation not evaluated
WolfcamQL,12.7test49,cvar_table,cg_drawWarmupStringColor,engine/engines/_canonical/code/cgame/cg_main.c,2054,SOURCE_ONLY; conditional compilation not evaluated
WolfcamQL,12.7test49,cvar_table,cg_drawWarmupStringAlpha,engine/engines/_canonical/code/cgame/cg_main.c,2055,SOURCE_ONLY; conditional compilation not evaluated
WolfcamQL,12.7test49,cvar_table,2,engine/engines/_canonical/code/cgame/cg_main.c,2056,SOURCE_ONLY; conditional compilation not evaluated
WolfcamQL,12.7test49,cvar_table,cg_ambientSounds,engine/engines/_canonical/code/cgame/cg_main.c,2058,SOURCE_ONLY; conditional compilation not evaluated
WolfcamQL,12.7test49,cvar_table,wolfcam_hoverTime,engine/engines/_canonical/code/cgame/cg_main.c,2060,SOURCE_ONLY; conditional compilation not evaluated
WolfcamQL,12.7test49,cvar_table,wolfcam_switchMode,engine/engines/_canonical/code/cgame/cg_main.c,2061,SOURCE_ONLY; conditional compilation not evaluated
WolfcamQL,12.7test49,cvar_table,wolfcam_firstPersonSwitchSoundStyle,engine/engines/_canonical/code/cgame/cg_main.c,2063,SOURCE_ONLY; conditional compilation not evaluated
WolfcamQL,12.7test49,cvar_table,1,engine/engines/_canonical/code/cgame/cg_main.c,2064,SOURCE_ONLY; conditional compilation not evaluated
WolfcamQL,12.7test49,cvar_table,0xff00ff,engine/engines/_canonical/code/cgame/cg_main.c,2065,SOURCE_ONLY; conditional compilation not evaluated
WolfcamQL,12.7test49,cvar_table,255,engine/engines/_canonical/code/cgame/cg_main.c,2066,SOURCE_ONLY; conditional compilation not evaluated
WolfcamQL,12.7test49,cvar_table,1,engine/engines/_canonical/code/cgame/cg_main.c,2067,SOURCE_ONLY; conditional compilation not evaluated
WolfcamQL,12.7test49,cvar_table,4000,engine/engines/_canonical/code/cgame/cg_main.c,2068,SOURCE_ONLY; conditional compilation not evaluated
WolfcamQL,12.7test49,cvar_table,5000,engine/engines/_canonical/code/cgame/cg_main.c,2069,SOURCE_ONLY; conditional compilation not evaluated
WolfcamQL,12.7test49,cvar_table,1,engine/engines/_canonical/code/cgame/cg_main.c,2070,SOURCE_ONLY; conditional compilation not evaluated
WolfcamQL,12.7test49,cvar_table,cg_interpolateMissiles,engine/engines/_canonical/code/cgame/cg_main.c,2072,SOURCE_ONLY; conditional compilation not evaluated
WolfcamQL,12.7test49,cvar_table,cg_wh,engine/engines/_canonical/code/cgame/cg_main.c,2074,SOURCE_ONLY; conditional compilation not evaluated
WolfcamQL,12.7test49,cvar_table,1,engine/engines/_canonical/code/cgame/cg_main.c,2075,SOURCE_ONLY; conditional compilation not evaluated
WolfcamQL,12.7test49,cvar_table,1,engine/engines/_canonical/code/cgame/cg_main.c,2076,SOURCE_ONLY; conditional compilation not evaluated
WolfcamQL,12.7test49,cvar_table,cg_whShader,engine/engines/_canonical/code/cgame/cg_main.c,2077,SOURCE_ONLY; conditional compilation not evaluated
WolfcamQL,12.7test49,cvar_table,cg_playerShader,engine/engines/_canonical/code/cgame/cg_main.c,2078,SOURCE_ONLY; conditional compilation not evaluated
WolfcamQL,12.7test49,cvar_table,0xffffff,engine/engines/_canonical/code/cgame/cg_main.c,2079,SOURCE_ONLY; conditional compilation not evaluated
WolfcamQL,12.7test49,cvar_table,30,engine/engines/_canonical/code/cgame/cg_main.c,2080,SOURCE_ONLY; conditional compilation not evaluated
WolfcamQL,12.7test49,cvar_table,0xaf1f00,engine/engines/_canonical/code/cgame/cg_main.c,2082,SOURCE_ONLY; conditional compilation not evaluated
WolfcamQL,12.7test49,cvar_table,30,engine/engines/_canonical/code/cgame/cg_main.c,2083,SOURCE_ONLY; conditional compilation not evaluated
WolfcamQL,12.7test49,cvar_table,wolfcam_fixedViewAngles,engine/engines/_canonical/code/cgame/cg_main.c,2084,SOURCE_ONLY; conditional compilation not evaluated
WolfcamQL,12.7test49,cvar_table,cg_useOriginalInterpolation,engine/engines/_canonical/code/cgame/cg_main.c,2085,SOURCE_ONLY; conditional compilation not evaluated
WolfcamQL,12.7test49,cvar_table,cg_drawBBox,engine/engines/_canonical/code/cgame/cg_main.c,2086,SOURCE_ONLY; conditional compilation not evaluated
WolfcamQL,12.7test49,cvar_table,cg_hudRedTeamColor,engine/engines/_canonical/code/cgame/cg_main.c,2088,SOURCE_ONLY; conditional compilation not evaluated
WolfcamQL,12.7test49,cvar_table,cg_hudBlueTeamColor,engine/engines/_canonical/code/cgame/cg_main.c,2089,SOURCE_ONLY; conditional compilation not evaluated
WolfcamQL,12.7test49,cvar_table,cg_hudNoTeamColor,engine/engines/_canonical/code/cgame/cg_main.c,2090,SOURCE_ONLY; conditional compilation not evaluated
WolfcamQL,12.7test49,cvar_table,0xffffff,engine/engines/_canonical/code/cgame/cg_main.c,2091,SOURCE_ONLY; conditional compilation not evaluated
WolfcamQL,12.7test49,cvar_table,cg_hudForceRedTeamClanTag,engine/engines/_canonical/code/cgame/cg_main.c,2093,SOURCE_ONLY; conditional compilation not evaluated
WolfcamQL,12.7test49,cvar_table,cg_hudForceBlueTeamClanTag,engine/engines/_canonical/code/cgame/cg_main.c,2094,SOURCE_ONLY; conditional compilation not evaluated
WolfcamQL,12.7test49,cvar_table,cg_enemyModel,engine/engines/_canonical/code/cgame/cg_main.c,2096,SOURCE_ONLY; conditional compilation not evaluated
WolfcamQL,12.7test49,cvar_table,keel/bright,engine/engines/_canonical/code/cgame/cg_main.c,2097,SOURCE_ONLY; conditional compilation not evaluated
WolfcamQL,12.7test49,cvar_table,cg_enemyHeadSkin,engine/engines/_canonical/code/cgame/cg_main.c,2098,SOURCE_ONLY; conditional compilation not evaluated
WolfcamQL,12.7test49,cvar_table,cg_enemyTorsoSkin,engine/engines/_canonical/code/cgame/cg_main.c,2099,SOURCE_ONLY; conditional compilation not evaluated
WolfcamQL,12.7test49,cvar_table,cg_enemyLegsSkin,engine/engines/_canonical/code/cgame/cg_main.c,2100,SOURCE_ONLY; conditional compilation not evaluated
WolfcamQL,12.7test49,cvar_table,cg_enemyHeadColor,engine/engines/_canonical/code/cgame/cg_main.c,2101,SOURCE_ONLY; conditional compilation not evaluated
WolfcamQL,12.7test49,cvar_table,cg_enemyTorsoColor,engine/engines/_canonical/code/cgame/cg_main.c,2102,SOURCE_ONLY; conditional compilation not evaluated
WolfcamQL,12.7test49,cvar_table,cg_enemyLegsColor,engine/engines/_canonical/code/cgame/cg_main.c,2103,SOURCE_ONLY; conditional compilation not evaluated
WolfcamQL,12.7test49,cvar_table,cg_enemyRailColor1,engine/engines/_canonical/code/cgame/cg_main.c,2104,SOURCE_ONLY; conditional compilation not evaluated
WolfcamQL,12.7test49,cvar_table,cg_enemyRailColor2,engine/engines/_canonical/code/cgame/cg_main.c,2105,SOURCE_ONLY; conditional compilation not evaluated
WolfcamQL,12.7test49,cvar_table,cg_enemyRailRings,engine/engines/_canonical/code/cgame/cg_main.c,2107,SOURCE_ONLY; conditional compilation not evaluated
WolfcamQL,12.7test49,cvar_table,cg_enemyRailNudge,engine/engines/_canonical/code/cgame/cg_main.c,2108,SOURCE_ONLY; conditional compilation not evaluated
WolfcamQL,12.7test49,cvar_table,cg_enemyRailItemColor,engine/engines/_canonical/code/cgame/cg_main.c,2109,SOURCE_ONLY; conditional compilation not evaluated
WolfcamQL,12.7test49,cvar_table,0x00ff00,engine/engines/_canonical/code/cgame/cg_main.c,2110,SOURCE_ONLY; conditional compilation not evaluated
WolfcamQL,12.7test49,cvar_table,cg_teamModel,engine/engines/_canonical/code/cgame/cg_main.c,2112,SOURCE_ONLY; conditional compilation not evaluated
WolfcamQL,12.7test49,cvar_table,cg_teamHeadSkin,engine/engines/_canonical/code/cgame/cg_main.c,2114,SOURCE_ONLY; conditional compilation not evaluated
WolfcamQL,12.7test49,cvar_table,cg_teamTorsoSkin,engine/engines/_canonical/code/cgame/cg_main.c,2115,SOURCE_ONLY; conditional compilation not evaluated
WolfcamQL,12.7test49,cvar_table,cg_teamLegsSkin,engine/engines/_canonical/code/cgame/cg_main.c,2116,SOURCE_ONLY; conditional compilation not evaluated
WolfcamQL,12.7test49,cvar_table,cg_teamHeadColor,engine/engines/_canonical/code/cgame/cg_main.c,2117,SOURCE_ONLY; conditional compilation not evaluated
WolfcamQL,12.7test49,cvar_table,cg_teamTorsoColor,engine/engines/_canonical/code/cgame/cg_main.c,2118,SOURCE_ONLY; conditional compilation not evaluated
WolfcamQL,12.7test49,cvar_table,cg_teamLegsColor,engine/engines/_canonical/code/cgame/cg_main.c,2119,SOURCE_ONLY; conditional compilation not evaluated
WolfcamQL,12.7test49,cvar_table,cg_teamRailColor1,engine/engines/_canonical/code/cgame/cg_main.c,2120,SOURCE_ONLY; conditional compilation not evaluated
WolfcamQL,12.7test49,cvar_table,cg_teamRailColor2,engine/engines/_canonical/code/cgame/cg_main.c,2121,SOURCE_ONLY; conditional compilation not evaluated
WolfcamQL,12.7test49,cvar_table,cg_teamRailRings,engine/engines/_canonical/code/cgame/cg_main.c,2123,SOURCE_ONLY; conditional compilation not evaluated
WolfcamQL,12.7test49,cvar_table,cg_teamRailNudge,engine/engines/_canonical/code/cgame/cg_main.c,2124,SOURCE_ONLY; conditional compilation not evaluated
WolfcamQL,12.7test49,cvar_table,cg_teamRailItemColor,engine/engines/_canonical/code/cgame/cg_main.c,2125,SOURCE_ONLY; conditional compilation not evaluated
WolfcamQL,12.7test49,cvar_table,0xffffff,engine/engines/_canonical/code/cgame/cg_main.c,2126,SOURCE_ONLY; conditional compilation not evaluated
WolfcamQL,12.7test49,cvar_table,0xff0000,engine/engines/_canonical/code/cgame/cg_main.c,2133,SOURCE_ONLY; conditional compilation not evaluated
WolfcamQL,12.7test49,cvar_table,0xff0000,engine/engines/_canonical/code/cgame/cg_main.c,2134,SOURCE_ONLY; conditional compilation not evaluated
WolfcamQL,12.7test49,cvar_table,0xff0000,engine/engines/_canonical/code/cgame/cg_main.c,2135,SOURCE_ONLY; conditional compilation not evaluated
WolfcamQL,12.7test49,cvar_table,1,engine/engines/_canonical/code/cgame/cg_main.c,2141,SOURCE_ONLY; conditional compilation not evaluated
WolfcamQL,12.7test49,cvar_table,0xff0000,engine/engines/_canonical/code/cgame/cg_main.c,2142,SOURCE_ONLY; conditional compilation not evaluated
WolfcamQL,12.7test49,cvar_table,0x0000ff,engine/engines/_canonical/code/cgame/cg_main.c,2149,SOURCE_ONLY; conditional compilation not evaluated
WolfcamQL,12.7test49,cvar_table,0x0000ff,engine/engines/_canonical/code/cgame/cg_main.c,2150,SOURCE_ONLY; conditional compilation not evaluated
WolfcamQL,12.7test49,cvar_table,0x0000ff,engine/engines/_canonical/code/cgame/cg_main.c,2151,SOURCE_ONLY; conditional compilation not evaluated
WolfcamQL,12.7test49,cvar_table,0,engine/engines/_canonical/code/cgame/cg_main.c,2157,SOURCE_ONLY; conditional compilation not evaluated
WolfcamQL,12.7test49,cvar_table,0x0000ff,engine/engines/_canonical/code/cgame/cg_main.c,2158,SOURCE_ONLY; conditional compilation not evaluated
WolfcamQL,12.7test49,cvar_table,0,engine/engines/_canonical/code/cgame/cg_main.c,2160,SOURCE_ONLY; conditional compilation not evaluated
WolfcamQL,12.7test49,cvar_table,0,engine/engines/_canonical/code/cgame/cg_main.c,2161,SOURCE_ONLY; conditional compilation not evaluated
WolfcamQL,12.7test49,cvar_table,0,engine/engines/_canonical/code/cgame/cg_main.c,2162,SOURCE_ONLY; conditional compilation not evaluated
WolfcamQL,12.7test49,cvar_table,cg_useDefaultTeamSkins,engine/engines/_canonical/code/cgame/cg_main.c,2164,SOURCE_ONLY; conditional compilation not evaluated
WolfcamQL,12.7test49,cvar_table,2,engine/engines/_canonical/code/cgame/cg_main.c,2165,SOURCE_ONLY; conditional compilation not evaluated
WolfcamQL,12.7test49,cvar_table,0xf6f600,engine/engines/_canonical/code/cgame/cg_main.c,2168,SOURCE_ONLY; conditional compilation not evaluated
WolfcamQL,12.7test49,cvar_table,1,engine/engines/_canonical/code/cgame/cg_main.c,2170,SOURCE_ONLY; conditional compilation not evaluated
WolfcamQL,12.7test49,cvar_table,1,engine/engines/_canonical/code/cgame/cg_main.c,2171,SOURCE_ONLY; conditional compilation not evaluated
WolfcamQL,12.7test49,cvar_table,0xff5a00,engine/engines/_canonical/code/cgame/cg_main.c,2172,SOURCE_ONLY; conditional compilation not evaluated
WolfcamQL,12.7test49,cvar_table,0xff5a00,engine/engines/_canonical/code/cgame/cg_main.c,2173,SOURCE_ONLY; conditional compilation not evaluated
WolfcamQL,12.7test49,cvar_table,0xff0000,engine/engines/_canonical/code/cgame/cg_main.c,2174,SOURCE_ONLY; conditional compilation not evaluated
WolfcamQL,12.7test49,cvar_table,0x00a5ff,engine/engines/_canonical/code/cgame/cg_main.c,2175,SOURCE_ONLY; conditional compilation not evaluated
WolfcamQL,12.7test49,cvar_table,0x00a5ff,engine/engines/_canonical/code/cgame/cg_main.c,2176,SOURCE_ONLY; conditional compilation not evaluated
WolfcamQL,12.7test49,cvar_table,0x0000ff,engine/engines/_canonical/code/cgame/cg_main.c,2177,SOURCE_ONLY; conditional compilation not evaluated
WolfcamQL,12.7test49,cvar_table,bright,engine/engines/_canonical/code/cgame/cg_main.c,2179,SOURCE_ONLY; conditional compilation not evaluated
WolfcamQL,12.7test49,cvar_table,1,engine/engines/_canonical/code/cgame/cg_main.c,2180,SOURCE_ONLY; conditional compilation not evaluated
WolfcamQL,12.7test49,cvar_table,1,engine/engines/_canonical/code/cgame/cg_main.c,2182,SOURCE_ONLY; conditional compilation not evaluated
WolfcamQL,12.7test49,cvar_table,0xff5a00,engine/engines/_canonical/code/cgame/cg_main.c,2183,SOURCE_ONLY; conditional compilation not evaluated
WolfcamQL,12.7test49,cvar_table,0x00a5ff,engine/engines/_canonical/code/cgame/cg_main.c,2184,SOURCE_ONLY; conditional compilation not evaluated
WolfcamQL,12.7test49,cvar_table,model,engine/engines/_canonical/code/cgame/cg_main.c,2187,SOURCE_ONLY; conditional compilation not evaluated
WolfcamQL,12.7test49,cvar_table,headmodel,engine/engines/_canonical/code/cgame/cg_main.c,2188,SOURCE_ONLY; conditional compilation not evaluated
WolfcamQL,12.7test49,cvar_table,0xffffff,engine/engines/_canonical/code/cgame/cg_main.c,2193,SOURCE_ONLY; conditional compilation not evaluated
WolfcamQL,12.7test49,cvar_table,0xffffff,engine/engines/_canonical/code/cgame/cg_main.c,2194,SOURCE_ONLY; conditional compilation not evaluated
WolfcamQL,12.7test49,cvar_table,0xffffff,engine/engines/_canonical/code/cgame/cg_main.c,2195,SOURCE_ONLY; conditional compilation not evaluated
WolfcamQL,12.7test49,cvar_table,cg_deadBodyColor,engine/engines/_canonical/code/cgame/cg_main.c,2198,SOURCE_ONLY; conditional compilation not evaluated
WolfcamQL,12.7test49,cvar_table,1,engine/engines/_canonical/code/cgame/cg_main.c,2199,SOURCE_ONLY; conditional compilation not evaluated
WolfcamQL,12.7test49,cvar_table,crash,engine/engines/_canonical/code/cgame/cg_main.c,2200,SOURCE_ONLY; conditional compilation not evaluated
WolfcamQL,12.7test49,cvar_table,crash,engine/engines/_canonical/code/cgame/cg_main.c,2201,SOURCE_ONLY; conditional compilation not evaluated
WolfcamQL,12.7test49,cvar_table,cg_audioAnnouncer,engine/engines/_canonical/code/cgame/cg_main.c,2203,SOURCE_ONLY; conditional compilation not evaluated
WolfcamQL,12.7test49,cvar_table,cg_audioAnnouncerRewards,engine/engines/_canonical/code/cgame/cg_main.c,2204,SOURCE_ONLY; conditional compilation not evaluated
WolfcamQL,12.7test49,cvar_table,cg_audioAnnouncerRewardsFirst,engine/engines/_canonical/code/cgame/cg_main.c,2205,SOURCE_ONLY; conditional compilation not evaluated
WolfcamQL,12.7test49,cvar_table,cg_audioAnnouncerRound,engine/engines/_canonical/code/cgame/cg_main.c,2206,SOURCE_ONLY; conditional compilation not evaluated
WolfcamQL,12.7test49,cvar_table,1,engine/engines/_canonical/code/cgame/cg_main.c,2207,SOURCE_ONLY; conditional compilation not evaluated
WolfcamQL,12.7test49,cvar_table,cg_audioAnnouncerWarmup,engine/engines/_canonical/code/cgame/cg_main.c,2208,SOURCE_ONLY; conditional compilation not evaluated
WolfcamQL,12.7test49,cvar_table,cg_audioAnnouncerVote,engine/engines/_canonical/code/cgame/cg_main.c,2209,SOURCE_ONLY; conditional compilation not evaluated
WolfcamQL,12.7test49,cvar_table,cg_audioAnnouncerTeamVote,engine/engines/_canonical/code/cgame/cg_main.c,2210,SOURCE_ONLY; conditional compilation not evaluated
WolfcamQL,12.7test49,cvar_table,cg_audioAnnouncerFlagStatus,engine/engines/_canonical/code/cgame/cg_main.c,2211,SOURCE_ONLY; conditional compilation not evaluated
WolfcamQL,12.7test49,cvar_table,cg_audioAnnouncerLead,engine/engines/_canonical/code/cgame/cg_main.c,2212,SOURCE_ONLY; conditional compilation not evaluated
WolfcamQL,12.7test49,cvar_table,cg_audioAnnouncerTimeLimit,engine/engines/_canonical/code/cgame/cg_main.c,2213,SOURCE_ONLY; conditional compilation not evaluated
WolfcamQL,12.7test49,cvar_table,cg_audioAnnouncerFragLimit,engine/engines/_canonical/code/cgame/cg_main.c,2214,SOURCE_ONLY; conditional compilation not evaluated
WolfcamQL,12.7test49,cvar_table,cg_audioAnnouncerWin,engine/engines/_canonical/code/cgame/cg_main.c,2215,SOURCE_ONLY; conditional compilation not evaluated
WolfcamQL,12.7test49,cvar_table,cg_audioAnnouncerScore,engine/engines/_canonical/code/cgame/cg_main.c,2216,SOURCE_ONLY; conditional compilation not evaluated
WolfcamQL,12.7test49,cvar_table,cg_audioAnnouncerLastStanding,engine/engines/_canonical/code/cgame/cg_main.c,2217,SOURCE_ONLY; conditional compilation not evaluated
WolfcamQL,12.7test49,cvar_table,cg_audioAnnouncerDominationPoint,engine/engines/_canonical/code/cgame/cg_main.c,2218,SOURCE_ONLY; conditional compilation not evaluated
WolfcamQL,12.7test49,cvar_table,1,engine/engines/_canonical/code/cgame/cg_main.c,2219,SOURCE_ONLY; conditional compilation not evaluated
WolfcamQL,12.7test49,cvar_table,0,engine/engines/_canonical/code/cgame/cg_main.c,2220,SOURCE_ONLY; conditional compilation not evaluated
WolfcamQL,12.7test49,cvar_table,wolfcam_drawFollowing,engine/engines/_canonical/code/cgame/cg_main.c,2222,SOURCE_ONLY; conditional compilation not evaluated
WolfcamQL,12.7test49,cvar_table,wolfcam_drawFollowingOnlyName,engine/engines/_canonical/code/cgame/cg_main.c,2223,SOURCE_ONLY; conditional compilation not evaluated
WolfcamQL,12.7test49,cvar_table,cg_printTimeStamps,engine/engines/_canonical/code/cgame/cg_main.c,2225,SOURCE_ONLY; conditional compilation not evaluated
WolfcamQL,12.7test49,cvar_table,cg_screenDamageAlpha_Team,engine/engines/_canonical/code/cgame/cg_main.c,2226,SOURCE_ONLY; conditional compilation not evaluated
WolfcamQL,12.7test49,cvar_table,cg_screenDamage_Team,engine/engines/_canonical/code/cgame/cg_main.c,2227,SOURCE_ONLY; conditional compilation not evaluated
WolfcamQL,12.7test49,cvar_table,cg_screenDamageAlpha_Self,engine/engines/_canonical/code/cgame/cg_main.c,2228,SOURCE_ONLY; conditional compilation not evaluated
WolfcamQL,12.7test49,cvar_table,cg_screenDamage_Self,engine/engines/_canonical/code/cgame/cg_main.c,2229,SOURCE_ONLY; conditional compilation not evaluated
WolfcamQL,12.7test49,cvar_table,cg_screenDamageAlpha,engine/engines/_canonical/code/cgame/cg_main.c,2230,SOURCE_ONLY; conditional compilation not evaluated
WolfcamQL,12.7test49,cvar_table,cg_screenDamage,engine/engines/_canonical/code/cgame/cg_main.c,2231,SOURCE_ONLY; conditional compilation not evaluated
WolfcamQL,12.7test49,cvar_table,cg_echoPopupTime,engine/engines/_canonical/code/cgame/cg_main.c,2233,SOURCE_ONLY; conditional compilation not evaluated
WolfcamQL,12.7test49,cvar_table,cg_echoPopupX,engine/engines/_canonical/code/cgame/cg_main.c,2234,SOURCE_ONLY; conditional compilation not evaluated
WolfcamQL,12.7test49,cvar_table,cg_echoPopupY,engine/engines/_canonical/code/cgame/cg_main.c,2235,SOURCE_ONLY; conditional compilation not evaluated
WolfcamQL,12.7test49,cvar_table,cg_echoPopupScale,engine/engines/_canonical/code/cgame/cg_main.c,2236,SOURCE_ONLY; conditional compilation not evaluated
WolfcamQL,12.7test49,cvar_table,1,engine/engines/_canonical/code/cgame/cg_main.c,2237,SOURCE_ONLY; conditional compilation not evaluated
WolfcamQL,12.7test49,cvar_table,cg_accX,engine/engines/_canonical/code/cgame/cg_main.c,2239,SOURCE_ONLY; conditional compilation not evaluated
WolfcamQL,12.7test49,cvar_table,cg_accY,engine/engines/_canonical/code/cgame/cg_main.c,2240,SOURCE_ONLY; conditional compilation not evaluated
WolfcamQL,12.7test49,cvar_table,3,engine/engines/_canonical/code/cgame/cg_main.c,2241,SOURCE_ONLY; conditional compilation not evaluated
WolfcamQL,12.7test49,cvar_table,cg_loadDefaultMenus,engine/engines/_canonical/code/cgame/cg_main.c,2243,SOURCE_ONLY; conditional compilation not evaluated
WolfcamQL,12.7test49,cvar_table,cg_grenadeColor,engine/engines/_canonical/code/cgame/cg_main.c,2244,SOURCE_ONLY; conditional compilation not evaluated
WolfcamQL,12.7test49,cvar_table,cg_grenadeColorAlpha,engine/engines/_canonical/code/cgame/cg_main.c,2245,SOURCE_ONLY; conditional compilation not evaluated
WolfcamQL,12.7test49,cvar_table,cg_grenadeTeamColor,engine/engines/_canonical/code/cgame/cg_main.c,2246,SOURCE_ONLY; conditional compilation not evaluated
WolfcamQL,12.7test49,cvar_table,cg_grenadeTeamColorAlpha,engine/engines/_canonical/code/cgame/cg_main.c,2247,SOURCE_ONLY; conditional compilation not evaluated
WolfcamQL,12.7test49,cvar_table,cg_grenadeEnemyColor,engine/engines/_canonical/code/cgame/cg_main.c,2248,SOURCE_ONLY; conditional compilation not evaluated
WolfcamQL,12.7test49,cvar_table,cg_grenadeEnemyColorAlpha,engine/engines/_canonical/code/cgame/cg_main.c,2249,SOURCE_ONLY; conditional compilation not evaluated
WolfcamQL,12.7test49,cvar_table,cg_fragMessageStyle,engine/engines/_canonical/code/cgame/cg_main.c,2250,SOURCE_ONLY; conditional compilation not evaluated
WolfcamQL,12.7test49,cvar_table,cg_donka_rtcw_good_spellers,engine/engines/_canonical/code/cgame/cg_main.c,2252,SOURCE_ONLY; conditional compilation not evaluated
WolfcamQL,12.7test49,cvar_table,cg_drawFragMessageSeparate,engine/engines/_canonical/code/cgame/cg_main.c,2253,SOURCE_ONLY; conditional compilation not evaluated
WolfcamQL,12.7test49,cvar_table,cg_drawFragMessageX,engine/engines/_canonical/code/cgame/cg_main.c,2254,SOURCE_ONLY; conditional compilation not evaluated
WolfcamQL,12.7test49,cvar_table,cg_drawFragMessageY,engine/engines/_canonical/code/cgame/cg_main.c,2255,SOURCE_ONLY; conditional compilation not evaluated
WolfcamQL,12.7test49,cvar_table,cg_drawFragMessageAlign,engine/engines/_canonical/code/cgame/cg_main.c,2256,SOURCE_ONLY; conditional compilation not evaluated
WolfcamQL,12.7test49,cvar_table,cg_drawFragMessageStyle,engine/engines/_canonical/code/cgame/cg_main.c,2257,SOURCE_ONLY; conditional compilation not evaluated
WolfcamQL,12.7test49,cvar_table,cg_drawFragMessageFont,engine/engines/_canonical/code/cgame/cg_main.c,2258,SOURCE_ONLY; conditional compilation not evaluated
WolfcamQL,12.7test49,cvar_table,cg_drawFragMessagePointSize,engine/engines/_canonical/code/cgame/cg_main.c,2259,SOURCE_ONLY; conditional compilation not evaluated
WolfcamQL,12.7test49,cvar_table,cg_drawFragMessageScale,engine/engines/_canonical/code/cgame/cg_main.c,2260,SOURCE_ONLY; conditional compilation not evaluated
WolfcamQL,12.7test49,cvar_table,cg_drawFragMessageTime,engine/engines/_canonical/code/cgame/cg_main.c,2261,SOURCE_ONLY; conditional compilation not evaluated
WolfcamQL,12.7test49,cvar_table,cg_drawFragMessageColor,engine/engines/_canonical/code/cgame/cg_main.c,2262,SOURCE_ONLY; conditional compilation not evaluated
WolfcamQL,12.7test49,cvar_table,cg_drawFragMessageAlpha,engine/engines/_canonical/code/cgame/cg_main.c,2263,SOURCE_ONLY; conditional compilation not evaluated
WolfcamQL,12.7test49,cvar_table,cg_drawFragMessageFade,engine/engines/_canonical/code/cgame/cg_main.c,2264,SOURCE_ONLY; conditional compilation not evaluated
WolfcamQL,12.7test49,cvar_table,cg_drawFragMessageFadeTime,engine/engines/_canonical/code/cgame/cg_main.c,2265,SOURCE_ONLY; conditional compilation not evaluated
WolfcamQL,12.7test49,cvar_table,cg_drawFragMessageTokens,engine/engines/_canonical/code/cgame/cg_main.c,2266,SOURCE_ONLY; conditional compilation not evaluated
WolfcamQL,12.7test49,cvar_table,cg_drawFragMessageTeamTokens,engine/engines/_canonical/code/cgame/cg_main.c,2267,SOURCE_ONLY; conditional compilation not evaluated
WolfcamQL,12.7test49,cvar_table,cg_drawFragMessageThawTokens,engine/engines/_canonical/code/cgame/cg_main.c,2268,SOURCE_ONLY; conditional compilation not evaluated
WolfcamQL,12.7test49,cvar_table,cg_drawFragMessageFreezeTokens,engine/engines/_canonical/code/cgame/cg_main.c,2269,SOURCE_ONLY; conditional compilation not evaluated
WolfcamQL,12.7test49,cvar_table,cg_drawFragMessageFreezeTeamTokens,engine/engines/_canonical/code/cgame/cg_main.c,2270,SOURCE_ONLY; conditional compilation not evaluated
WolfcamQL,12.7test49,cvar_table,cg_drawFragMessageIconScale,engine/engines/_canonical/code/cgame/cg_main.c,2271,SOURCE_ONLY; conditional compilation not evaluated
WolfcamQL,12.7test49,cvar_table,2,engine/engines/_canonical/code/cgame/cg_main.c,2272,SOURCE_ONLY; conditional compilation not evaluated
WolfcamQL,12.7test49,cvar_table,cg_obituaryTokens,engine/engines/_canonical/code/cgame/cg_main.c,2274,SOURCE_ONLY; conditional compilation not evaluated
WolfcamQL,12.7test49,cvar_table,cg_obituaryIconScale,engine/engines/_canonical/code/cgame/cg_main.c,2275,SOURCE_ONLY; conditional compilation not evaluated
WolfcamQL,12.7test49,cvar_table,cg_obituaryTime,engine/engines/_canonical/code/cgame/cg_main.c,2276,SOURCE_ONLY; conditional compilation not evaluated
WolfcamQL,12.7test49,cvar_table,cg_obituaryFadeTime,engine/engines/_canonical/code/cgame/cg_main.c,2277,SOURCE_ONLY; conditional compilation not evaluated
WolfcamQL,12.7test49,cvar_table,5,engine/engines/_canonical/code/cgame/cg_main.c,2278,SOURCE_ONLY; conditional compilation not evaluated
WolfcamQL,12.7test49,cvar_table,0xfc7e7d,engine/engines/_canonical/code/cgame/cg_main.c,2280,SOURCE_ONLY; conditional compilation not evaluated
WolfcamQL,12.7test49,cvar_table,0x7ebefe,engine/engines/_canonical/code/cgame/cg_main.c,2281,SOURCE_ONLY; conditional compilation not evaluated
WolfcamQL,12.7test49,cvar_table,cg_fragTokenAccuracyStyle,engine/engines/_canonical/code/cgame/cg_main.c,2283,SOURCE_ONLY; conditional compilation not evaluated
WolfcamQL,12.7test49,cvar_table,1,engine/engines/_canonical/code/cgame/cg_main.c,2284,SOURCE_ONLY; conditional compilation not evaluated
WolfcamQL,12.7test49,cvar_table,cg_drawPlayerNames,engine/engines/_canonical/code/cgame/cg_main.c,2286,SOURCE_ONLY; conditional compilation not evaluated
WolfcamQL,12.7test49,cvar_table,cg_drawPlayerNamesY,engine/engines/_canonical/code/cgame/cg_main.c,2287,SOURCE_ONLY; conditional compilation not evaluated
WolfcamQL,12.7test49,cvar_table,cg_drawPlayerNamesStyle,engine/engines/_canonical/code/cgame/cg_main.c,2288,SOURCE_ONLY; conditional compilation not evaluated
WolfcamQL,12.7test49,cvar_table,cg_drawPlayerNamesFont,engine/engines/_canonical/code/cgame/cg_main.c,2289,SOURCE_ONLY; conditional compilation not evaluated
WolfcamQL,12.7test49,cvar_table,cg_drawPlayerNamesPointSize,engine/engines/_canonical/code/cgame/cg_main.c,2290,SOURCE_ONLY; conditional compilation not evaluated
WolfcamQL,12.7test49,cvar_table,cg_drawPlayerNamesScale,engine/engines/_canonical/code/cgame/cg_main.c,2291,SOURCE_ONLY; conditional compilation not evaluated
WolfcamQL,12.7test49,cvar_table,cg_drawPlayerNamesColor,engine/engines/_canonical/code/cgame/cg_main.c,2292,SOURCE_ONLY; conditional compilation not evaluated
WolfcamQL,12.7test49,cvar_table,cg_drawPlayerNamesAlpha,engine/engines/_canonical/code/cgame/cg_main.c,2293,SOURCE_ONLY; conditional compilation not evaluated
WolfcamQL,12.7test49,cvar_table,cg_perKillStatsExcludePostKillSpam,engine/engines/_canonical/code/cgame/cg_main.c,2295,SOURCE_ONLY; conditional compilation not evaluated
WolfcamQL,12.7test49,cvar_table,cg_perKillStatsClearNotFiringTime,engine/engines/_canonical/code/cgame/cg_main.c,2296,SOURCE_ONLY; conditional compilation not evaluated
WolfcamQL,12.7test49,cvar_table,cg_perKillStatsClearNotFiringExcludeSingleClickWeapons,engine/engines/_canonical/code/cgame/cg_main.c,2297,SOURCE_ONLY; conditional compilation not evaluated
WolfcamQL,12.7test49,cvar_table,cg_printSkillRating,engine/engines/_canonical/code/cgame/cg_main.c,2299,SOURCE_ONLY; conditional compilation not evaluated
WolfcamQL,12.7test49,cvar_table,cg_lightningImpact,engine/engines/_canonical/code/cgame/cg_main.c,2300,SOURCE_ONLY; conditional compilation not evaluated
WolfcamQL,12.7test49,cvar_table,cg_lightningImpactSize,engine/engines/_canonical/code/cgame/cg_main.c,2301,SOURCE_ONLY; conditional compilation not evaluated
WolfcamQL,12.7test49,cvar_table,cg_lightningImpactOthersSize,engine/engines/_canonical/code/cgame/cg_main.c,2302,SOURCE_ONLY; conditional compilation not evaluated
WolfcamQL,12.7test49,cvar_table,cg_lightningImpactCap,engine/engines/_canonical/code/cgame/cg_main.c,2303,SOURCE_ONLY; conditional compilation not evaluated
WolfcamQL,12.7test49,cvar_table,cg_lightningImpactCapMin,engine/engines/_canonical/code/cgame/cg_main.c,2304,SOURCE_ONLY; conditional compilation not evaluated
WolfcamQL,12.7test49,cvar_table,cg_lightningImpactProject,engine/engines/_canonical/code/cgame/cg_main.c,2305,SOURCE_ONLY; conditional compilation not evaluated
WolfcamQL,12.7test49,cvar_table,cg_lightningStyle,engine/engines/_canonical/code/cgame/cg_main.c,2306,SOURCE_ONLY; conditional compilation not evaluated
WolfcamQL,12.7test49,cvar_table,cg_lightningRenderStyle,engine/engines/_canonical/code/cgame/cg_main.c,2307,SOURCE_ONLY; conditional compilation not evaluated
WolfcamQL,12.7test49,cvar_table,cg_lightningAngleOriginStyle,engine/engines/_canonical/code/cgame/cg_main.c,2308,SOURCE_ONLY; conditional compilation not evaluated
WolfcamQL,12.7test49,cvar_table,cg_debugLightningImpactDistance,engine/engines/_canonical/code/cgame/cg_main.c,2309,SOURCE_ONLY; conditional compilation not evaluated
WolfcamQL,12.7test49,cvar_table,cg_lightningSize,engine/engines/_canonical/code/cgame/cg_main.c,2310,SOURCE_ONLY; conditional compilation not evaluated
WolfcamQL,12.7test49,cvar_table,cg_drawEntNumbers,engine/engines/_canonical/code/cgame/cg_main.c,2311,SOURCE_ONLY; conditional compilation not evaluated
WolfcamQL,12.7test49,cvar_table,cg_drawEventNumbers,engine/engines/_canonical/code/cgame/cg_main.c,2312,SOURCE_ONLY; conditional compilation not evaluated
WolfcamQL,12.7test49,cvar_table,cg_demoSmoothing,engine/engines/_canonical/code/cgame/cg_main.c,2313,SOURCE_ONLY; conditional compilation not evaluated
WolfcamQL,12.7test49,cvar_table,1,engine/engines/_canonical/code/cgame/cg_main.c,2314,SOURCE_ONLY; conditional compilation not evaluated
WolfcamQL,12.7test49,cvar_table,1,engine/engines/_canonical/code/cgame/cg_main.c,2315,SOURCE_ONLY; conditional compilation not evaluated
WolfcamQL,12.7test49,cvar_table,cg_drawCameraPath,engine/engines/_canonical/code/cgame/cg_main.c,2316,SOURCE_ONLY; conditional compilation not evaluated
WolfcamQL,12.7test49,cvar_table,0,engine/engines/_canonical/code/cgame/cg_main.c,2317,SOURCE_ONLY; conditional compilation not evaluated
WolfcamQL,12.7test49,cvar_table,cg_drawCameraPointInfo,engine/engines/_canonical/code/cgame/cg_main.c,2319,SOURCE_ONLY; conditional compilation not evaluated
WolfcamQL,12.7test49,cvar_table,cg_drawCameraPointInfoX,engine/engines/_canonical/code/cgame/cg_main.c,2320,SOURCE_ONLY; conditional compilation not evaluated
WolfcamQL,12.7test49,cvar_table,cg_drawCameraPointInfoY,engine/engines/_canonical/code/cgame/cg_main.c,2321,SOURCE_ONLY; conditional compilation not evaluated
WolfcamQL,12.7test49,cvar_table,cg_drawCameraPointInfoAlign,engine/engines/_canonical/code/cgame/cg_main.c,2322,SOURCE_ONLY; conditional compilation not evaluated
WolfcamQL,12.7test49,cvar_table,cg_drawCameraPointInfoStyle,engine/engines/_canonical/code/cgame/cg_main.c,2323,SOURCE_ONLY; conditional compilation not evaluated
WolfcamQL,12.7test49,cvar_table,cg_drawCameraPointInfoFont,engine/engines/_canonical/code/cgame/cg_main.c,2324,SOURCE_ONLY; conditional compilation not evaluated
WolfcamQL,12.7test49,cvar_table,cg_drawCameraPointInfoPointSize,engine/engines/_canonical/code/cgame/cg_main.c,2325,SOURCE_ONLY; conditional compilation not evaluated
WolfcamQL,12.7test49,cvar_table,cg_drawCameraPointInfoScale,engine/engines/_canonical/code/cgame/cg_main.c,2326,SOURCE_ONLY; conditional compilation not evaluated
WolfcamQL,12.7test49,cvar_table,cg_drawCameraPointInfoColor,engine/engines/_canonical/code/cgame/cg_main.c,2327,SOURCE_ONLY; conditional compilation not evaluated
WolfcamQL,12.7test49,cvar_table,cg_drawCameraPointInfoSelectedColor,engine/engines/_canonical/code/cgame/cg_main.c,2328,SOURCE_ONLY; conditional compilation not evaluated
WolfcamQL,12.7test49,cvar_table,cg_drawCameraPointInfoAlpha,engine/engines/_canonical/code/cgame/cg_main.c,2329,SOURCE_ONLY; conditional compilation not evaluated
WolfcamQL,12.7test49,cvar_table,1,engine/engines/_canonical/code/cgame/cg_main.c,2330,SOURCE_ONLY; conditional compilation not evaluated
WolfcamQL,12.7test49,cvar_table,0x000000,engine/engines/_canonical/code/cgame/cg_main.c,2331,SOURCE_ONLY; conditional compilation not evaluated
WolfcamQL,12.7test49,cvar_table,0,engine/engines/_canonical/code/cgame/cg_main.c,2332,SOURCE_ONLY; conditional compilation not evaluated
WolfcamQL,12.7test49,cvar_table,cg_drawViewPointMark,engine/engines/_canonical/code/cgame/cg_main.c,2334,SOURCE_ONLY; conditional compilation not evaluated
WolfcamQL,12.7test49,cvar_table,cg_levelTimerDirection,engine/engines/_canonical/code/cgame/cg_main.c,2335,SOURCE_ONLY; conditional compilation not evaluated
WolfcamQL,12.7test49,cvar_table,cg_levelTimerDefaultTimeLimit,engine/engines/_canonical/code/cgame/cg_main.c,2337,SOURCE_ONLY; conditional compilation not evaluated
WolfcamQL,12.7test49,cvar_table,0,engine/engines/_canonical/code/cgame/cg_main.c,2338,SOURCE_ONLY; conditional compilation not evaluated
WolfcamQL,12.7test49,cvar_table,cg_checkForOfflineDemo,engine/engines/_canonical/code/cgame/cg_main.c,2339,SOURCE_ONLY; conditional compilation not evaluated
WolfcamQL,12.7test49,cvar_table,cg_muzzleFlash,engine/engines/_canonical/code/cgame/cg_main.c,2340,SOURCE_ONLY; conditional compilation not evaluated
WolfcamQL,12.7test49,cvar_table,cg_weaponDefault,engine/engines/_canonical/code/cgame/cg_main.c,2342,SOURCE_ONLY; conditional compilation not evaluated
WolfcamQL,12.7test49,cvar_table,cg_weaponNone,engine/engines/_canonical/code/cgame/cg_main.c,2343,SOURCE_ONLY; conditional compilation not evaluated
WolfcamQL,12.7test49,cvar_table,cg_weaponGauntlet,engine/engines/_canonical/code/cgame/cg_main.c,2344,SOURCE_ONLY; conditional compilation not evaluated
WolfcamQL,12.7test49,cvar_table,cg_weaponShotgun,engine/engines/_canonical/code/cgame/cg_main.c,2345,SOURCE_ONLY; conditional compilation not evaluated
WolfcamQL,12.7test49,cvar_table,cg_weaponMachineGun,engine/engines/_canonical/code/cgame/cg_main.c,2346,SOURCE_ONLY; conditional compilation not evaluated
WolfcamQL,12.7test49,cvar_table,cg_weaponShotgun,engine/engines/_canonical/code/cgame/cg_main.c,2347,SOURCE_ONLY; conditional compilation not evaluated
WolfcamQL,12.7test49,cvar_table,cg_weaponGrenadeLauncher,engine/engines/_canonical/code/cgame/cg_main.c,2348,SOURCE_ONLY; conditional compilation not evaluated
WolfcamQL,12.7test49,cvar_table,cg_weaponRocketLauncher,engine/engines/_canonical/code/cgame/cg_main.c,2349,SOURCE_ONLY; conditional compilation not evaluated
WolfcamQL,12.7test49,cvar_table,cg_weaponLightningGun,engine/engines/_canonical/code/cgame/cg_main.c,2350,SOURCE_ONLY; conditional compilation not evaluated
WolfcamQL,12.7test49,cvar_table,cg_weaponRailGun,engine/engines/_canonical/code/cgame/cg_main.c,2351,SOURCE_ONLY; conditional compilation not evaluated
WolfcamQL,12.7test49,cvar_table,cg_weaponPlasmaGun,engine/engines/_canonical/code/cgame/cg_main.c,2352,SOURCE_ONLY; conditional compilation not evaluated
WolfcamQL,12.7test49,cvar_table,cg_weaponBFG,engine/engines/_canonical/code/cgame/cg_main.c,2353,SOURCE_ONLY; conditional compilation not evaluated
WolfcamQL,12.7test49,cvar_table,cg_weaponGrapplingHook,engine/engines/_canonical/code/cgame/cg_main.c,2354,SOURCE_ONLY; conditional compilation not evaluated
WolfcamQL,12.7test49,cvar_table,cg_weaponNailGun,engine/engines/_canonical/code/cgame/cg_main.c,2355,SOURCE_ONLY; conditional compilation not evaluated
WolfcamQL,12.7test49,cvar_table,cg_weaponProximityLauncher,engine/engines/_canonical/code/cgame/cg_main.c,2356,SOURCE_ONLY; conditional compilation not evaluated
WolfcamQL,12.7test49,cvar_table,cg_weaponChainGun,engine/engines/_canonical/code/cgame/cg_main.c,2357,SOURCE_ONLY; conditional compilation not evaluated
WolfcamQL,12.7test49,cvar_table,cg_spawnArmorTime,engine/engines/_canonical/code/cgame/cg_main.c,2390,SOURCE_ONLY; conditional compilation not evaluated
WolfcamQL,12.7test49,cvar_table,cg_fxfile,engine/engines/_canonical/code/cgame/cg_main.c,2391,SOURCE_ONLY; conditional compilation not evaluated
WolfcamQL,12.7test49,cvar_table,cg_fxinterval,engine/engines/_canonical/code/cgame/cg_main.c,2392,SOURCE_ONLY; conditional compilation not evaluated
WolfcamQL,12.7test49,cvar_table,cg_fxratio,engine/engines/_canonical/code/cgame/cg_main.c,2393,SOURCE_ONLY; conditional compilation not evaluated
WolfcamQL,12.7test49,cvar_table,cg_fxScriptMinEmitter,engine/engines/_canonical/code/cgame/cg_main.c,2394,SOURCE_ONLY; conditional compilation not evaluated
WolfcamQL,12.7test49,cvar_table,cg_fxScriptMinDistance,engine/engines/_canonical/code/cgame/cg_main.c,2395,SOURCE_ONLY; conditional compilation not evaluated
WolfcamQL,12.7test49,cvar_table,cg_fxScriptMinInterval,engine/engines/_canonical/code/cgame/cg_main.c,2396,SOURCE_ONLY; conditional compilation not evaluated
WolfcamQL,12.7test49,cvar_table,cg_fxLightningGunImpactFps,engine/engines/_canonical/code/cgame/cg_main.c,2397,SOURCE_ONLY; conditional compilation not evaluated
WolfcamQL,12.7test49,cvar_table,0,engine/engines/_canonical/code/cgame/cg_main.c,2398,SOURCE_ONLY; conditional compilation not evaluated
WolfcamQL,12.7test49,cvar_table,1,engine/engines/_canonical/code/cgame/cg_main.c,2399,SOURCE_ONLY; conditional compilation not evaluated
WolfcamQL,12.7test49,cvar_table,1,engine/engines/_canonical/code/cgame/cg_main.c,2401,SOURCE_ONLY; conditional compilation not evaluated
WolfcamQL,12.7test49,cvar_table,cg_vibrate,engine/engines/_canonical/code/cgame/cg_main.c,2405,SOURCE_ONLY; conditional compilation not evaluated
WolfcamQL,12.7test49,cvar_table,cg_vibrateTime,engine/engines/_canonical/code/cgame/cg_main.c,2406,SOURCE_ONLY; conditional compilation not evaluated
WolfcamQL,12.7test49,cvar_table,cg_vibrateMaxDistance,engine/engines/_canonical/code/cgame/cg_main.c,2407,SOURCE_ONLY; conditional compilation not evaluated
WolfcamQL,12.7test49,cvar_table,cg_vibrateForce,engine/engines/_canonical/code/cgame/cg_main.c,2408,SOURCE_ONLY; conditional compilation not evaluated
WolfcamQL,12.7test49,cvar_table,cg_animationsIgnoreTimescale,engine/engines/_canonical/code/cgame/cg_main.c,2410,SOURCE_ONLY; conditional compilation not evaluated
WolfcamQL,12.7test49,cvar_table,cg_animationsRate,engine/engines/_canonical/code/cgame/cg_main.c,2411,SOURCE_ONLY; conditional compilation not evaluated
WolfcamQL,12.7test49,cvar_table,cg_quadFireSound,engine/engines/_canonical/code/cgame/cg_main.c,2412,SOURCE_ONLY; conditional compilation not evaluated
WolfcamQL,12.7test49,cvar_table,cg_kickScale,engine/engines/_canonical/code/cgame/cg_main.c,2413,SOURCE_ONLY; conditional compilation not evaluated
WolfcamQL,12.7test49,cvar_table,cg_damageFeedbackInterval,engine/engines/_canonical/code/cgame/cg_main.c,2415,SOURCE_ONLY; conditional compilation not evaluated
WolfcamQL,12.7test49,cvar_table,1,engine/engines/_canonical/code/cgame/cg_main.c,2416,SOURCE_ONLY; conditional compilation not evaluated
WolfcamQL,12.7test49,cvar_table,cg_gameType,engine/engines/_canonical/code/cgame/cg_main.c,2417,SOURCE_ONLY; conditional compilation not evaluated
WolfcamQL,12.7test49,cvar_table,cg_compMode,engine/engines/_canonical/code/cgame/cg_main.c,2418,SOURCE_ONLY; conditional compilation not evaluated
WolfcamQL,12.7test49,cvar_table,cg_drawSpecMessages,engine/engines/_canonical/code/cgame/cg_main.c,2419,SOURCE_ONLY; conditional compilation not evaluated
WolfcamQL,12.7test49,cvar_table,g_training,engine/engines/_canonical/code/cgame/cg_main.c,2420,SOURCE_ONLY; conditional compilation not evaluated
WolfcamQL,12.7test49,cvar_table,cg_waterWarp,engine/engines/_canonical/code/cgame/cg_main.c,2421,SOURCE_ONLY; conditional compilation not evaluated
WolfcamQL,12.7test49,cvar_table,cg_allowLargeSprites,engine/engines/_canonical/code/cgame/cg_main.c,2422,SOURCE_ONLY; conditional compilation not evaluated
WolfcamQL,12.7test49,cvar_table,cg_allowSpritePassThrough,engine/engines/_canonical/code/cgame/cg_main.c,2423,SOURCE_ONLY; conditional compilation not evaluated
WolfcamQL,12.7test49,cvar_table,cg_drawSprites,engine/engines/_canonical/code/cgame/cg_main.c,2424,SOURCE_ONLY; conditional compilation not evaluated
WolfcamQL,12.7test49,cvar_table,cg_drawSpriteSelf,engine/engines/_canonical/code/cgame/cg_main.c,2425,SOURCE_ONLY; conditional compilation not evaluated
WolfcamQL,12.7test49,cvar_table,0,engine/engines/_canonical/code/cgame/cg_main.c,2426,SOURCE_ONLY; conditional compilation not evaluated
WolfcamQL,12.7test49,cvar_table,cg_playerLeanScale,engine/engines/_canonical/code/cgame/cg_main.c,2427,SOURCE_ONLY; conditional compilation not evaluated
WolfcamQL,12.7test49,cvar_table,cg_cameraRewindTime,engine/engines/_canonical/code/cgame/cg_main.c,2428,SOURCE_ONLY; conditional compilation not evaluated
WolfcamQL,12.7test49,cvar_table,cg_cameraQue,engine/engines/_canonical/code/cgame/cg_main.c,2429,SOURCE_ONLY; conditional compilation not evaluated
WolfcamQL,12.7test49,cvar_table,cg_cameraUpdateFreeCam,engine/engines/_canonical/code/cgame/cg_main.c,2430,SOURCE_ONLY; conditional compilation not evaluated
WolfcamQL,12.7test49,cvar_table,cg_cameraAddUsePreviousValues,engine/engines/_canonical/code/cgame/cg_main.c,2431,SOURCE_ONLY; conditional compilation not evaluated
WolfcamQL,12.7test49,cvar_table,cg_cameraDefaultOriginType,engine/engines/_canonical/code/cgame/cg_main.c,2432,SOURCE_ONLY; conditional compilation not evaluated
WolfcamQL,12.7test49,cvar_table,cg_cameraDebugPath,engine/engines/_canonical/code/cgame/cg_main.c,2433,SOURCE_ONLY; conditional compilation not evaluated
WolfcamQL,12.7test49,cvar_table,cg_cameraSmoothFactor,engine/engines/_canonical/code/cgame/cg_main.c,2434,SOURCE_ONLY; conditional compilation not evaluated
WolfcamQL,12.7test49,cvar_table,0,engine/engines/_canonical/code/cgame/cg_main.c,2435,SOURCE_ONLY; conditional compilation not evaluated
WolfcamQL,12.7test49,cvar_table,0,engine/engines/_canonical/code/cgame/cg_main.c,2437,SOURCE_ONLY; conditional compilation not evaluated
WolfcamQL,12.7test49,cvar_table,cg_flightTrail,engine/engines/_canonical/code/cgame/cg_main.c,2439,SOURCE_ONLY; conditional compilation not evaluated
WolfcamQL,12.7test49,cvar_table,cg_hasteTrail,engine/engines/_canonical/code/cgame/cg_main.c,2440,SOURCE_ONLY; conditional compilation not evaluated
WolfcamQL,12.7test49,cvar_table,cg_noItemUseMessage,engine/engines/_canonical/code/cgame/cg_main.c,2441,SOURCE_ONLY; conditional compilation not evaluated
WolfcamQL,12.7test49,cvar_table,cg_noItemUseSound,engine/engines/_canonical/code/cgame/cg_main.c,2442,SOURCE_ONLY; conditional compilation not evaluated
WolfcamQL,12.7test49,cvar_table,cg_itemUseMessage,engine/engines/_canonical/code/cgame/cg_main.c,2443,SOURCE_ONLY; conditional compilation not evaluated
WolfcamQL,12.7test49,cvar_table,cg_itemUseSound,engine/engines/_canonical/code/cgame/cg_main.c,2444,SOURCE_ONLY; conditional compilation not evaluated
WolfcamQL,12.7test49,cvar_table,cg_localTime,engine/engines/_canonical/code/cgame/cg_main.c,2445,SOURCE_ONLY; conditional compilation not evaluated
WolfcamQL,12.7test49,cvar_table,cg_localTimeStyle,engine/engines/_canonical/code/cgame/cg_main.c,2446,SOURCE_ONLY; conditional compilation not evaluated
WolfcamQL,12.7test49,cvar_table,cg_warmupTime,engine/engines/_canonical/code/cgame/cg_main.c,2447,SOURCE_ONLY; conditional compilation not evaluated
WolfcamQL,12.7test49,cvar_table,cg_clientOverrideIgnoreTeamSettings,engine/engines/_canonical/code/cgame/cg_main.c,2448,SOURCE_ONLY; conditional compilation not evaluated
WolfcamQL,12.7test49,cvar_table,cg_killBeep,engine/engines/_canonical/code/cgame/cg_main.c,2449,SOURCE_ONLY; conditional compilation not evaluated
WolfcamQL,12.7test49,cvar_table,cg_deathStyle,engine/engines/_canonical/code/cgame/cg_main.c,2450,SOURCE_ONLY; conditional compilation not evaluated
WolfcamQL,12.7test49,cvar_table,cg_deathShowOwnCorpse,engine/engines/_canonical/code/cgame/cg_main.c,2451,SOURCE_ONLY; conditional compilation not evaluated
WolfcamQL,12.7test49,cvar_table,cg_mouseSeekScale,engine/engines/_canonical/code/cgame/cg_main.c,2452,SOURCE_ONLY; conditional compilation not evaluated
WolfcamQL,12.7test49,cvar_table,cg_mouseSeekPollInterval,engine/engines/_canonical/code/cgame/cg_main.c,2453,SOURCE_ONLY; conditional compilation not evaluated
WolfcamQL,12.7test49,cvar_table,cg_mouseSeekUseTimescale,engine/engines/_canonical/code/cgame/cg_main.c,2454,SOURCE_ONLY; conditional compilation not evaluated
WolfcamQL,12.7test49,cvar_table,cg_teamKillWarning,engine/engines/_canonical/code/cgame/cg_main.c,2455,SOURCE_ONLY; conditional compilation not evaluated
WolfcamQL,12.7test49,cvar_table,cg_inheritPowerupShader,engine/engines/_canonical/code/cgame/cg_main.c,2456,SOURCE_ONLY; conditional compilation not evaluated
WolfcamQL,12.7test49,cvar_table,cg_fadeColor,engine/engines/_canonical/code/cgame/cg_main.c,2457,SOURCE_ONLY; conditional compilation not evaluated
WolfcamQL,12.7test49,cvar_table,cg_fadeAlpha,engine/engines/_canonical/code/cgame/cg_main.c,2458,SOURCE_ONLY; conditional compilation not evaluated
WolfcamQL,12.7test49,cvar_table,cg_fadeStyle,engine/engines/_canonical/code/cgame/cg_main.c,2459,SOURCE_ONLY; conditional compilation not evaluated
WolfcamQL,12.7test49,cvar_table,cg_enableAtCommands,engine/engines/_canonical/code/cgame/cg_main.c,2460,SOURCE_ONLY; conditional compilation not evaluated
WolfcamQL,12.7test49,cvar_table,cg_quadKillCounter,engine/engines/_canonical/code/cgame/cg_main.c,2461,SOURCE_ONLY; conditional compilation not evaluated
WolfcamQL,12.7test49,cvar_table,cg_battleSuitKillCounter,engine/engines/_canonical/code/cgame/cg_main.c,2462,SOURCE_ONLY; conditional compilation not evaluated
WolfcamQL,12.7test49,cvar_table,cg_wideScreen,engine/engines/_canonical/code/cgame/cg_main.c,2463,SOURCE_ONLY; conditional compilation not evaluated
WolfcamQL,12.7test49,cvar_table,cg_wideScreenScoreBoardHack,engine/engines/_canonical/code/cgame/cg_main.c,2464,SOURCE_ONLY; conditional compilation not evaluated
WolfcamQL,12.7test49,cvar_table,cg_adShaderOverride,engine/engines/_canonical/code/cgame/cg_main.c,2466,SOURCE_ONLY; conditional compilation not evaluated
WolfcamQL,12.7test49,cvar_table,0,engine/engines/_canonical/code/cgame/cg_main.c,2467,SOURCE_ONLY; conditional compilation not evaluated
WolfcamQL,12.7test49,cvar_table,cg_firstPersonSwitchSound,engine/engines/_canonical/code/cgame/cg_main.c,2469,SOURCE_ONLY; conditional compilation not evaluated
WolfcamQL,12.7test49,cvar_table,cg_proxMineTick,engine/engines/_canonical/code/cgame/cg_main.c,2470,SOURCE_ONLY; conditional compilation not evaluated
WolfcamQL,12.7test49,cvar_table,cg_drawProxWarning,engine/engines/_canonical/code/cgame/cg_main.c,2471,SOURCE_ONLY; conditional compilation not evaluated
WolfcamQL,12.7test49,cvar_table,cg_drawProxWarningX,engine/engines/_canonical/code/cgame/cg_main.c,2472,SOURCE_ONLY; conditional compilation not evaluated
WolfcamQL,12.7test49,cvar_table,cg_drawProxWarningY,engine/engines/_canonical/code/cgame/cg_main.c,2473,SOURCE_ONLY; conditional compilation not evaluated
WolfcamQL,12.7test49,cvar_table,cg_drawProxWarningAlign,engine/engines/_canonical/code/cgame/cg_main.c,2474,SOURCE_ONLY; conditional compilation not evaluated
WolfcamQL,12.7test49,cvar_table,cg_drawProxWarningStyle,engine/engines/_canonical/code/cgame/cg_main.c,2475,SOURCE_ONLY; conditional compilation not evaluated
WolfcamQL,12.7test49,cvar_table,cg_drawProxWarningFont,engine/engines/_canonical/code/cgame/cg_main.c,2476,SOURCE_ONLY; conditional compilation not evaluated
WolfcamQL,12.7test49,cvar_table,cg_drawProxWarningPointSize,engine/engines/_canonical/code/cgame/cg_main.c,2477,SOURCE_ONLY; conditional compilation not evaluated
WolfcamQL,12.7test49,cvar_table,cg_drawProxWarningScale,engine/engines/_canonical/code/cgame/cg_main.c,2478,SOURCE_ONLY; conditional compilation not evaluated
WolfcamQL,12.7test49,cvar_table,cg_drawProxWarningColor,engine/engines/_canonical/code/cgame/cg_main.c,2479,SOURCE_ONLY; conditional compilation not evaluated
WolfcamQL,12.7test49,cvar_table,cg_drawProxWarningAlpha,engine/engines/_canonical/code/cgame/cg_main.c,2480,SOURCE_ONLY; conditional compilation not evaluated
WolfcamQL,12.7test49,cvar_table,2,engine/engines/_canonical/code/cgame/cg_main.c,2481,SOURCE_ONLY; conditional compilation not evaluated
WolfcamQL,12.7test49,cvar_table,cg_customMirrorSurfaces,engine/engines/_canonical/code/cgame/cg_main.c,2483,SOURCE_ONLY; conditional compilation not evaluated
WolfcamQL,12.7test49,cvar_table,cg_demoStepSmoothing,engine/engines/_canonical/code/cgame/cg_main.c,2484,SOURCE_ONLY; conditional compilation not evaluated
WolfcamQL,12.7test49,cvar_table,cg_stepSmoothTime,engine/engines/_canonical/code/cgame/cg_main.c,2485,SOURCE_ONLY; conditional compilation not evaluated
WolfcamQL,12.7test49,cvar_table,cg_stepSmoothMaxChange,engine/engines/_canonical/code/cgame/cg_main.c,2486,SOURCE_ONLY; conditional compilation not evaluated
WolfcamQL,12.7test49,cvar_table,cg_pathRewindTime,engine/engines/_canonical/code/cgame/cg_main.c,2487,SOURCE_ONLY; conditional compilation not evaluated
WolfcamQL,12.7test49,cvar_table,cg_pathSkipNum,engine/engines/_canonical/code/cgame/cg_main.c,2488,SOURCE_ONLY; conditional compilation not evaluated
WolfcamQL,12.7test49,cvar_table,cg_dumpEntsUseServerTime,engine/engines/_canonical/code/cgame/cg_main.c,2489,SOURCE_ONLY; conditional compilation not evaluated
WolfcamQL,12.7test49,cvar_table,cg_playerModelForceScale,engine/engines/_canonical/code/cgame/cg_main.c,2490,SOURCE_ONLY; conditional compilation not evaluated
WolfcamQL,12.7test49,cvar_table,cg_playerModelForceLegsScale,engine/engines/_canonical/code/cgame/cg_main.c,2491,SOURCE_ONLY; conditional compilation not evaluated
WolfcamQL,12.7test49,cvar_table,cg_playerModelForceTorsoScale,engine/engines/_canonical/code/cgame/cg_main.c,2492,SOURCE_ONLY; conditional compilation not evaluated
WolfcamQL,12.7test49,cvar_table,cg_playerModelForceHeadScale,engine/engines/_canonical/code/cgame/cg_main.c,2493,SOURCE_ONLY; conditional compilation not evaluated
WolfcamQL,12.7test49,cvar_table,cg_playerModelForceHeadOffset,engine/engines/_canonical/code/cgame/cg_main.c,2494,SOURCE_ONLY; conditional compilation not evaluated
WolfcamQL,12.7test49,cvar_table,cg_playerModelAutoScaleHeight,engine/engines/_canonical/code/cgame/cg_main.c,2495,SOURCE_ONLY; conditional compilation not evaluated
WolfcamQL,12.7test49,cvar_table,cg_playerModelAllowServerScale,engine/engines/_canonical/code/cgame/cg_main.c,2496,SOURCE_ONLY; conditional compilation not evaluated
WolfcamQL,12.7test49,cvar_table,cg_playerModelAllowServerScaleDefault,engine/engines/_canonical/code/cgame/cg_main.c,2497,SOURCE_ONLY; conditional compilation not evaluated
WolfcamQL,12.7test49,cvar_table,cg_playerModelAllowServerOverride,engine/engines/_canonical/code/cgame/cg_main.c,2498,SOURCE_ONLY; conditional compilation not evaluated
WolfcamQL,12.7test49,cvar_table,1,engine/engines/_canonical/code/cgame/cg_main.c,2499,SOURCE_ONLY; conditional compilation not evaluated
WolfcamQL,12.7test49,cvar_table,cg_powerupLight,engine/engines/_canonical/code/cgame/cg_main.c,2501,SOURCE_ONLY; conditional compilation not evaluated
WolfcamQL,12.7test49,cvar_table,1,engine/engines/_canonical/code/cgame/cg_main.c,2502,SOURCE_ONLY; conditional compilation not evaluated
WolfcamQL,12.7test49,cvar_table,1,engine/engines/_canonical/code/cgame/cg_main.c,2503,SOURCE_ONLY; conditional compilation not evaluated
WolfcamQL,12.7test49,cvar_table,cg_buzzerSound,engine/engines/_canonical/code/cgame/cg_main.c,2505,SOURCE_ONLY; conditional compilation not evaluated
WolfcamQL,12.7test49,cvar_table,cg_flagStyle,engine/engines/_canonical/code/cgame/cg_main.c,2506,SOURCE_ONLY; conditional compilation not evaluated
WolfcamQL,12.7test49,cvar_table,0,engine/engines/_canonical/code/cgame/cg_main.c,2507,SOURCE_ONLY; conditional compilation not evaluated
WolfcamQL,12.7test49,cvar_table,1,engine/engines/_canonical/code/cgame/cg_main.c,2509,SOURCE_ONLY; conditional compilation not evaluated
WolfcamQL,12.7test49,cvar_table,cg_helpIconStyle,engine/engines/_canonical/code/cgame/cg_main.c,2510,SOURCE_ONLY; conditional compilation not evaluated
WolfcamQL,12.7test49,cvar_table,cg_helpIconMinWidth,engine/engines/_canonical/code/cgame/cg_main.c,2511,SOURCE_ONLY; conditional compilation not evaluated
WolfcamQL,12.7test49,cvar_table,cg_helpIconMaxWidth,engine/engines/_canonical/code/cgame/cg_main.c,2512,SOURCE_ONLY; conditional compilation not evaluated
WolfcamQL,12.7test49,cvar_table,cg_dominationPointTeamColor,engine/engines/_canonical/code/cgame/cg_main.c,2515,SOURCE_ONLY; conditional compilation not evaluated
WolfcamQL,12.7test49,cvar_table,cg_dominationPointTeamAlpha,engine/engines/_canonical/code/cgame/cg_main.c,2516,SOURCE_ONLY; conditional compilation not evaluated
WolfcamQL,12.7test49,cvar_table,cg_dominationPointEnemyColor,engine/engines/_canonical/code/cgame/cg_main.c,2517,SOURCE_ONLY; conditional compilation not evaluated
WolfcamQL,12.7test49,cvar_table,cg_dominationPointEnemyAlpha,engine/engines/_canonical/code/cgame/cg_main.c,2518,SOURCE_ONLY; conditional compilation not evaluated
WolfcamQL,12.7test49,cvar_table,cg_dominationPointNeutralColor,engine/engines/_canonical/code/cgame/cg_main.c,2519,SOURCE_ONLY; conditional compilation not evaluated
WolfcamQL,12.7test49,cvar_table,cg_dominationPointNeutralAlpha,engine/engines/_canonical/code/cgame/cg_main.c,2520,SOURCE_ONLY; conditional compilation not evaluated
WolfcamQL,12.7test49,cvar_table,cg_attackDefendVoiceStyle,engine/engines/_canonical/code/cgame/cg_main.c,2522,SOURCE_ONLY; conditional compilation not evaluated
WolfcamQL,12.7test49,cvar_table,cg_drawDominationPointStatus,engine/engines/_canonical/code/cgame/cg_main.c,2524,SOURCE_ONLY; conditional compilation not evaluated
WolfcamQL,12.7test49,cvar_table,cg_drawDominationPointStatusX,engine/engines/_canonical/code/cgame/cg_main.c,2525,SOURCE_ONLY; conditional compilation not evaluated
WolfcamQL,12.7test49,cvar_table,cg_drawDominationPointStatusY,engine/engines/_canonical/code/cgame/cg_main.c,2526,SOURCE_ONLY; conditional compilation not evaluated
WolfcamQL,12.7test49,cvar_table,cg_drawDominationPointStatusFont,engine/engines/_canonical/code/cgame/cg_main.c,2527,SOURCE_ONLY; conditional compilation not evaluated
WolfcamQL,12.7test49,cvar_table,cg_drawDominationPointStatusPointSize,engine/engines/_canonical/code/cgame/cg_main.c,2528,SOURCE_ONLY; conditional compilation not evaluated
WolfcamQL,12.7test49,cvar_table,cg_drawDominationPointStatusScale,engine/engines/_canonical/code/cgame/cg_main.c,2529,SOURCE_ONLY; conditional compilation not evaluated
WolfcamQL,12.7test49,cvar_table,cg_drawDominationPointStatusEnemyColor,engine/engines/_canonical/code/cgame/cg_main.c,2530,SOURCE_ONLY; conditional compilation not evaluated
WolfcamQL,12.7test49,cvar_table,cg_drawDominationPointStatusTeamColor,engine/engines/_canonical/code/cgame/cg_main.c,2531,SOURCE_ONLY; conditional compilation not evaluated
WolfcamQL,12.7test49,cvar_table,cg_drawDominationPointStatusBackgroundColor,engine/engines/_canonical/code/cgame/cg_main.c,2532,SOURCE_ONLY; conditional compilation not evaluated
WolfcamQL,12.7test49,cvar_table,cg_drawDominationPointStatusAlpha,engine/engines/_canonical/code/cgame/cg_main.c,2533,SOURCE_ONLY; conditional compilation not evaluated
WolfcamQL,12.7test49,cvar_table,cg_drawDominationPointStatusTextColor,engine/engines/_canonical/code/cgame/cg_main.c,2534,SOURCE_ONLY; conditional compilation not evaluated
WolfcamQL,12.7test49,cvar_table,cg_drawDominationPointStatusTextAlpha,engine/engines/_canonical/code/cgame/cg_main.c,2535,SOURCE_ONLY; conditional compilation not evaluated
WolfcamQL,12.7test49,cvar_table,cg_drawDominationPointStatusTextStyle,engine/engines/_canonical/code/cgame/cg_main.c,2536,SOURCE_ONLY; conditional compilation not evaluated
WolfcamQL,12.7test49,cvar_table,2,engine/engines/_canonical/code/cgame/cg_main.c,2537,SOURCE_ONLY; conditional compilation not evaluated
WolfcamQL,12.7test49,cvar_table,cg_roundScoreBoard,engine/engines/_canonical/code/cgame/cg_main.c,2539,SOURCE_ONLY; conditional compilation not evaluated
WolfcamQL,12.7test49,cvar_table,cg_headShots,engine/engines/_canonical/code/cgame/cg_main.c,2540,SOURCE_ONLY; conditional compilation not evaluated
WolfcamQL,12.7test49,cvar_table,1,engine/engines/_canonical/code/cgame/cg_main.c,2541,SOURCE_ONLY; conditional compilation not evaluated
WolfcamQL,12.7test49,cvar_table,1,engine/engines/_canonical/code/cgame/cg_main.c,2542,SOURCE_ONLY; conditional compilation not evaluated
WolfcamQL,12.7test49,cvar_table,1,engine/engines/_canonical/code/cgame/cg_main.c,2543,SOURCE_ONLY; conditional compilation not evaluated
WolfcamQL,12.7test49,cvar_table,0,engine/engines/_canonical/code/cgame/cg_main.c,2545,SOURCE_ONLY; conditional compilation not evaluated
WolfcamQL,12.7test49,cvar_table,1,engine/engines/_canonical/code/cgame/cg_main.c,2546,SOURCE_ONLY; conditional compilation not evaluated
WolfcamQL,12.7test49,cvar_table,cgr_gauntletHave,engine/engines/_canonical/code/cgame/cg_main.c,2549,SOURCE_ONLY; conditional compilation not evaluated
WolfcamQL,12.7test49,cvar_table,cgr_machineGunHave,engine/engines/_canonical/code/cgame/cg_main.c,2550,SOURCE_ONLY; conditional compilation not evaluated
WolfcamQL,12.7test49,cvar_table,cgr_shotgunHave,engine/engines/_canonical/code/cgame/cg_main.c,2551,SOURCE_ONLY; conditional compilation not evaluated
WolfcamQL,12.7test49,cvar_table,cgr_grenadeLauncherHave,engine/engines/_canonical/code/cgame/cg_main.c,2552,SOURCE_ONLY; conditional compilation not evaluated
WolfcamQL,12.7test49,cvar_table,cgr_rocketLauncherHave,engine/engines/_canonical/code/cgame/cg_main.c,2553,SOURCE_ONLY; conditional compilation not evaluated
WolfcamQL,12.7test49,cvar_table,cgr_lightningGunHave,engine/engines/_canonical/code/cgame/cg_main.c,2554,SOURCE_ONLY; conditional compilation not evaluated
WolfcamQL,12.7test49,cvar_table,cgr_railGunHave,engine/engines/_canonical/code/cgame/cg_main.c,2555,SOURCE_ONLY; conditional compilation not evaluated
WolfcamQL,12.7test49,cvar_table,cgr_plasmaGunHave,engine/engines/_canonical/code/cgame/cg_main.c,2556,SOURCE_ONLY; conditional compilation not evaluated
WolfcamQL,12.7test49,cvar_table,cgr_bfgHave,engine/engines/_canonical/code/cgame/cg_main.c,2557,SOURCE_ONLY; conditional compilation not evaluated
WolfcamQL,12.7test49,cvar_table,cgr_grappleHave,engine/engines/_canonical/code/cgame/cg_main.c,2558,SOURCE_ONLY; conditional compilation not evaluated
WolfcamQL,12.7test49,cvar_table,cgr_nailGunHave,engine/engines/_canonical/code/cgame/cg_main.c,2559,SOURCE_ONLY; conditional compilation not evaluated
WolfcamQL,12.7test49,cvar_table,cgr_proximityLauncherHave,engine/engines/_canonical/code/cgame/cg_main.c,2560,SOURCE_ONLY; conditional compilation not evaluated
WolfcamQL,12.7test49,cvar_table,cgr_chainGunHave,engine/engines/_canonical/code/cgame/cg_main.c,2561,SOURCE_ONLY; conditional compilation not evaluated
WolfcamQL,12.7test49,cvar_table,cgr_gauntletAmmo,engine/engines/_canonical/code/cgame/cg_main.c,2563,SOURCE_ONLY; conditional compilation not evaluated
WolfcamQL,12.7test49,cvar_table,cgr_machineGunAmmo,engine/engines/_canonical/code/cgame/cg_main.c,2564,SOURCE_ONLY; conditional compilation not evaluated
WolfcamQL,12.7test49,cvar_table,cgr_shotgunAmmo,engine/engines/_canonical/code/cgame/cg_main.c,2565,SOURCE_ONLY; conditional compilation not evaluated
WolfcamQL,12.7test49,cvar_table,cgr_grenadeLauncherAmmo,engine/engines/_canonical/code/cgame/cg_main.c,2566,SOURCE_ONLY; conditional compilation not evaluated
WolfcamQL,12.7test49,cvar_table,cgr_rocketLauncherAmmo,engine/engines/_canonical/code/cgame/cg_main.c,2567,SOURCE_ONLY; conditional compilation not evaluated
WolfcamQL,12.7test49,cvar_table,cgr_lightningGunAmmo,engine/engines/_canonical/code/cgame/cg_main.c,2568,SOURCE_ONLY; conditional compilation not evaluated
WolfcamQL,12.7test49,cvar_table,cgr_railGunAmmo,engine/engines/_canonical/code/cgame/cg_main.c,2569,SOURCE_ONLY; conditional compilation not evaluated
WolfcamQL,12.7test49,cvar_table,cgr_plasmaGunAmmo,engine/engines/_canonical/code/cgame/cg_main.c,2570,SOURCE_ONLY; conditional compilation not evaluated
WolfcamQL,12.7test49,cvar_table,cgr_bfgAmmo,engine/engines/_canonical/code/cgame/cg_main.c,2571,SOURCE_ONLY; conditional compilation not evaluated
WolfcamQL,12.7test49,cvar_table,cgr_grappleAmmo,engine/engines/_canonical/code/cgame/cg_main.c,2572,SOURCE_ONLY; conditional compilation not evaluated
WolfcamQL,12.7test49,cvar_table,cgr_nailGunAmmo,engine/engines/_canonical/code/cgame/cg_main.c,2573,SOURCE_ONLY; conditional compilation not evaluated
WolfcamQL,12.7test49,cvar_table,cgr_proximityLauncherAmmo,engine/engines/_canonical/code/cgame/cg_main.c,2574,SOURCE_ONLY; conditional compilation not evaluated
WolfcamQL,12.7test49,cvar_table,cgr_chainGunAmmo,engine/engines/_canonical/code/cgame/cg_main.c,2575,SOURCE_ONLY; conditional compilation not evaluated
WolfcamQL,12.7test49,cvar_table,cgr_selectedWeapon,engine/engines/_canonical/code/cgame/cg_main.c,2577,SOURCE_ONLY; conditional compilation not evaluated
WolfcamQL,12.7test49,cvar_table,3000,engine/engines/_canonical/code/cgame/cg_main.c,2580,SOURCE_ONLY; conditional compilation not evaluated
WolfcamQL,12.7test49,cvar_table,1500,engine/engines/_canonical/code/cgame/cg_main.c,2581,SOURCE_ONLY; conditional compilation not evaluated
WolfcamQL,12.7test49,cvar_table,1,engine/engines/_canonical/code/cgame/cg_main.c,2582,SOURCE_ONLY; conditional compilation not evaluated
WolfcamQL,12.7test49,cvar_table,1000,engine/engines/_canonical/code/cgame/cg_main.c,2583,SOURCE_ONLY; conditional compilation not evaluated
WolfcamQL,12.7test49,cvar_table,1,engine/engines/_canonical/code/cgame/cg_main.c,2584,SOURCE_ONLY; conditional compilation not evaluated
WolfcamQL,12.7test49,cvar_table,1,engine/engines/_canonical/code/cgame/cg_main.c,2585,SOURCE_ONLY; conditional compilation not evaluated
WolfcamQL,12.7test49,cvar_table,1,engine/engines/_canonical/code/cgame/cg_main.c,2586,SOURCE_ONLY; conditional compilation not evaluated
WolfcamQL,12.7test49,cvar_table,1,engine/engines/_canonical/code/cgame/cg_main.c,2587,SOURCE_ONLY; conditional compilation not evaluated
WolfcamQL,12.7test49,cvar_table,1,engine/engines/_canonical/code/cgame/cg_main.c,2588,SOURCE_ONLY; conditional compilation not evaluated
WolfcamQL,12.7test49,cvar_table,1,engine/engines/_canonical/code/cgame/cg_main.c,2590,SOURCE_ONLY; conditional compilation not evaluated
WolfcamQL,12.7test49,cvar_table,1,engine/engines/_canonical/code/cgame/cg_main.c,2591,SOURCE_ONLY; conditional compilation not evaluated
WolfcamQL,12.7test49,cvar_table,1,engine/engines/_canonical/code/cgame/cg_main.c,2592,SOURCE_ONLY; conditional compilation not evaluated
WolfcamQL,12.7test49,cvar_table,1,engine/engines/_canonical/code/cgame/cg_main.c,2593,SOURCE_ONLY; conditional compilation not evaluated
WolfcamQL,12.7test49,cvar_table,1,engine/engines/_canonical/code/cgame/cg_main.c,2594,SOURCE_ONLY; conditional compilation not evaluated
WolfcamQL,12.7test49,cvar_table,1,engine/engines/_canonical/code/cgame/cg_main.c,2595,SOURCE_ONLY; conditional compilation not evaluated
WolfcamQL,12.7test49,cvar_table,1,engine/engines/_canonical/code/cgame/cg_main.c,2596,SOURCE_ONLY; conditional compilation not evaluated
WolfcamQL,12.7test49,cvar_table,1,engine/engines/_canonical/code/cgame/cg_main.c,2597,SOURCE_ONLY; conditional compilation not evaluated
WolfcamQL,12.7test49,cvar_table,1,engine/engines/_canonical/code/cgame/cg_main.c,2598,SOURCE_ONLY; conditional compilation not evaluated
WolfcamQL,12.7test49,cvar_table,1,engine/engines/_canonical/code/cgame/cg_main.c,2599,SOURCE_ONLY; conditional compilation not evaluated
WolfcamQL,12.7test49,cvar_table,1,engine/engines/_canonical/code/cgame/cg_main.c,2600,SOURCE_ONLY; conditional compilation not evaluated
WolfcamQL,12.7test49,cvar_table,1,engine/engines/_canonical/code/cgame/cg_main.c,2601,SOURCE_ONLY; conditional compilation not evaluated
WolfcamQL,12.7test49,cvar_table,1,engine/engines/_canonical/code/cgame/cg_main.c,2602,SOURCE_ONLY; conditional compilation not evaluated
WolfcamQL,12.7test49,cvar_table,1,engine/engines/_canonical/code/cgame/cg_main.c,2603,SOURCE_ONLY; conditional compilation not evaluated
WolfcamQL,12.7test49,cvar_table,1,engine/engines/_canonical/code/cgame/cg_main.c,2604,SOURCE_ONLY; conditional compilation not evaluated
WolfcamQL,12.7test49,cvar_table,1,engine/engines/_canonical/code/cgame/cg_main.c,2605,SOURCE_ONLY; conditional compilation not evaluated
WolfcamQL,12.7test49,cvar_table,0,engine/engines/_canonical/code/cgame/cg_main.c,2607,SOURCE_ONLY; conditional compilation not evaluated
WolfcamQL,12.7test49,cvar_table,1,engine/engines/_canonical/code/cgame/cg_main.c,2609,SOURCE_ONLY; conditional compilation not evaluated
WolfcamQL,12.7test49,cvar_table,0,engine/engines/_canonical/code/cgame/cg_main.c,2611,SOURCE_ONLY; conditional compilation not evaluated
WolfcamQL,12.7test49,cvar_table,1,engine/engines/_canonical/code/cgame/cg_main.c,2612,SOURCE_ONLY; conditional compilation not evaluated
WolfcamQL,12.7test49,cvar_table,0,engine/engines/_canonical/code/cgame/cg_main.c,2613,SOURCE_ONLY; conditional compilation not evaluated
WolfcamQL,12.7test49,cvar_table,0,engine/engines/_canonical/code/cgame/cg_main.c,2614,SOURCE_ONLY; conditional compilation not evaluated
WolfcamQL,12.7test49,cvar_table,1,engine/engines/_canonical/code/cgame/cg_main.c,2615,SOURCE_ONLY; conditional compilation not evaluated
WolfcamQL,12.7test49,cvar_table,1,engine/engines/_canonical/code/cgame/cg_main.c,2616,SOURCE_ONLY; conditional compilation not evaluated
WolfcamQL,12.7test49,cvar_table,1,engine/engines/_canonical/code/cgame/cg_main.c,2617,SOURCE_ONLY; conditional compilation not evaluated
WolfcamQL,12.7test49,cvar_table,1,engine/engines/_canonical/code/cgame/cg_main.c,2619,SOURCE_ONLY; conditional compilation not evaluated
WolfcamQL,12.7test49,cvar_table,0,engine/engines/_canonical/code/cgame/cg_main.c,2620,SOURCE_ONLY; conditional compilation not evaluated
WolfcamQL,12.7test49,cvar_table,1,engine/engines/_canonical/code/cgame/cg_main.c,2621,SOURCE_ONLY; conditional compilation not evaluated
WolfcamQL,12.7test49,Cvar_Get,cl_anonymous,engine/engines/_canonical/code/client/cl_main.c,3929,SOURCE_ONLY; conditional compilation not evaluated
WolfcamQL,12.7test49,Cvar_Get,cl_renderer,engine/engines/_canonical/code/client/cl_main.c,5951,SOURCE_ONLY; conditional compilation not evaluated
WolfcamQL,12.7test49,Cvar_Get,cl_noprint,engine/engines/_canonical/code/client/cl_main.c,6950,SOURCE_ONLY; conditional compilation not evaluated
WolfcamQL,12.7test49,Cvar_Get,cl_motd,engine/engines/_canonical/code/client/cl_main.c,6952,SOURCE_ONLY; conditional compilation not evaluated
WolfcamQL,12.7test49,Cvar_Get,cl_timeout,engine/engines/_canonical/code/client/cl_main.c,6955,SOURCE_ONLY; conditional compilation not evaluated
WolfcamQL,12.7test49,Cvar_Get,cl_timeNudge,engine/engines/_canonical/code/client/cl_main.c,6957,SOURCE_ONLY; conditional compilation not evaluated
WolfcamQL,12.7test49,Cvar_Get,cl_shownet,engine/engines/_canonical/code/client/cl_main.c,6958,SOURCE_ONLY; conditional compilation not evaluated
WolfcamQL,12.7test49,Cvar_Get,cl_showSend,engine/engines/_canonical/code/client/cl_main.c,6959,SOURCE_ONLY; conditional compilation not evaluated
WolfcamQL,12.7test49,Cvar_Get,cl_showTimeDelta,engine/engines/_canonical/code/client/cl_main.c,6960,SOURCE_ONLY; conditional compilation not evaluated
WolfcamQL,12.7test49,Cvar_Get,cl_freezeDemo,engine/engines/_canonical/code/client/cl_main.c,6961,SOURCE_ONLY; conditional compilation not evaluated
WolfcamQL,12.7test49,Cvar_Get,rconPassword,engine/engines/_canonical/code/client/cl_main.c,6962,SOURCE_ONLY; conditional compilation not evaluated
WolfcamQL,12.7test49,Cvar_Get,activeAction,engine/engines/_canonical/code/client/cl_main.c,6963,SOURCE_ONLY; conditional compilation not evaluated
WolfcamQL,12.7test49,Cvar_Get,timedemo,engine/engines/_canonical/code/client/cl_main.c,6965,SOURCE_ONLY; conditional compilation not evaluated
WolfcamQL,12.7test49,Cvar_Get,cl_timedemoLog,engine/engines/_canonical/code/client/cl_main.c,6966,SOURCE_ONLY; conditional compilation not evaluated
WolfcamQL,12.7test49,Cvar_Get,cl_autoRecordDemo,engine/engines/_canonical/code/client/cl_main.c,6967,SOURCE_ONLY; conditional compilation not evaluated
WolfcamQL,12.7test49,Cvar_Get,cl_aviFrameRate,engine/engines/_canonical/code/client/cl_main.c,6968,SOURCE_ONLY; conditional compilation not evaluated
WolfcamQL,12.7test49,Cvar_Get,cl_aviFrameRateDivider,engine/engines/_canonical/code/client/cl_main.c,6969,SOURCE_ONLY; conditional compilation not evaluated
WolfcamQL,12.7test49,Cvar_Get,cl_aviCodec,engine/engines/_canonical/code/client/cl_main.c,6970,SOURCE_ONLY; conditional compilation not evaluated
WolfcamQL,12.7test49,Cvar_Get,cl_aviAllowLargeFiles,engine/engines/_canonical/code/client/cl_main.c,6971,SOURCE_ONLY; conditional compilation not evaluated
WolfcamQL,12.7test49,Cvar_Get,cl_aviFetchMode,engine/engines/_canonical/code/client/cl_main.c,6972,SOURCE_ONLY; conditional compilation not evaluated
WolfcamQL,12.7test49,Cvar_Get,cl_aviExtension,engine/engines/_canonical/code/client/cl_main.c,6973,SOURCE_ONLY; conditional compilation not evaluated
WolfcamQL,12.7test49,Cvar_Get,cl_aviPipeCommand,engine/engines/_canonical/code/client/cl_main.c,6974,SOURCE_ONLY; conditional compilation not evaluated
WolfcamQL,12.7test49,Cvar_Get,cl_aviPipeExtension,engine/engines/_canonical/code/client/cl_main.c,6975,SOURCE_ONLY; conditional compilation not evaluated
WolfcamQL,12.7test49,Cvar_Get,cl_aviNoAudioHWOutput,engine/engines/_canonical/code/client/cl_main.c,6976,SOURCE_ONLY; conditional compilation not evaluated
WolfcamQL,12.7test49,Cvar_Get,cl_aviAudioWaitForVideoFrame,engine/engines/_canonical/code/client/cl_main.c,6977,SOURCE_ONLY; conditional compilation not evaluated
WolfcamQL,12.7test49,Cvar_Get,cl_aviAudioMatchVideoLength,engine/engines/_canonical/code/client/cl_main.c,6978,SOURCE_ONLY; conditional compilation not evaluated
WolfcamQL,12.7test49,Cvar_Get,cl_freezeDemoPauseVideoRecording,engine/engines/_canonical/code/client/cl_main.c,6980,SOURCE_ONLY; conditional compilation not evaluated
WolfcamQL,12.7test49,Cvar_Get,cl_freezeDemoPauseMusic,engine/engines/_canonical/code/client/cl_main.c,6981,SOURCE_ONLY; conditional compilation not evaluated
WolfcamQL,12.7test49,Cvar_Get,cl_forceavidemo,engine/engines/_canonical/code/client/cl_main.c,6982,SOURCE_ONLY; conditional compilation not evaluated
WolfcamQL,12.7test49,Cvar_Get,rconAddress,engine/engines/_canonical/code/client/cl_main.c,6984,SOURCE_ONLY; conditional compilation not evaluated
WolfcamQL,12.7test49,Cvar_Get,cl_yawspeed,engine/engines/_canonical/code/client/cl_main.c,6986,SOURCE_ONLY; conditional compilation not evaluated
WolfcamQL,12.7test49,Cvar_Get,cl_pitchspeed,engine/engines/_canonical/code/client/cl_main.c,6987,SOURCE_ONLY; conditional compilation not evaluated
WolfcamQL,12.7test49,Cvar_Get,cl_anglespeedkey,engine/engines/_canonical/code/client/cl_main.c,6988,SOURCE_ONLY; conditional compilation not evaluated
WolfcamQL,12.7test49,Cvar_Get,cl_maxpackets,engine/engines/_canonical/code/client/cl_main.c,6990,SOURCE_ONLY; conditional compilation not evaluated
WolfcamQL,12.7test49,Cvar_Get,cl_packetdup,engine/engines/_canonical/code/client/cl_main.c,6991,SOURCE_ONLY; conditional compilation not evaluated
WolfcamQL,12.7test49,Cvar_Get,cl_run,engine/engines/_canonical/code/client/cl_main.c,6993,SOURCE_ONLY; conditional compilation not evaluated
WolfcamQL,12.7test49,Cvar_Get,sensitivity,engine/engines/_canonical/code/client/cl_main.c,6994,SOURCE_ONLY; conditional compilation not evaluated
WolfcamQL,12.7test49,Cvar_Get,cl_mouseAccel,engine/engines/_canonical/code/client/cl_main.c,6995,SOURCE_ONLY; conditional compilation not evaluated
WolfcamQL,12.7test49,Cvar_Get,cl_freelook,engine/engines/_canonical/code/client/cl_main.c,6996,SOURCE_ONLY; conditional compilation not evaluated
WolfcamQL,12.7test49,Cvar_Get,cl_mouseAccelStyle,engine/engines/_canonical/code/client/cl_main.c,7000,SOURCE_ONLY; conditional compilation not evaluated
WolfcamQL,12.7test49,Cvar_Get,cl_mouseAccelOffset,engine/engines/_canonical/code/client/cl_main.c,7003,SOURCE_ONLY; conditional compilation not evaluated
WolfcamQL,12.7test49,Cvar_Get,cl_showmouserate,engine/engines/_canonical/code/client/cl_main.c,7006,SOURCE_ONLY; conditional compilation not evaluated
WolfcamQL,12.7test49,Cvar_Get,cl_allowDownload,engine/engines/_canonical/code/client/cl_main.c,7008,SOURCE_ONLY; conditional compilation not evaluated
WolfcamQL,12.7test49,Cvar_Get,cl_conXOffset,engine/engines/_canonical/code/client/cl_main.c,7010,SOURCE_ONLY; conditional compilation not evaluated
WolfcamQL,12.7test49,Cvar_Get,r_inGameVideo,engine/engines/_canonical/code/client/cl_main.c,7013,SOURCE_ONLY; conditional compilation not evaluated
WolfcamQL,12.7test49,Cvar_Get,r_inGameVideo,engine/engines/_canonical/code/client/cl_main.c,7015,SOURCE_ONLY; conditional compilation not evaluated
WolfcamQL,12.7test49,Cvar_Get,cl_cinematicIgnoreSeek,engine/engines/_canonical/code/client/cl_main.c,7018,SOURCE_ONLY; conditional compilation not evaluated
WolfcamQL,12.7test49,Cvar_Get,cl_serverStatusResendTime,engine/engines/_canonical/code/client/cl_main.c,7020,SOURCE_ONLY; conditional compilation not evaluated
WolfcamQL,12.7test49,Cvar_Get,cg_autoswitch,engine/engines/_canonical/code/client/cl_main.c,7024,SOURCE_ONLY; conditional compilation not evaluated
WolfcamQL,12.7test49,Cvar_Get,m_pitch,engine/engines/_canonical/code/client/cl_main.c,7026,SOURCE_ONLY; conditional compilation not evaluated
WolfcamQL,12.7test49,Cvar_Get,m_yaw,engine/engines/_canonical/code/client/cl_main.c,7027,SOURCE_ONLY; conditional compilation not evaluated
WolfcamQL,12.7test49,Cvar_Get,m_forward,engine/engines/_canonical/code/client/cl_main.c,7028,SOURCE_ONLY; conditional compilation not evaluated
WolfcamQL,12.7test49,Cvar_Get,m_side,engine/engines/_canonical/code/client/cl_main.c,7029,SOURCE_ONLY; conditional compilation not evaluated
WolfcamQL,12.7test49,Cvar_Get,m_filter,engine/engines/_canonical/code/client/cl_main.c,7032,SOURCE_ONLY; conditional compilation not evaluated
WolfcamQL,12.7test49,Cvar_Get,m_filter,engine/engines/_canonical/code/client/cl_main.c,7034,SOURCE_ONLY; conditional compilation not evaluated
WolfcamQL,12.7test49,Cvar_Get,j_pitch,engine/engines/_canonical/code/client/cl_main.c,7037,SOURCE_ONLY; conditional compilation not evaluated
WolfcamQL,12.7test49,Cvar_Get,j_yaw,engine/engines/_canonical/code/client/cl_main.c,7038,SOURCE_ONLY; conditional compilation not evaluated
WolfcamQL,12.7test49,Cvar_Get,j_forward,engine/engines/_canonical/code/client/cl_main.c,7039,SOURCE_ONLY; conditional compilation not evaluated
WolfcamQL,12.7test49,Cvar_Get,j_side,engine/engines/_canonical/code/client/cl_main.c,7040,SOURCE_ONLY; conditional compilation not evaluated
WolfcamQL,12.7test49,Cvar_Get,j_up,engine/engines/_canonical/code/client/cl_main.c,7041,SOURCE_ONLY; conditional compilation not evaluated
WolfcamQL,12.7test49,Cvar_Get,j_pitch_axis,engine/engines/_canonical/code/client/cl_main.c,7043,SOURCE_ONLY; conditional compilation not evaluated
WolfcamQL,12.7test49,Cvar_Get,j_yaw_axis,engine/engines/_canonical/code/client/cl_main.c,7044,SOURCE_ONLY; conditional compilation not evaluated
WolfcamQL,12.7test49,Cvar_Get,j_forward_axis,engine/engines/_canonical/code/client/cl_main.c,7045,SOURCE_ONLY; conditional compilation not evaluated
WolfcamQL,12.7test49,Cvar_Get,j_side_axis,engine/engines/_canonical/code/client/cl_main.c,7046,SOURCE_ONLY; conditional compilation not evaluated
WolfcamQL,12.7test49,Cvar_Get,j_up_axis,engine/engines/_canonical/code/client/cl_main.c,7047,SOURCE_ONLY; conditional compilation not evaluated
WolfcamQL,12.7test49,Cvar_Get,cl_motdString,engine/engines/_canonical/code/client/cl_main.c,7055,SOURCE_ONLY; conditional compilation not evaluated
WolfcamQL,12.7test49,Cvar_Get,cl_maxPing,engine/engines/_canonical/code/client/cl_main.c,7057,SOURCE_ONLY; conditional compilation not evaluated
WolfcamQL,12.7test49,Cvar_Get,cl_lanForcePackets,engine/engines/_canonical/code/client/cl_main.c,7059,SOURCE_ONLY; conditional compilation not evaluated
WolfcamQL,12.7test49,Cvar_Get,cl_guidServerUniq,engine/engines/_canonical/code/client/cl_main.c,7061,SOURCE_ONLY; conditional compilation not evaluated
WolfcamQL,12.7test49,Cvar_Get,cl_consoleKeys,engine/engines/_canonical/code/client/cl_main.c,7065,SOURCE_ONLY; conditional compilation not evaluated
WolfcamQL,12.7test49,Cvar_Get,name,engine/engines/_canonical/code/client/cl_main.c,7068,SOURCE_ONLY; conditional compilation not evaluated
WolfcamQL,12.7test49,Cvar_Get,rate,engine/engines/_canonical/code/client/cl_main.c,7069,SOURCE_ONLY; conditional compilation not evaluated
WolfcamQL,12.7test49,Cvar_Get,snaps,engine/engines/_canonical/code/client/cl_main.c,7070,SOURCE_ONLY; conditional compilation not evaluated
WolfcamQL,12.7test49,Cvar_Get,model,engine/engines/_canonical/code/client/cl_main.c,7071,SOURCE_ONLY; conditional compilation not evaluated
WolfcamQL,12.7test49,Cvar_Get,headmodel,engine/engines/_canonical/code/client/cl_main.c,7072,SOURCE_ONLY; conditional compilation not evaluated
WolfcamQL,12.7test49,Cvar_Get,team_model,engine/engines/_canonical/code/client/cl_main.c,7073,SOURCE_ONLY; conditional compilation not evaluated
WolfcamQL,12.7test49,Cvar_Get,team_headmodel,engine/engines/_canonical/code/client/cl_main.c,7074,SOURCE_ONLY; conditional compilation not evaluated
WolfcamQL,12.7test49,Cvar_Get,g_redTeam,engine/engines/_canonical/code/client/cl_main.c,7075,SOURCE_ONLY; conditional compilation not evaluated
WolfcamQL,12.7test49,Cvar_Get,g_blueTeam,engine/engines/_canonical/code/client/cl_main.c,7076,SOURCE_ONLY; conditional compilation not evaluated
WolfcamQL,12.7test49,Cvar_Get,color1,engine/engines/_canonical/code/client/cl_main.c,7077,SOURCE_ONLY; conditional compilation not evaluated
WolfcamQL,12.7test49,Cvar_Get,color2,engine/engines/_canonical/code/client/cl_main.c,7078,SOURCE_ONLY; conditional compilation not evaluated
WolfcamQL,12.7test49,Cvar_Get,handicap,engine/engines/_canonical/code/client/cl_main.c,7079,SOURCE_ONLY; conditional compilation not evaluated
WolfcamQL,12.7test49,Cvar_Get,teamtask,engine/engines/_canonical/code/client/cl_main.c,7080,SOURCE_ONLY; conditional compilation not evaluated
WolfcamQL,12.7test49,Cvar_Get,sex,engine/engines/_canonical/code/client/cl_main.c,7081,SOURCE_ONLY; conditional compilation not evaluated
WolfcamQL,12.7test49,Cvar_Get,cl_anonymous,engine/engines/_canonical/code/client/cl_main.c,7082,SOURCE_ONLY; conditional compilation not evaluated
WolfcamQL,12.7test49,Cvar_Get,password,engine/engines/_canonical/code/client/cl_main.c,7084,SOURCE_ONLY; conditional compilation not evaluated
WolfcamQL,12.7test49,Cvar_Get,cg_predictItems,engine/engines/_canonical/code/client/cl_main.c,7085,SOURCE_ONLY; conditional compilation not evaluated
WolfcamQL,12.7test49,Cvar_Get,cl_useMumble,engine/engines/_canonical/code/client/cl_main.c,7088,SOURCE_ONLY; conditional compilation not evaluated
WolfcamQL,12.7test49,Cvar_Get,cl_mumbleScale,engine/engines/_canonical/code/client/cl_main.c,7089,SOURCE_ONLY; conditional compilation not evaluated
WolfcamQL,12.7test49,Cvar_Get,cl_voipSend,engine/engines/_canonical/code/client/cl_main.c,7093,SOURCE_ONLY; conditional compilation not evaluated
WolfcamQL,12.7test49,Cvar_Get,cl_voipSendTarget,engine/engines/_canonical/code/client/cl_main.c,7094,SOURCE_ONLY; conditional compilation not evaluated
WolfcamQL,12.7test49,Cvar_Get,cl_voipGainDuringCapture,engine/engines/_canonical/code/client/cl_main.c,7095,SOURCE_ONLY; conditional compilation not evaluated
WolfcamQL,12.7test49,Cvar_Get,cl_voipCaptureMult,engine/engines/_canonical/code/client/cl_main.c,7096,SOURCE_ONLY; conditional compilation not evaluated
WolfcamQL,12.7test49,Cvar_Get,cl_voipUseVAD,engine/engines/_canonical/code/client/cl_main.c,7097,SOURCE_ONLY; conditional compilation not evaluated
WolfcamQL,12.7test49,Cvar_Get,cl_voipVADThreshold,engine/engines/_canonical/code/client/cl_main.c,7098,SOURCE_ONLY; conditional compilation not evaluated
WolfcamQL,12.7test49,Cvar_Get,cl_voipShowMeter,engine/engines/_canonical/code/client/cl_main.c,7099,SOURCE_ONLY; conditional compilation not evaluated
WolfcamQL,12.7test49,Cvar_Get,cl_voip,engine/engines/_canonical/code/client/cl_main.c,7101,SOURCE_ONLY; conditional compilation not evaluated
WolfcamQL,12.7test49,Cvar_Get,cl_voipProtocol,engine/engines/_canonical/code/client/cl_main.c,7103,SOURCE_ONLY; conditional compilation not evaluated
WolfcamQL,12.7test49,Cvar_Get,cl_voipOverallGain,engine/engines/_canonical/code/client/cl_main.c,7104,SOURCE_ONLY; conditional compilation not evaluated
WolfcamQL,12.7test49,Cvar_Get,cl_voipGainOtherPlayback,engine/engines/_canonical/code/client/cl_main.c,7105,SOURCE_ONLY; conditional compilation not evaluated
WolfcamQL,12.7test49,Cvar_Get,cg_viewsize,engine/engines/_canonical/code/client/cl_main.c,7115,SOURCE_ONLY; conditional compilation not evaluated
WolfcamQL,12.7test49,Cvar_Get,cg_stereoSeparation,engine/engines/_canonical/code/client/cl_main.c,7117,SOURCE_ONLY; conditional compilation not evaluated
WolfcamQL,12.7test49,Cvar_Get,cl_useq3gibs,engine/engines/_canonical/code/client/cl_main.c,7119,SOURCE_ONLY; conditional compilation not evaluated
WolfcamQL,12.7test49,Cvar_Get,cl_consoleAsChat,engine/engines/_canonical/code/client/cl_main.c,7120,SOURCE_ONLY; conditional compilation not evaluated
WolfcamQL,12.7test49,Cvar_Get,cl_numberPadInput,engine/engines/_canonical/code/client/cl_main.c,7121,SOURCE_ONLY; conditional compilation not evaluated
WolfcamQL,12.7test49,Cvar_Get,cl_maxRewindBackups,engine/engines/_canonical/code/client/cl_main.c,7123,SOURCE_ONLY; conditional compilation not evaluated
WolfcamQL,12.7test49,Cvar_Get,cl_keepDemoFileInMemory,engine/engines/_canonical/code/client/cl_main.c,7137,SOURCE_ONLY; conditional compilation not evaluated
WolfcamQL,12.7test49,Cvar_Get,cl_demoFileCheckSystem,engine/engines/_canonical/code/client/cl_main.c,7138,SOURCE_ONLY; conditional compilation not evaluated
WolfcamQL,12.7test49,Cvar_Get,cl_demoFile,engine/engines/_canonical/code/client/cl_main.c,7139,SOURCE_ONLY; conditional compilation not evaluated
WolfcamQL,12.7test49,Cvar_Get,cl_demoFileBaseName,engine/engines/_canonical/code/client/cl_main.c,7140,SOURCE_ONLY; conditional compilation not evaluated
WolfcamQL,12.7test49,Cvar_Get,cl_downloadWorkshops,engine/engines/_canonical/code/client/cl_main.c,7141,SOURCE_ONLY; conditional compilation not evaluated
WolfcamQL,12.7test49,Cvar_Get,cl_volumeShowMeter,engine/engines/_canonical/code/client/cl_main.c,7142,SOURCE_ONLY; conditional compilation not evaluated
WolfcamQL,12.7test49,Cmd_AddCommand,cmd,engine/engines/_canonical/code/client/cl_main.c,7147,SOURCE_ONLY; conditional compilation not evaluated
WolfcamQL,12.7test49,Cmd_AddCommand,configstrings,engine/engines/_canonical/code/client/cl_main.c,7148,SOURCE_ONLY; conditional compilation not evaluated
WolfcamQL,12.7test49,Cmd_AddCommand,clientinfo,engine/engines/_canonical/code/client/cl_main.c,7149,SOURCE_ONLY; conditional compilation not evaluated
WolfcamQL,12.7test49,Cmd_AddCommand,snd_restart,engine/engines/_canonical/code/client/cl_main.c,7150,SOURCE_ONLY; conditional compilation not evaluated
WolfcamQL,12.7test49,Cmd_AddCommand,vid_restart,engine/engines/_canonical/code/client/cl_main.c,7151,SOURCE_ONLY; conditional compilation not evaluated
WolfcamQL,12.7test49,Cmd_AddCommand,disconnect,engine/engines/_canonical/code/client/cl_main.c,7152,SOURCE_ONLY; conditional compilation not evaluated
WolfcamQL,12.7test49,Cmd_AddCommand,record,engine/engines/_canonical/code/client/cl_main.c,7153,SOURCE_ONLY; conditional compilation not evaluated
WolfcamQL,12.7test49,Cmd_AddCommand,demo,engine/engines/_canonical/code/client/cl_main.c,7154,SOURCE_ONLY; conditional compilation not evaluated
WolfcamQL,12.7test49,Cmd_AddCommand,streamdemo,engine/engines/_canonical/code/client/cl_main.c,7156,SOURCE_ONLY; conditional compilation not evaluated
WolfcamQL,12.7test49,Cmd_AddCommand,cinematic,engine/engines/_canonical/code/client/cl_main.c,7157,SOURCE_ONLY; conditional compilation not evaluated
WolfcamQL,12.7test49,Cmd_AddCommand,cinematic_restart,engine/engines/_canonical/code/client/cl_main.c,7158,SOURCE_ONLY; conditional compilation not evaluated
WolfcamQL,12.7test49,Cmd_AddCommand,cinematiclist,engine/engines/_canonical/code/client/cl_main.c,7159,SOURCE_ONLY; conditional compilation not evaluated
WolfcamQL,12.7test49,Cmd_AddCommand,stoprecord,engine/engines/_canonical/code/client/cl_main.c,7160,SOURCE_ONLY; conditional compilation not evaluated
WolfcamQL,12.7test49,Cmd_AddCommand,connect,engine/engines/_canonical/code/client/cl_main.c,7161,SOURCE_ONLY; conditional compilation not evaluated
WolfcamQL,12.7test49,Cmd_AddCommand,reconnect,engine/engines/_canonical/code/client/cl_main.c,7162,SOURCE_ONLY; conditional compilation not evaluated
WolfcamQL,12.7test49,Cmd_AddCommand,localservers,engine/engines/_canonical/code/client/cl_main.c,7163,SOURCE_ONLY; conditional compilation not evaluated
WolfcamQL,12.7test49,Cmd_AddCommand,globalservers,engine/engines/_canonical/code/client/cl_main.c,7164,SOURCE_ONLY; conditional compilation not evaluated
WolfcamQL,12.7test49,Cmd_AddCommand,rcon,engine/engines/_canonical/code/client/cl_main.c,7165,SOURCE_ONLY; conditional compilation not evaluated
WolfcamQL,12.7test49,Cmd_AddCommand,ping,engine/engines/_canonical/code/client/cl_main.c,7167,SOURCE_ONLY; conditional compilation not evaluated
WolfcamQL,12.7test49,Cmd_AddCommand,serverstatus,engine/engines/_canonical/code/client/cl_main.c,7168,SOURCE_ONLY; conditional compilation not evaluated
WolfcamQL,12.7test49,Cmd_AddCommand,showip,engine/engines/_canonical/code/client/cl_main.c,7169,SOURCE_ONLY; conditional compilation not evaluated
WolfcamQL,12.7test49,Cmd_AddCommand,fs_openedList,engine/engines/_canonical/code/client/cl_main.c,7170,SOURCE_ONLY; conditional compilation not evaluated
WolfcamQL,12.7test49,Cmd_AddCommand,fs_referencedList,engine/engines/_canonical/code/client/cl_main.c,7171,SOURCE_ONLY; conditional compilation not evaluated
WolfcamQL,12.7test49,Cmd_AddCommand,video,engine/engines/_canonical/code/client/cl_main.c,7174,SOURCE_ONLY; conditional compilation not evaluated
WolfcamQL,12.7test49,Cmd_AddCommand,stopvideo,engine/engines/_canonical/code/client/cl_main.c,7175,SOURCE_ONLY; conditional compilation not evaluated
WolfcamQL,12.7test49,Cmd_AddCommand,sayto,engine/engines/_canonical/code/client/cl_main.c,7178,SOURCE_ONLY; conditional compilation not evaluated
WolfcamQL,12.7test49,Cmd_AddCommand,rewind,engine/engines/_canonical/code/client/cl_main.c,7182,SOURCE_ONLY; conditional compilation not evaluated
WolfcamQL,12.7test49,Cmd_AddCommand,fastforward,engine/engines/_canonical/code/client/cl_main.c,7183,SOURCE_ONLY; conditional compilation not evaluated
WolfcamQL,12.7test49,Cmd_AddCommand,seekservertime,engine/engines/_canonical/code/client/cl_main.c,7184,SOURCE_ONLY; conditional compilation not evaluated
WolfcamQL,12.7test49,Cmd_AddCommand,seek,engine/engines/_canonical/code/client/cl_main.c,7185,SOURCE_ONLY; conditional compilation not evaluated
WolfcamQL,12.7test49,Cmd_AddCommand,seekend,engine/engines/_canonical/code/client/cl_main.c,7186,SOURCE_ONLY; conditional compilation not evaluated
WolfcamQL,12.7test49,Cmd_AddCommand,seeknext,engine/engines/_canonical/code/client/cl_main.c,7187,SOURCE_ONLY; conditional compilation not evaluated
WolfcamQL,12.7test49,Cmd_AddCommand,seekprev,engine/engines/_canonical/code/client/cl_main.c,7188,SOURCE_ONLY; conditional compilation not evaluated
WolfcamQL,12.7test49,Cmd_AddCommand,pause,engine/engines/_canonical/code/client/cl_main.c,7189,SOURCE_ONLY; conditional compilation not evaluated
WolfcamQL,12.7test49,Cmd_AddCommand,printdatadir,engine/engines/_canonical/code/client/cl_main.c,7191,SOURCE_ONLY; conditional compilation not evaluated
WolfcamQL,12.7test49,Cmd_AddCommand,stall,engine/engines/_canonical/code/client/cl_main.c,7192,SOURCE_ONLY; conditional compilation not evaluated
WolfcamQL,12.7test49,Cmd_AddCommand,setcolortable,engine/engines/_canonical/code/client/cl_main.c,7193,SOURCE_ONLY; conditional compilation not evaluated
WolfcamQL,12.7test49,Cmd_AddCommand,pov,engine/engines/_canonical/code/client/cl_main.c,7194,SOURCE_ONLY; conditional compilation not evaluated
WolfcamQL,12.7test49,Cvar_Get,cl_guid,engine/engines/_canonical/code/client/cl_main.c,7205,SOURCE_ONLY; conditional compilation not evaluated
WolfcamQL,12.7test49,Cvar_Get,com_altivec,engine/engines/_canonical/code/renderergl1/tr_init.c,1789,SOURCE_ONLY; conditional compilation not evaluated
WolfcamQL,12.7test49,Cvar_Get,r_allowExtensions,engine/engines/_canonical/code/renderergl1/tr_init.c,1795,SOURCE_ONLY; conditional compilation not evaluated
WolfcamQL,12.7test49,Cvar_Get,r_ext_compressed_textures,engine/engines/_canonical/code/renderergl1/tr_init.c,1796,SOURCE_ONLY; conditional compilation not evaluated
WolfcamQL,12.7test49,Cvar_Get,r_ext_multitexture,engine/engines/_canonical/code/renderergl1/tr_init.c,1797,SOURCE_ONLY; conditional compilation not evaluated
WolfcamQL,12.7test49,Cvar_Get,r_ext_compiled_vertex_array,engine/engines/_canonical/code/renderergl1/tr_init.c,1798,SOURCE_ONLY; conditional compilation not evaluated
WolfcamQL,12.7test49,Cvar_Get,r_ext_texture_env_add,engine/engines/_canonical/code/renderergl1/tr_init.c,1799,SOURCE_ONLY; conditional compilation not evaluated
WolfcamQL,12.7test49,Cvar_Get,r_ext_texture_filter_anisotropic,engine/engines/_canonical/code/renderergl1/tr_init.c,1801,SOURCE_ONLY; conditional compilation not evaluated
WolfcamQL,12.7test49,Cvar_Get,r_ext_max_anisotropy,engine/engines/_canonical/code/renderergl1/tr_init.c,1803,SOURCE_ONLY; conditional compilation not evaluated
WolfcamQL,12.7test49,Cvar_Get,r_picmip,engine/engines/_canonical/code/renderergl1/tr_init.c,1805,SOURCE_ONLY; conditional compilation not evaluated
WolfcamQL,12.7test49,Cvar_Get,r_ignoreShaderNoMipMaps,engine/engines/_canonical/code/renderergl1/tr_init.c,1806,SOURCE_ONLY; conditional compilation not evaluated
WolfcamQL,12.7test49,Cvar_Get,r_ignoreShaderNoPicMip,engine/engines/_canonical/code/renderergl1/tr_init.c,1807,SOURCE_ONLY; conditional compilation not evaluated
WolfcamQL,12.7test49,Cvar_Get,r_roundImagesDown,engine/engines/_canonical/code/renderergl1/tr_init.c,1808,SOURCE_ONLY; conditional compilation not evaluated
WolfcamQL,12.7test49,Cvar_Get,r_colorMipLevels,engine/engines/_canonical/code/renderergl1/tr_init.c,1809,SOURCE_ONLY; conditional compilation not evaluated
WolfcamQL,12.7test49,Cvar_Get,r_detailtextures,engine/engines/_canonical/code/renderergl1/tr_init.c,1811,SOURCE_ONLY; conditional compilation not evaluated
WolfcamQL,12.7test49,Cvar_Get,r_texturebits,engine/engines/_canonical/code/renderergl1/tr_init.c,1812,SOURCE_ONLY; conditional compilation not evaluated
WolfcamQL,12.7test49,Cvar_Get,r_colorbits,engine/engines/_canonical/code/renderergl1/tr_init.c,1813,SOURCE_ONLY; conditional compilation not evaluated
WolfcamQL,12.7test49,Cvar_Get,r_stencilbits,engine/engines/_canonical/code/renderergl1/tr_init.c,1814,SOURCE_ONLY; conditional compilation not evaluated
WolfcamQL,12.7test49,Cvar_Get,r_depthbits,engine/engines/_canonical/code/renderergl1/tr_init.c,1815,SOURCE_ONLY; conditional compilation not evaluated
WolfcamQL,12.7test49,Cvar_Get,r_ext_multisample,engine/engines/_canonical/code/renderergl1/tr_init.c,1816,SOURCE_ONLY; conditional compilation not evaluated
WolfcamQL,12.7test49,Cvar_Get,r_overBrightBits,engine/engines/_canonical/code/renderergl1/tr_init.c,1818,SOURCE_ONLY; conditional compilation not evaluated
WolfcamQL,12.7test49,Cvar_Get,r_overBrightBitsValue,engine/engines/_canonical/code/renderergl1/tr_init.c,1819,SOURCE_ONLY; conditional compilation not evaluated
WolfcamQL,12.7test49,Cvar_Get,r_ignorehwgamma,engine/engines/_canonical/code/renderergl1/tr_init.c,1820,SOURCE_ONLY; conditional compilation not evaluated
WolfcamQL,12.7test49,Cvar_Get,r_mode,engine/engines/_canonical/code/renderergl1/tr_init.c,1821,SOURCE_ONLY; conditional compilation not evaluated
WolfcamQL,12.7test49,Cvar_Get,r_fullscreen,engine/engines/_canonical/code/renderergl1/tr_init.c,1822,SOURCE_ONLY; conditional compilation not evaluated
WolfcamQL,12.7test49,Cvar_Get,r_noborder,engine/engines/_canonical/code/renderergl1/tr_init.c,1823,SOURCE_ONLY; conditional compilation not evaluated
WolfcamQL,12.7test49,Cvar_Get,r_customwidth,engine/engines/_canonical/code/renderergl1/tr_init.c,1824,SOURCE_ONLY; conditional compilation not evaluated
WolfcamQL,12.7test49,Cvar_Get,r_customheight,engine/engines/_canonical/code/renderergl1/tr_init.c,1825,SOURCE_ONLY; conditional compilation not evaluated
WolfcamQL,12.7test49,Cvar_Get,r_customPixelAspect,engine/engines/_canonical/code/renderergl1/tr_init.c,1826,SOURCE_ONLY; conditional compilation not evaluated
WolfcamQL,12.7test49,Cvar_Get,r_simpleMipMaps,engine/engines/_canonical/code/renderergl1/tr_init.c,1827,SOURCE_ONLY; conditional compilation not evaluated
WolfcamQL,12.7test49,Cvar_Get,r_vertexLight,engine/engines/_canonical/code/renderergl1/tr_init.c,1828,SOURCE_ONLY; conditional compilation not evaluated
WolfcamQL,12.7test49,Cvar_Get,r_uiFullScreen,engine/engines/_canonical/code/renderergl1/tr_init.c,1829,SOURCE_ONLY; conditional compilation not evaluated
WolfcamQL,12.7test49,Cvar_Get,r_subdivisions,engine/engines/_canonical/code/renderergl1/tr_init.c,1830,SOURCE_ONLY; conditional compilation not evaluated
WolfcamQL,12.7test49,Cvar_Get,r_stereoEnabled,engine/engines/_canonical/code/renderergl1/tr_init.c,1831,SOURCE_ONLY; conditional compilation not evaluated
WolfcamQL,12.7test49,Cvar_Get,r_ignoreFastPath,engine/engines/_canonical/code/renderergl1/tr_init.c,1832,SOURCE_ONLY; conditional compilation not evaluated
WolfcamQL,12.7test49,Cvar_Get,r_greyscale,engine/engines/_canonical/code/renderergl1/tr_init.c,1833,SOURCE_ONLY; conditional compilation not evaluated
WolfcamQL,12.7test49,Cvar_Get,r_greyscaleValue,engine/engines/_canonical/code/renderergl1/tr_init.c,1835,SOURCE_ONLY; conditional compilation not evaluated
WolfcamQL,12.7test49,Cvar_Get,r_mapGreyScale,engine/engines/_canonical/code/renderergl1/tr_init.c,1836,SOURCE_ONLY; conditional compilation not evaluated
WolfcamQL,12.7test49,Cvar_Get,r_picmipGreyScale,engine/engines/_canonical/code/renderergl1/tr_init.c,1837,SOURCE_ONLY; conditional compilation not evaluated
WolfcamQL,12.7test49,Cvar_Get,r_picmipGreyScaleValue,engine/engines/_canonical/code/renderergl1/tr_init.c,1838,SOURCE_ONLY; conditional compilation not evaluated
WolfcamQL,12.7test49,Cvar_Get,r_displayRefresh,engine/engines/_canonical/code/renderergl1/tr_init.c,1843,SOURCE_ONLY; conditional compilation not evaluated
WolfcamQL,12.7test49,Cvar_Get,r_fullbright,engine/engines/_canonical/code/renderergl1/tr_init.c,1846,SOURCE_ONLY; conditional compilation not evaluated
WolfcamQL,12.7test49,Cvar_Get,r_mapOverBrightBits,engine/engines/_canonical/code/renderergl1/tr_init.c,1847,SOURCE_ONLY; conditional compilation not evaluated
WolfcamQL,12.7test49,Cvar_Get,r_mapOverBrightBitsValue,engine/engines/_canonical/code/renderergl1/tr_init.c,1848,SOURCE_ONLY; conditional compilation not evaluated
WolfcamQL,12.7test49,Cvar_Get,r_mapOverBrightBitsCap,engine/engines/_canonical/code/renderergl1/tr_init.c,1849,SOURCE_ONLY; conditional compilation not evaluated
WolfcamQL,12.7test49,Cvar_Get,r_intensity,engine/engines/_canonical/code/renderergl1/tr_init.c,1852,SOURCE_ONLY; conditional compilation not evaluated
WolfcamQL,12.7test49,Cvar_Get,r_singleShader,engine/engines/_canonical/code/renderergl1/tr_init.c,1853,SOURCE_ONLY; conditional compilation not evaluated
WolfcamQL,12.7test49,Cvar_Get,r_singleShaderName,engine/engines/_canonical/code/renderergl1/tr_init.c,1854,SOURCE_ONLY; conditional compilation not evaluated
WolfcamQL,12.7test49,Cvar_Get,r_lodCurveError,engine/engines/_canonical/code/renderergl1/tr_init.c,1859,SOURCE_ONLY; conditional compilation not evaluated
WolfcamQL,12.7test49,Cvar_Get,r_lodbias,engine/engines/_canonical/code/renderergl1/tr_init.c,1860,SOURCE_ONLY; conditional compilation not evaluated
WolfcamQL,12.7test49,Cvar_Get,r_flares,engine/engines/_canonical/code/renderergl1/tr_init.c,1861,SOURCE_ONLY; conditional compilation not evaluated
WolfcamQL,12.7test49,Cvar_Get,r_znear,engine/engines/_canonical/code/renderergl1/tr_init.c,1862,SOURCE_ONLY; conditional compilation not evaluated
WolfcamQL,12.7test49,Cvar_Get,r_zproj,engine/engines/_canonical/code/renderergl1/tr_init.c,1864,SOURCE_ONLY; conditional compilation not evaluated
WolfcamQL,12.7test49,Cvar_Get,r_stereoSeparation,engine/engines/_canonical/code/renderergl1/tr_init.c,1865,SOURCE_ONLY; conditional compilation not evaluated
WolfcamQL,12.7test49,Cvar_Get,r_ignoreGLErrors,engine/engines/_canonical/code/renderergl1/tr_init.c,1866,SOURCE_ONLY; conditional compilation not evaluated
WolfcamQL,12.7test49,Cvar_Get,r_fastsky,engine/engines/_canonical/code/renderergl1/tr_init.c,1867,SOURCE_ONLY; conditional compilation not evaluated
WolfcamQL,12.7test49,Cvar_Get,r_fastSkyColor,engine/engines/_canonical/code/renderergl1/tr_init.c,1868,SOURCE_ONLY; conditional compilation not evaluated
WolfcamQL,12.7test49,Cvar_Get,r_drawSkyFloor,engine/engines/_canonical/code/renderergl1/tr_init.c,1869,SOURCE_ONLY; conditional compilation not evaluated
WolfcamQL,12.7test49,Cvar_Get,r_cloudHeight,engine/engines/_canonical/code/renderergl1/tr_init.c,1870,SOURCE_ONLY; conditional compilation not evaluated
WolfcamQL,12.7test49,Cvar_Get,r_forceSky,engine/engines/_canonical/code/renderergl1/tr_init.c,1871,SOURCE_ONLY; conditional compilation not evaluated
WolfcamQL,12.7test49,Cvar_Get,r_inGameVideo,engine/engines/_canonical/code/renderergl1/tr_init.c,1872,SOURCE_ONLY; conditional compilation not evaluated
WolfcamQL,12.7test49,Cvar_Get,r_drawSun,engine/engines/_canonical/code/renderergl1/tr_init.c,1873,SOURCE_ONLY; conditional compilation not evaluated
WolfcamQL,12.7test49,Cvar_Get,r_dynamiclight,engine/engines/_canonical/code/renderergl1/tr_init.c,1874,SOURCE_ONLY; conditional compilation not evaluated
WolfcamQL,12.7test49,Cvar_Get,r_dlightBacks,engine/engines/_canonical/code/renderergl1/tr_init.c,1875,SOURCE_ONLY; conditional compilation not evaluated
WolfcamQL,12.7test49,Cvar_Get,r_finish,engine/engines/_canonical/code/renderergl1/tr_init.c,1876,SOURCE_ONLY; conditional compilation not evaluated
WolfcamQL,12.7test49,Cvar_Get,r_textureMode,engine/engines/_canonical/code/renderergl1/tr_init.c,1877,SOURCE_ONLY; conditional compilation not evaluated
WolfcamQL,12.7test49,Cvar_Get,r_swapInterval,engine/engines/_canonical/code/renderergl1/tr_init.c,1878,SOURCE_ONLY; conditional compilation not evaluated
WolfcamQL,12.7test49,Cvar_Get,r_gamma,engine/engines/_canonical/code/renderergl1/tr_init.c,1880,SOURCE_ONLY; conditional compilation not evaluated
WolfcamQL,12.7test49,Cvar_Get,r_facePlaneCull,engine/engines/_canonical/code/renderergl1/tr_init.c,1881,SOURCE_ONLY; conditional compilation not evaluated
WolfcamQL,12.7test49,Cvar_Get,r_railWidth,engine/engines/_canonical/code/renderergl1/tr_init.c,1883,SOURCE_ONLY; conditional compilation not evaluated
WolfcamQL,12.7test49,Cvar_Get,r_railCoreWidth,engine/engines/_canonical/code/renderergl1/tr_init.c,1884,SOURCE_ONLY; conditional compilation not evaluated
WolfcamQL,12.7test49,Cvar_Get,r_railSegmentLength,engine/engines/_canonical/code/renderergl1/tr_init.c,1885,SOURCE_ONLY; conditional compilation not evaluated
WolfcamQL,12.7test49,Cvar_Get,r_primitives,engine/engines/_canonical/code/renderergl1/tr_init.c,1887,SOURCE_ONLY; conditional compilation not evaluated
WolfcamQL,12.7test49,Cvar_Get,r_ambientScale,engine/engines/_canonical/code/renderergl1/tr_init.c,1889,SOURCE_ONLY; conditional compilation not evaluated
WolfcamQL,12.7test49,Cvar_Get,r_directedScale,engine/engines/_canonical/code/renderergl1/tr_init.c,1890,SOURCE_ONLY; conditional compilation not evaluated
WolfcamQL,12.7test49,Cvar_Get,r_anaglyphMode,engine/engines/_canonical/code/renderergl1/tr_init.c,1892,SOURCE_ONLY; conditional compilation not evaluated
WolfcamQL,12.7test49,Cvar_Get,r_anaglyph2d,engine/engines/_canonical/code/renderergl1/tr_init.c,1894,SOURCE_ONLY; conditional compilation not evaluated
WolfcamQL,12.7test49,Cvar_Get,r_showImages,engine/engines/_canonical/code/renderergl1/tr_init.c,1899,SOURCE_ONLY; conditional compilation not evaluated
WolfcamQL,12.7test49,Cvar_Get,r_debuglight,engine/engines/_canonical/code/renderergl1/tr_init.c,1901,SOURCE_ONLY; conditional compilation not evaluated
WolfcamQL,12.7test49,Cvar_Get,r_debugSort,engine/engines/_canonical/code/renderergl1/tr_init.c,1902,SOURCE_ONLY; conditional compilation not evaluated
WolfcamQL,12.7test49,Cvar_Get,r_printShaders,engine/engines/_canonical/code/renderergl1/tr_init.c,1903,SOURCE_ONLY; conditional compilation not evaluated
WolfcamQL,12.7test49,Cvar_Get,r_saveFontData,engine/engines/_canonical/code/renderergl1/tr_init.c,1904,SOURCE_ONLY; conditional compilation not evaluated
WolfcamQL,12.7test49,Cvar_Get,r_debugFonts,engine/engines/_canonical/code/renderergl1/tr_init.c,1905,SOURCE_ONLY; conditional compilation not evaluated
WolfcamQL,12.7test49,Cvar_Get,r_defaultQlFontFallbacks,engine/engines/_canonical/code/renderergl1/tr_init.c,1906,SOURCE_ONLY; conditional compilation not evaluated
WolfcamQL,12.7test49,Cvar_Get,r_defaultMSFontFallbacks,engine/engines/_canonical/code/renderergl1/tr_init.c,1907,SOURCE_ONLY; conditional compilation not evaluated
WolfcamQL,12.7test49,Cvar_Get,r_defaultSystemFontFallbacks,engine/engines/_canonical/code/renderergl1/tr_init.c,1908,SOURCE_ONLY; conditional compilation not evaluated
WolfcamQL,12.7test49,Cvar_Get,r_defaultUnifontFallbacks,engine/engines/_canonical/code/renderergl1/tr_init.c,1909,SOURCE_ONLY; conditional compilation not evaluated
WolfcamQL,12.7test49,Cvar_Get,r_nocurves,engine/engines/_canonical/code/renderergl1/tr_init.c,1911,SOURCE_ONLY; conditional compilation not evaluated
WolfcamQL,12.7test49,Cvar_Get,r_drawworld,engine/engines/_canonical/code/renderergl1/tr_init.c,1912,SOURCE_ONLY; conditional compilation not evaluated
WolfcamQL,12.7test49,Cvar_Get,r_lightmap,engine/engines/_canonical/code/renderergl1/tr_init.c,1914,SOURCE_ONLY; conditional compilation not evaluated
WolfcamQL,12.7test49,Cvar_Get,r_lightmapColor,engine/engines/_canonical/code/renderergl1/tr_init.c,1915,SOURCE_ONLY; conditional compilation not evaluated
WolfcamQL,12.7test49,Cvar_Get,r_darknessThreshold,engine/engines/_canonical/code/renderergl1/tr_init.c,1916,SOURCE_ONLY; conditional compilation not evaluated
WolfcamQL,12.7test49,Cvar_Get,r_portalOnly,engine/engines/_canonical/code/renderergl1/tr_init.c,1917,SOURCE_ONLY; conditional compilation not evaluated
WolfcamQL,12.7test49,Cvar_Get,r_flareSize,engine/engines/_canonical/code/renderergl1/tr_init.c,1919,SOURCE_ONLY; conditional compilation not evaluated
WolfcamQL,12.7test49,Cvar_Get,r_flareFade,engine/engines/_canonical/code/renderergl1/tr_init.c,1920,SOURCE_ONLY; conditional compilation not evaluated
WolfcamQL,12.7test49,Cvar_Get,r_flareCoeff,engine/engines/_canonical/code/renderergl1/tr_init.c,1921,SOURCE_ONLY; conditional compilation not evaluated
WolfcamQL,12.7test49,Cvar_Get,r_skipBackEnd,engine/engines/_canonical/code/renderergl1/tr_init.c,1923,SOURCE_ONLY; conditional compilation not evaluated
WolfcamQL,12.7test49,Cvar_Get,r_measureOverdraw,engine/engines/_canonical/code/renderergl1/tr_init.c,1925,SOURCE_ONLY; conditional compilation not evaluated
WolfcamQL,12.7test49,Cvar_Get,r_lodscale,engine/engines/_canonical/code/renderergl1/tr_init.c,1926,SOURCE_ONLY; conditional compilation not evaluated
WolfcamQL,12.7test49,Cvar_Get,r_norefresh,engine/engines/_canonical/code/renderergl1/tr_init.c,1927,SOURCE_ONLY; conditional compilation not evaluated
WolfcamQL,12.7test49,Cvar_Get,r_drawentities,engine/engines/_canonical/code/renderergl1/tr_init.c,1928,SOURCE_ONLY; conditional compilation not evaluated
WolfcamQL,12.7test49,Cvar_Get,r_ignore,engine/engines/_canonical/code/renderergl1/tr_init.c,1929,SOURCE_ONLY; conditional compilation not evaluated
WolfcamQL,12.7test49,Cvar_Get,r_nocull,engine/engines/_canonical/code/renderergl1/tr_init.c,1930,SOURCE_ONLY; conditional compilation not evaluated
WolfcamQL,12.7test49,Cvar_Get,r_novis,engine/engines/_canonical/code/renderergl1/tr_init.c,1931,SOURCE_ONLY; conditional compilation not evaluated
WolfcamQL,12.7test49,Cvar_Get,r_showcluster,engine/engines/_canonical/code/renderergl1/tr_init.c,1932,SOURCE_ONLY; conditional compilation not evaluated
WolfcamQL,12.7test49,Cvar_Get,r_speeds,engine/engines/_canonical/code/renderergl1/tr_init.c,1933,SOURCE_ONLY; conditional compilation not evaluated
WolfcamQL,12.7test49,Cvar_Get,r_verbose,engine/engines/_canonical/code/renderergl1/tr_init.c,1934,SOURCE_ONLY; conditional compilation not evaluated
WolfcamQL,12.7test49,Cvar_Get,r_logFile,engine/engines/_canonical/code/renderergl1/tr_init.c,1935,SOURCE_ONLY; conditional compilation not evaluated
WolfcamQL,12.7test49,Cvar_Get,r_debugSurface,engine/engines/_canonical/code/renderergl1/tr_init.c,1936,SOURCE_ONLY; conditional compilation not evaluated
WolfcamQL,12.7test49,Cvar_Get,r_nobind,engine/engines/_canonical/code/renderergl1/tr_init.c,1937,SOURCE_ONLY; conditional compilation not evaluated
WolfcamQL,12.7test49,Cvar_Get,r_showtris,engine/engines/_canonical/code/renderergl1/tr_init.c,1938,SOURCE_ONLY; conditional compilation not evaluated
WolfcamQL,12.7test49,Cvar_Get,r_showsky,engine/engines/_canonical/code/renderergl1/tr_init.c,1939,SOURCE_ONLY; conditional compilation not evaluated
WolfcamQL,12.7test49,Cvar_Get,r_shownormals,engine/engines/_canonical/code/renderergl1/tr_init.c,1940,SOURCE_ONLY; conditional compilation not evaluated
WolfcamQL,12.7test49,Cvar_Get,r_clear,engine/engines/_canonical/code/renderergl1/tr_init.c,1941,SOURCE_ONLY; conditional compilation not evaluated
WolfcamQL,12.7test49,Cvar_Get,r_clearColor,engine/engines/_canonical/code/renderergl1/tr_init.c,1942,SOURCE_ONLY; conditional compilation not evaluated
WolfcamQL,12.7test49,Cvar_Get,r_offsetfactor,engine/engines/_canonical/code/renderergl1/tr_init.c,1943,SOURCE_ONLY; conditional compilation not evaluated
WolfcamQL,12.7test49,Cvar_Get,r_offsetunits,engine/engines/_canonical/code/renderergl1/tr_init.c,1944,SOURCE_ONLY; conditional compilation not evaluated
WolfcamQL,12.7test49,Cvar_Get,r_polygonFill,engine/engines/_canonical/code/renderergl1/tr_init.c,1945,SOURCE_ONLY; conditional compilation not evaluated
WolfcamQL,12.7test49,Cvar_Get,r_drawBuffer,engine/engines/_canonical/code/renderergl1/tr_init.c,1946,SOURCE_ONLY; conditional compilation not evaluated
WolfcamQL,12.7test49,Cvar_Get,r_lockpvs,engine/engines/_canonical/code/renderergl1/tr_init.c,1947,SOURCE_ONLY; conditional compilation not evaluated
WolfcamQL,12.7test49,Cvar_Get,r_noportals,engine/engines/_canonical/code/renderergl1/tr_init.c,1948,SOURCE_ONLY; conditional compilation not evaluated
WolfcamQL,12.7test49,Cvar_Get,cg_shadows,engine/engines/_canonical/code/renderergl1/tr_init.c,1949,SOURCE_ONLY; conditional compilation not evaluated
WolfcamQL,12.7test49,Cvar_Get,r_marksOnTriangleMeshes,engine/engines/_canonical/code/renderergl1/tr_init.c,1951,SOURCE_ONLY; conditional compilation not evaluated
WolfcamQL,12.7test49,Cvar_Get,r_maxpolys,engine/engines/_canonical/code/renderergl1/tr_init.c,1953,SOURCE_ONLY; conditional compilation not evaluated
WolfcamQL,12.7test49,Cvar_Get,r_maxpolyverts,engine/engines/_canonical/code/renderergl1/tr_init.c,1954,SOURCE_ONLY; conditional compilation not evaluated
WolfcamQL,12.7test49,Cvar_Get,r_jpegCompressionQuality,engine/engines/_canonical/code/renderergl1/tr_init.c,1955,SOURCE_ONLY; conditional compilation not evaluated
WolfcamQL,12.7test49,Cvar_Get,r_pngZlibCompression,engine/engines/_canonical/code/renderergl1/tr_init.c,1956,SOURCE_ONLY; conditional compilation not evaluated
WolfcamQL,12.7test49,Cvar_Get,r_forceMap,engine/engines/_canonical/code/renderergl1/tr_init.c,1957,SOURCE_ONLY; conditional compilation not evaluated
WolfcamQL,12.7test49,Cvar_Get,r_enablePostProcess,engine/engines/_canonical/code/renderergl1/tr_init.c,1958,SOURCE_ONLY; conditional compilation not evaluated
WolfcamQL,12.7test49,Cvar_Get,r_enableColorCorrect,engine/engines/_canonical/code/renderergl1/tr_init.c,1959,SOURCE_ONLY; conditional compilation not evaluated
WolfcamQL,12.7test49,Cvar_Get,r_contrast,engine/engines/_canonical/code/renderergl1/tr_init.c,1960,SOURCE_ONLY; conditional compilation not evaluated
WolfcamQL,12.7test49,Cvar_Get,r_enableBloom,engine/engines/_canonical/code/renderergl1/tr_init.c,1961,SOURCE_ONLY; conditional compilation not evaluated
WolfcamQL,12.7test49,Cvar_Get,r_BloomBlurScale,engine/engines/_canonical/code/renderergl1/tr_init.c,1962,SOURCE_ONLY; conditional compilation not evaluated
WolfcamQL,12.7test49,Cvar_Get,r_BloomBlurFalloff,engine/engines/_canonical/code/renderergl1/tr_init.c,1963,SOURCE_ONLY; conditional compilation not evaluated
WolfcamQL,12.7test49,Cvar_Get,r_BloomBlurRadius,engine/engines/_canonical/code/renderergl1/tr_init.c,1964,SOURCE_ONLY; conditional compilation not evaluated
WolfcamQL,12.7test49,Cvar_Get,r_BloomPasses,engine/engines/_canonical/code/renderergl1/tr_init.c,1965,SOURCE_ONLY; conditional compilation not evaluated
WolfcamQL,12.7test49,Cvar_Get,r_BloomSceneIntensity,engine/engines/_canonical/code/renderergl1/tr_init.c,1966,SOURCE_ONLY; conditional compilation not evaluated
WolfcamQL,12.7test49,Cvar_Get,r_BloomSceneSaturation,engine/engines/_canonical/code/renderergl1/tr_init.c,1967,SOURCE_ONLY; conditional compilation not evaluated
WolfcamQL,12.7test49,Cvar_Get,r_BloomIntensity,engine/engines/_canonical/code/renderergl1/tr_init.c,1968,SOURCE_ONLY; conditional compilation not evaluated
WolfcamQL,12.7test49,Cvar_Get,r_BloomSaturation,engine/engines/_canonical/code/renderergl1/tr_init.c,1969,SOURCE_ONLY; conditional compilation not evaluated
WolfcamQL,12.7test49,Cvar_Get,r_BloomBrightThreshold,engine/engines/_canonical/code/renderergl1/tr_init.c,1970,SOURCE_ONLY; conditional compilation not evaluated
WolfcamQL,12.7test49,Cvar_Get,r_BloomTextureScale,engine/engines/_canonical/code/renderergl1/tr_init.c,1971,SOURCE_ONLY; conditional compilation not evaluated
WolfcamQL,12.7test49,Cvar_Get,r_BloomDebug,engine/engines/_canonical/code/renderergl1/tr_init.c,1972,SOURCE_ONLY; conditional compilation not evaluated
WolfcamQL,12.7test49,Cvar_Get,r_portalBobbing,engine/engines/_canonical/code/renderergl1/tr_init.c,1973,SOURCE_ONLY; conditional compilation not evaluated
WolfcamQL,12.7test49,Cvar_Get,r_useFbo,engine/engines/_canonical/code/renderergl1/tr_init.c,1974,SOURCE_ONLY; conditional compilation not evaluated
WolfcamQL,12.7test49,Cvar_Get,r_fboAntiAlias,engine/engines/_canonical/code/renderergl1/tr_init.c,1975,SOURCE_ONLY; conditional compilation not evaluated
WolfcamQL,12.7test49,Cvar_Get,r_teleporterFlash,engine/engines/_canonical/code/renderergl1/tr_init.c,1976,SOURCE_ONLY; conditional compilation not evaluated
WolfcamQL,12.7test49,Cvar_Get,r_debugMarkSurface,engine/engines/_canonical/code/renderergl1/tr_init.c,1977,SOURCE_ONLY; conditional compilation not evaluated
WolfcamQL,12.7test49,Cvar_Get,r_ignoreNoMarks,engine/engines/_canonical/code/renderergl1/tr_init.c,1978,SOURCE_ONLY; conditional compilation not evaluated
WolfcamQL,12.7test49,Cvar_Get,r_fog,engine/engines/_canonical/code/renderergl1/tr_init.c,1979,SOURCE_ONLY; conditional compilation not evaluated
WolfcamQL,12.7test49,Cvar_Get,r_ignoreEntityMergable,engine/engines/_canonical/code/renderergl1/tr_init.c,1980,SOURCE_ONLY; conditional compilation not evaluated
WolfcamQL,12.7test49,Cvar_Get,r_debugScaledImages,engine/engines/_canonical/code/renderergl1/tr_init.c,1981,SOURCE_ONLY; conditional compilation not evaluated
WolfcamQL,12.7test49,Cvar_Get,r_scaleImagesPowerOfTwo,engine/engines/_canonical/code/renderergl1/tr_init.c,1982,SOURCE_ONLY; conditional compilation not evaluated
WolfcamQL,12.7test49,Cvar_Get,r_screenMapTextureSize,engine/engines/_canonical/code/renderergl1/tr_init.c,1983,SOURCE_ONLY; conditional compilation not evaluated
WolfcamQL,12.7test49,Cvar_Get,r_weather,engine/engines/_canonical/code/renderergl1/tr_init.c,1984,SOURCE_ONLY; conditional compilation not evaluated
WolfcamQL,12.7test49,Cmd_AddCommand,imagelist,engine/engines/_canonical/code/renderergl1/tr_init.c,1988,SOURCE_ONLY; conditional compilation not evaluated
WolfcamQL,12.7test49,Cmd_AddCommand,shaderlist,engine/engines/_canonical/code/renderergl1/tr_init.c,1989,SOURCE_ONLY; conditional compilation not evaluated
WolfcamQL,12.7test49,Cmd_AddCommand,skinlist,engine/engines/_canonical/code/renderergl1/tr_init.c,1990,SOURCE_ONLY; conditional compilation not evaluated
WolfcamQL,12.7test49,Cmd_AddCommand,modellist,engine/engines/_canonical/code/renderergl1/tr_init.c,1991,SOURCE_ONLY; conditional compilation not evaluated
WolfcamQL,12.7test49,Cmd_AddCommand,modelist,engine/engines/_canonical/code/renderergl1/tr_init.c,1992,SOURCE_ONLY; conditional compilation not evaluated
WolfcamQL,12.7test49,Cmd_AddCommand,fontlist,engine/engines/_canonical/code/renderergl1/tr_init.c,1993,SOURCE_ONLY; conditional compilation not evaluated
WolfcamQL,12.7test49,Cmd_AddCommand,screenshot,engine/engines/_canonical/code/renderergl1/tr_init.c,1994,SOURCE_ONLY; conditional compilation not evaluated
WolfcamQL,12.7test49,Cmd_AddCommand,screenshotJPEG,engine/engines/_canonical/code/renderergl1/tr_init.c,1995,SOURCE_ONLY; conditional compilation not evaluated
WolfcamQL,12.7test49,Cmd_AddCommand,screenshotPNG,engine/engines/_canonical/code/renderergl1/tr_init.c,1996,SOURCE_ONLY; conditional compilation not evaluated
WolfcamQL,12.7test49,Cmd_AddCommand,gfxinfo,engine/engines/_canonical/code/renderergl1/tr_init.c,1997,SOURCE_ONLY; conditional compilation not evaluated
WolfcamQL,12.7test49,Cmd_AddCommand,minimize,engine/engines/_canonical/code/renderergl1/tr_init.c,1998,SOURCE_ONLY; conditional compilation not evaluated
WolfcamQL,12.7test49,Cmd_AddCommand,createcolorskins,engine/engines/_canonical/code/renderergl1/tr_init.c,1999,SOURCE_ONLY; conditional compilation not evaluated
WolfcamQL,12.7test49,Cmd_AddCommand,printviewparms,engine/engines/_canonical/code/renderergl1/tr_init.c,2000,SOURCE_ONLY; conditional compilation not evaluated
WolfcamQL,12.7test49,Cmd_AddCommand,remaplasttwoshaders,engine/engines/_canonical/code/renderergl1/tr_init.c,2001,SOURCE_ONLY; conditional compilation not evaluated
WolfcamQL,12.7test49,Cmd_AddCommand,listremappedshaders,engine/engines/_canonical/code/renderergl1/tr_init.c,2002,SOURCE_ONLY; conditional compilation not evaluated
WolfcamQL,12.7test49,Cmd_AddCommand,clearallremappedshaders,engine/engines/_canonical/code/renderergl1/tr_init.c,2003,SOURCE_ONLY; conditional compilation not evaluated
WolfcamQL,12.7test49,Cvar_Get,com_altivec,engine/engines/_canonical/code/renderergl2/tr_init.c,1910,SOURCE_ONLY; conditional compilation not evaluated
WolfcamQL,12.7test49,Cvar_Get,r_allowExtensions,engine/engines/_canonical/code/renderergl2/tr_init.c,1916,SOURCE_ONLY; conditional compilation not evaluated
WolfcamQL,12.7test49,Cvar_Get,r_ext_compressed_textures,engine/engines/_canonical/code/renderergl2/tr_init.c,1917,SOURCE_ONLY; conditional compilation not evaluated
WolfcamQL,12.7test49,Cvar_Get,r_ext_multitexture,engine/engines/_canonical/code/renderergl2/tr_init.c,1918,SOURCE_ONLY; conditional compilation not evaluated
WolfcamQL,12.7test49,Cvar_Get,r_ext_compiled_vertex_array,engine/engines/_canonical/code/renderergl2/tr_init.c,1919,SOURCE_ONLY; conditional compilation not evaluated
WolfcamQL,12.7test49,Cvar_Get,r_ext_texture_env_add,engine/engines/_canonical/code/renderergl2/tr_init.c,1920,SOURCE_ONLY; conditional compilation not evaluated
WolfcamQL,12.7test49,Cvar_Get,r_ext_framebuffer_object,engine/engines/_canonical/code/renderergl2/tr_init.c,1922,SOURCE_ONLY; conditional compilation not evaluated
WolfcamQL,12.7test49,Cvar_Get,r_ext_texture_float,engine/engines/_canonical/code/renderergl2/tr_init.c,1923,SOURCE_ONLY; conditional compilation not evaluated
WolfcamQL,12.7test49,Cvar_Get,r_ext_framebuffer_multisample,engine/engines/_canonical/code/renderergl2/tr_init.c,1924,SOURCE_ONLY; conditional compilation not evaluated
WolfcamQL,12.7test49,Cvar_Get,r_arb_seamless_cube_map,engine/engines/_canonical/code/renderergl2/tr_init.c,1925,SOURCE_ONLY; conditional compilation not evaluated
WolfcamQL,12.7test49,Cvar_Get,r_arb_vertex_array_object,engine/engines/_canonical/code/renderergl2/tr_init.c,1926,SOURCE_ONLY; conditional compilation not evaluated
WolfcamQL,12.7test49,Cvar_Get,r_ext_direct_state_access,engine/engines/_canonical/code/renderergl2/tr_init.c,1927,SOURCE_ONLY; conditional compilation not evaluated
WolfcamQL,12.7test49,Cvar_Get,r_ext_texture_filter_anisotropic,engine/engines/_canonical/code/renderergl2/tr_init.c,1929,SOURCE_ONLY; conditional compilation not evaluated
WolfcamQL,12.7test49,Cvar_Get,r_ext_max_anisotropy,engine/engines/_canonical/code/renderergl2/tr_init.c,1931,SOURCE_ONLY; conditional compilation not evaluated
WolfcamQL,12.7test49,Cvar_Get,r_picmip,engine/engines/_canonical/code/renderergl2/tr_init.c,1933,SOURCE_ONLY; conditional compilation not evaluated
WolfcamQL,12.7test49,Cvar_Get,r_ignoreShaderNoMipMaps,engine/engines/_canonical/code/renderergl2/tr_init.c,1934,SOURCE_ONLY; conditional compilation not evaluated
WolfcamQL,12.7test49,Cvar_Get,r_ignoreShaderNoPicMip,engine/engines/_canonical/code/renderergl2/tr_init.c,1935,SOURCE_ONLY; conditional compilation not evaluated
WolfcamQL,12.7test49,Cvar_Get,r_roundImagesDown,engine/engines/_canonical/code/renderergl2/tr_init.c,1936,SOURCE_ONLY; conditional compilation not evaluated
WolfcamQL,12.7test49,Cvar_Get,r_colorMipLevels,engine/engines/_canonical/code/renderergl2/tr_init.c,1937,SOURCE_ONLY; conditional compilation not evaluated
WolfcamQL,12.7test49,Cvar_Get,r_detailtextures,engine/engines/_canonical/code/renderergl2/tr_init.c,1939,SOURCE_ONLY; conditional compilation not evaluated
WolfcamQL,12.7test49,Cvar_Get,r_texturebits,engine/engines/_canonical/code/renderergl2/tr_init.c,1940,SOURCE_ONLY; conditional compilation not evaluated
WolfcamQL,12.7test49,Cvar_Get,r_colorbits,engine/engines/_canonical/code/renderergl2/tr_init.c,1941,SOURCE_ONLY; conditional compilation not evaluated
WolfcamQL,12.7test49,Cvar_Get,r_stencilbits,engine/engines/_canonical/code/renderergl2/tr_init.c,1942,SOURCE_ONLY; conditional compilation not evaluated
WolfcamQL,12.7test49,Cvar_Get,r_depthbits,engine/engines/_canonical/code/renderergl2/tr_init.c,1943,SOURCE_ONLY; conditional compilation not evaluated
WolfcamQL,12.7test49,Cvar_Get,r_ext_multisample,engine/engines/_canonical/code/renderergl2/tr_init.c,1944,SOURCE_ONLY; conditional compilation not evaluated
WolfcamQL,12.7test49,Cvar_Get,r_overBrightBits,engine/engines/_canonical/code/renderergl2/tr_init.c,1946,SOURCE_ONLY; conditional compilation not evaluated
WolfcamQL,12.7test49,Cvar_Get,r_overBrightBitsValue,engine/engines/_canonical/code/renderergl2/tr_init.c,1947,SOURCE_ONLY; conditional compilation not evaluated
WolfcamQL,12.7test49,Cvar_Get,r_ignorehwgamma,engine/engines/_canonical/code/renderergl2/tr_init.c,1948,SOURCE_ONLY; conditional compilation not evaluated
WolfcamQL,12.7test49,Cvar_Get,r_mode,engine/engines/_canonical/code/renderergl2/tr_init.c,1949,SOURCE_ONLY; conditional compilation not evaluated
WolfcamQL,12.7test49,Cvar_Get,r_fullscreen,engine/engines/_canonical/code/renderergl2/tr_init.c,1950,SOURCE_ONLY; conditional compilation not evaluated
WolfcamQL,12.7test49,Cvar_Get,r_noborder,engine/engines/_canonical/code/renderergl2/tr_init.c,1951,SOURCE_ONLY; conditional compilation not evaluated
WolfcamQL,12.7test49,Cvar_Get,r_customwidth,engine/engines/_canonical/code/renderergl2/tr_init.c,1952,SOURCE_ONLY; conditional compilation not evaluated
WolfcamQL,12.7test49,Cvar_Get,r_customheight,engine/engines/_canonical/code/renderergl2/tr_init.c,1953,SOURCE_ONLY; conditional compilation not evaluated
WolfcamQL,12.7test49,Cvar_Get,r_customPixelAspect,engine/engines/_canonical/code/renderergl2/tr_init.c,1954,SOURCE_ONLY; conditional compilation not evaluated
WolfcamQL,12.7test49,Cvar_Get,r_simpleMipMaps,engine/engines/_canonical/code/renderergl2/tr_init.c,1955,SOURCE_ONLY; conditional compilation not evaluated
WolfcamQL,12.7test49,Cvar_Get,r_vertexLight,engine/engines/_canonical/code/renderergl2/tr_init.c,1956,SOURCE_ONLY; conditional compilation not evaluated
WolfcamQL,12.7test49,Cvar_Get,r_uifullscreen,engine/engines/_canonical/code/renderergl2/tr_init.c,1957,SOURCE_ONLY; conditional compilation not evaluated
WolfcamQL,12.7test49,Cvar_Get,r_subdivisions,engine/engines/_canonical/code/renderergl2/tr_init.c,1958,SOURCE_ONLY; conditional compilation not evaluated
WolfcamQL,12.7test49,Cvar_Get,r_stereoEnabled,engine/engines/_canonical/code/renderergl2/tr_init.c,1959,SOURCE_ONLY; conditional compilation not evaluated
WolfcamQL,12.7test49,Cvar_Get,r_greyscale,engine/engines/_canonical/code/renderergl2/tr_init.c,1960,SOURCE_ONLY; conditional compilation not evaluated
WolfcamQL,12.7test49,Cvar_Get,r_greyscaleValue,engine/engines/_canonical/code/renderergl2/tr_init.c,1961,SOURCE_ONLY; conditional compilation not evaluated
WolfcamQL,12.7test49,Cvar_Get,r_mapGreyScale,engine/engines/_canonical/code/renderergl2/tr_init.c,1963,SOURCE_ONLY; conditional compilation not evaluated
WolfcamQL,12.7test49,Cvar_Get,r_picmipGreyScale,engine/engines/_canonical/code/renderergl2/tr_init.c,1964,SOURCE_ONLY; conditional compilation not evaluated
WolfcamQL,12.7test49,Cvar_Get,r_picmipGreyScaleValue,engine/engines/_canonical/code/renderergl2/tr_init.c,1965,SOURCE_ONLY; conditional compilation not evaluated
WolfcamQL,12.7test49,Cvar_Get,r_externalGLSL,engine/engines/_canonical/code/renderergl2/tr_init.c,1966,SOURCE_ONLY; conditional compilation not evaluated
WolfcamQL,12.7test49,Cvar_Get,r_hdr,engine/engines/_canonical/code/renderergl2/tr_init.c,1968,SOURCE_ONLY; conditional compilation not evaluated
WolfcamQL,12.7test49,Cvar_Get,r_floatLightmap,engine/engines/_canonical/code/renderergl2/tr_init.c,1969,SOURCE_ONLY; conditional compilation not evaluated
WolfcamQL,12.7test49,Cvar_Get,r_postProcess,engine/engines/_canonical/code/renderergl2/tr_init.c,1970,SOURCE_ONLY; conditional compilation not evaluated
WolfcamQL,12.7test49,Cvar_Get,r_toneMap,engine/engines/_canonical/code/renderergl2/tr_init.c,1972,SOURCE_ONLY; conditional compilation not evaluated
WolfcamQL,12.7test49,Cvar_Get,r_forceToneMap,engine/engines/_canonical/code/renderergl2/tr_init.c,1973,SOURCE_ONLY; conditional compilation not evaluated
WolfcamQL,12.7test49,Cvar_Get,r_forceToneMapMin,engine/engines/_canonical/code/renderergl2/tr_init.c,1974,SOURCE_ONLY; conditional compilation not evaluated
WolfcamQL,12.7test49,Cvar_Get,r_forceToneMapAvg,engine/engines/_canonical/code/renderergl2/tr_init.c,1975,SOURCE_ONLY; conditional compilation not evaluated
WolfcamQL,12.7test49,Cvar_Get,r_forceToneMapMax,engine/engines/_canonical/code/renderergl2/tr_init.c,1976,SOURCE_ONLY; conditional compilation not evaluated
WolfcamQL,12.7test49,Cvar_Get,r_autoExposure,engine/engines/_canonical/code/renderergl2/tr_init.c,1978,SOURCE_ONLY; conditional compilation not evaluated
WolfcamQL,12.7test49,Cvar_Get,r_forceAutoExposure,engine/engines/_canonical/code/renderergl2/tr_init.c,1979,SOURCE_ONLY; conditional compilation not evaluated
WolfcamQL,12.7test49,Cvar_Get,r_forceAutoExposureMin,engine/engines/_canonical/code/renderergl2/tr_init.c,1980,SOURCE_ONLY; conditional compilation not evaluated
WolfcamQL,12.7test49,Cvar_Get,r_forceAutoExposureMax,engine/engines/_canonical/code/renderergl2/tr_init.c,1981,SOURCE_ONLY; conditional compilation not evaluated
WolfcamQL,12.7test49,Cvar_Get,r_cameraExposure,engine/engines/_canonical/code/renderergl2/tr_init.c,1983,SOURCE_ONLY; conditional compilation not evaluated
WolfcamQL,12.7test49,Cvar_Get,r_depthPrepass,engine/engines/_canonical/code/renderergl2/tr_init.c,1985,SOURCE_ONLY; conditional compilation not evaluated
WolfcamQL,12.7test49,Cvar_Get,r_ssao,engine/engines/_canonical/code/renderergl2/tr_init.c,1986,SOURCE_ONLY; conditional compilation not evaluated
WolfcamQL,12.7test49,Cvar_Get,r_normalMapping,engine/engines/_canonical/code/renderergl2/tr_init.c,1988,SOURCE_ONLY; conditional compilation not evaluated
WolfcamQL,12.7test49,Cvar_Get,r_specularMapping,engine/engines/_canonical/code/renderergl2/tr_init.c,1989,SOURCE_ONLY; conditional compilation not evaluated
WolfcamQL,12.7test49,Cvar_Get,r_deluxeMapping,engine/engines/_canonical/code/renderergl2/tr_init.c,1990,SOURCE_ONLY; conditional compilation not evaluated
WolfcamQL,12.7test49,Cvar_Get,r_parallaxMapping,engine/engines/_canonical/code/renderergl2/tr_init.c,1991,SOURCE_ONLY; conditional compilation not evaluated
WolfcamQL,12.7test49,Cvar_Get,r_parallaxMapOffset,engine/engines/_canonical/code/renderergl2/tr_init.c,1992,SOURCE_ONLY; conditional compilation not evaluated
WolfcamQL,12.7test49,Cvar_Get,r_parallaxMapShadows,engine/engines/_canonical/code/renderergl2/tr_init.c,1993,SOURCE_ONLY; conditional compilation not evaluated
WolfcamQL,12.7test49,Cvar_Get,r_cubeMapping,engine/engines/_canonical/code/renderergl2/tr_init.c,1994,SOURCE_ONLY; conditional compilation not evaluated
WolfcamQL,12.7test49,Cvar_Get,r_cubemapSize,engine/engines/_canonical/code/renderergl2/tr_init.c,1995,SOURCE_ONLY; conditional compilation not evaluated
WolfcamQL,12.7test49,Cvar_Get,r_deluxeSpecular,engine/engines/_canonical/code/renderergl2/tr_init.c,1996,SOURCE_ONLY; conditional compilation not evaluated
WolfcamQL,12.7test49,Cvar_Get,r_pbr,engine/engines/_canonical/code/renderergl2/tr_init.c,1997,SOURCE_ONLY; conditional compilation not evaluated
WolfcamQL,12.7test49,Cvar_Get,r_baseNormalX,engine/engines/_canonical/code/renderergl2/tr_init.c,1998,SOURCE_ONLY; conditional compilation not evaluated
WolfcamQL,12.7test49,Cvar_Get,r_baseNormalY,engine/engines/_canonical/code/renderergl2/tr_init.c,1999,SOURCE_ONLY; conditional compilation not evaluated
WolfcamQL,12.7test49,Cvar_Get,r_baseParallax,engine/engines/_canonical/code/renderergl2/tr_init.c,2000,SOURCE_ONLY; conditional compilation not evaluated
WolfcamQL,12.7test49,Cvar_Get,r_baseSpecular,engine/engines/_canonical/code/renderergl2/tr_init.c,2001,SOURCE_ONLY; conditional compilation not evaluated
WolfcamQL,12.7test49,Cvar_Get,r_baseGloss,engine/engines/_canonical/code/renderergl2/tr_init.c,2002,SOURCE_ONLY; conditional compilation not evaluated
WolfcamQL,12.7test49,Cvar_Get,r_glossType,engine/engines/_canonical/code/renderergl2/tr_init.c,2003,SOURCE_ONLY; conditional compilation not evaluated
WolfcamQL,12.7test49,Cvar_Get,r_dlightMode,engine/engines/_canonical/code/renderergl2/tr_init.c,2004,SOURCE_ONLY; conditional compilation not evaluated
WolfcamQL,12.7test49,Cvar_Get,r_pshadowDist,engine/engines/_canonical/code/renderergl2/tr_init.c,2005,SOURCE_ONLY; conditional compilation not evaluated
WolfcamQL,12.7test49,Cvar_Get,r_mergeLightmaps,engine/engines/_canonical/code/renderergl2/tr_init.c,2006,SOURCE_ONLY; conditional compilation not evaluated
WolfcamQL,12.7test49,Cvar_Get,r_imageUpsample,engine/engines/_canonical/code/renderergl2/tr_init.c,2007,SOURCE_ONLY; conditional compilation not evaluated
WolfcamQL,12.7test49,Cvar_Get,r_imageUpsampleMaxSize,engine/engines/_canonical/code/renderergl2/tr_init.c,2008,SOURCE_ONLY; conditional compilation not evaluated
WolfcamQL,12.7test49,Cvar_Get,r_imageUpsampleType,engine/engines/_canonical/code/renderergl2/tr_init.c,2009,SOURCE_ONLY; conditional compilation not evaluated
WolfcamQL,12.7test49,Cvar_Get,r_genNormalMaps,engine/engines/_canonical/code/renderergl2/tr_init.c,2010,SOURCE_ONLY; conditional compilation not evaluated
WolfcamQL,12.7test49,Cvar_Get,r_forceSun,engine/engines/_canonical/code/renderergl2/tr_init.c,2012,SOURCE_ONLY; conditional compilation not evaluated
WolfcamQL,12.7test49,Cvar_Get,r_forceSunLightScale,engine/engines/_canonical/code/renderergl2/tr_init.c,2013,SOURCE_ONLY; conditional compilation not evaluated
WolfcamQL,12.7test49,Cvar_Get,r_forceSunAmbientScale,engine/engines/_canonical/code/renderergl2/tr_init.c,2014,SOURCE_ONLY; conditional compilation not evaluated
WolfcamQL,12.7test49,Cvar_Get,r_drawSunRays,engine/engines/_canonical/code/renderergl2/tr_init.c,2015,SOURCE_ONLY; conditional compilation not evaluated
WolfcamQL,12.7test49,Cvar_Get,r_sunlightMode,engine/engines/_canonical/code/renderergl2/tr_init.c,2016,SOURCE_ONLY; conditional compilation not evaluated
WolfcamQL,12.7test49,Cvar_Get,r_sunShadows,engine/engines/_canonical/code/renderergl2/tr_init.c,2018,SOURCE_ONLY; conditional compilation not evaluated
WolfcamQL,12.7test49,Cvar_Get,r_shadowFilter,engine/engines/_canonical/code/renderergl2/tr_init.c,2019,SOURCE_ONLY; conditional compilation not evaluated
WolfcamQL,12.7test49,Cvar_Get,r_shadowBlur,engine/engines/_canonical/code/renderergl2/tr_init.c,2020,SOURCE_ONLY; conditional compilation not evaluated
WolfcamQL,12.7test49,Cvar_Get,r_shadowMapSize,engine/engines/_canonical/code/renderergl2/tr_init.c,2021,SOURCE_ONLY; conditional compilation not evaluated
WolfcamQL,12.7test49,Cvar_Get,r_shadowCascadeZNear,engine/engines/_canonical/code/renderergl2/tr_init.c,2022,SOURCE_ONLY; conditional compilation not evaluated
WolfcamQL,12.7test49,Cvar_Get,r_shadowCascadeZFar,engine/engines/_canonical/code/renderergl2/tr_init.c,2023,SOURCE_ONLY; conditional compilation not evaluated
WolfcamQL,12.7test49,Cvar_Get,r_shadowCascadeZBias,engine/engines/_canonical/code/renderergl2/tr_init.c,2024,SOURCE_ONLY; conditional compilation not evaluated
WolfcamQL,12.7test49,Cvar_Get,r_ignoreDstAlpha,engine/engines/_canonical/code/renderergl2/tr_init.c,2025,SOURCE_ONLY; conditional compilation not evaluated
WolfcamQL,12.7test49,Cvar_Get,r_portalBobbing,engine/engines/_canonical/code/renderergl2/tr_init.c,2027,SOURCE_ONLY; conditional compilation not evaluated
WolfcamQL,12.7test49,Cvar_Get,r_useFbo,engine/engines/_canonical/code/renderergl2/tr_init.c,2028,SOURCE_ONLY; conditional compilation not evaluated
WolfcamQL,12.7test49,Cvar_Get,r_displayRefresh,engine/engines/_canonical/code/renderergl2/tr_init.c,2033,SOURCE_ONLY; conditional compilation not evaluated
WolfcamQL,12.7test49,Cvar_Get,r_fullbright,engine/engines/_canonical/code/renderergl2/tr_init.c,2035,SOURCE_ONLY; conditional compilation not evaluated
WolfcamQL,12.7test49,Cvar_Get,r_mapOverBrightBits,engine/engines/_canonical/code/renderergl2/tr_init.c,2036,SOURCE_ONLY; conditional compilation not evaluated
WolfcamQL,12.7test49,Cvar_Get,r_mapOverBrightBitsValue,engine/engines/_canonical/code/renderergl2/tr_init.c,2037,SOURCE_ONLY; conditional compilation not evaluated
WolfcamQL,12.7test49,Cvar_Get,r_mapOverBrightBitsCap,engine/engines/_canonical/code/renderergl2/tr_init.c,2038,SOURCE_ONLY; conditional compilation not evaluated
WolfcamQL,12.7test49,Cvar_Get,r_intensity,engine/engines/_canonical/code/renderergl2/tr_init.c,2039,SOURCE_ONLY; conditional compilation not evaluated
WolfcamQL,12.7test49,Cvar_Get,r_singleShader,engine/engines/_canonical/code/renderergl2/tr_init.c,2040,SOURCE_ONLY; conditional compilation not evaluated
WolfcamQL,12.7test49,Cvar_Get,r_singleShaderName,engine/engines/_canonical/code/renderergl2/tr_init.c,2041,SOURCE_ONLY; conditional compilation not evaluated
WolfcamQL,12.7test49,Cvar_Get,r_lodCurveError,engine/engines/_canonical/code/renderergl2/tr_init.c,2046,SOURCE_ONLY; conditional compilation not evaluated
WolfcamQL,12.7test49,Cvar_Get,r_lodbias,engine/engines/_canonical/code/renderergl2/tr_init.c,2047,SOURCE_ONLY; conditional compilation not evaluated
WolfcamQL,12.7test49,Cvar_Get,r_flares,engine/engines/_canonical/code/renderergl2/tr_init.c,2048,SOURCE_ONLY; conditional compilation not evaluated
WolfcamQL,12.7test49,Cvar_Get,r_znear,engine/engines/_canonical/code/renderergl2/tr_init.c,2049,SOURCE_ONLY; conditional compilation not evaluated
WolfcamQL,12.7test49,Cvar_Get,r_zproj,engine/engines/_canonical/code/renderergl2/tr_init.c,2051,SOURCE_ONLY; conditional compilation not evaluated
WolfcamQL,12.7test49,Cvar_Get,r_stereoSeparation,engine/engines/_canonical/code/renderergl2/tr_init.c,2052,SOURCE_ONLY; conditional compilation not evaluated
WolfcamQL,12.7test49,Cvar_Get,r_ignoreGLErrors,engine/engines/_canonical/code/renderergl2/tr_init.c,2053,SOURCE_ONLY; conditional compilation not evaluated
WolfcamQL,12.7test49,Cvar_Get,r_fastsky,engine/engines/_canonical/code/renderergl2/tr_init.c,2054,SOURCE_ONLY; conditional compilation not evaluated
WolfcamQL,12.7test49,Cvar_Get,r_fastSkyColor,engine/engines/_canonical/code/renderergl2/tr_init.c,2055,SOURCE_ONLY; conditional compilation not evaluated
WolfcamQL,12.7test49,Cvar_Get,r_drawSkyFloor,engine/engines/_canonical/code/renderergl2/tr_init.c,2056,SOURCE_ONLY; conditional compilation not evaluated
WolfcamQL,12.7test49,Cvar_Get,r_cloudHeight,engine/engines/_canonical/code/renderergl2/tr_init.c,2057,SOURCE_ONLY; conditional compilation not evaluated
WolfcamQL,12.7test49,Cvar_Get,r_forceSky,engine/engines/_canonical/code/renderergl2/tr_init.c,2058,SOURCE_ONLY; conditional compilation not evaluated
WolfcamQL,12.7test49,Cvar_Get,r_inGameVideo,engine/engines/_canonical/code/renderergl2/tr_init.c,2059,SOURCE_ONLY; conditional compilation not evaluated
WolfcamQL,12.7test49,Cvar_Get,r_drawSun,engine/engines/_canonical/code/renderergl2/tr_init.c,2060,SOURCE_ONLY; conditional compilation not evaluated
WolfcamQL,12.7test49,Cvar_Get,r_dynamiclight,engine/engines/_canonical/code/renderergl2/tr_init.c,2061,SOURCE_ONLY; conditional compilation not evaluated
WolfcamQL,12.7test49,Cvar_Get,r_dlightBacks,engine/engines/_canonical/code/renderergl2/tr_init.c,2062,SOURCE_ONLY; conditional compilation not evaluated
WolfcamQL,12.7test49,Cvar_Get,r_finish,engine/engines/_canonical/code/renderergl2/tr_init.c,2063,SOURCE_ONLY; conditional compilation not evaluated
WolfcamQL,12.7test49,Cvar_Get,r_textureMode,engine/engines/_canonical/code/renderergl2/tr_init.c,2064,SOURCE_ONLY; conditional compilation not evaluated
WolfcamQL,12.7test49,Cvar_Get,r_swapInterval,engine/engines/_canonical/code/renderergl2/tr_init.c,2068,SOURCE_ONLY; conditional compilation not evaluated
WolfcamQL,12.7test49,Cvar_Get,r_swapInterval,engine/engines/_canonical/code/renderergl2/tr_init.c,2071,SOURCE_ONLY; conditional compilation not evaluated
WolfcamQL,12.7test49,Cvar_Get,r_gamma,engine/engines/_canonical/code/renderergl2/tr_init.c,2074,SOURCE_ONLY; conditional compilation not evaluated
WolfcamQL,12.7test49,Cvar_Get,r_facePlaneCull,engine/engines/_canonical/code/renderergl2/tr_init.c,2075,SOURCE_ONLY; conditional compilation not evaluated
WolfcamQL,12.7test49,Cvar_Get,r_railWidth,engine/engines/_canonical/code/renderergl2/tr_init.c,2077,SOURCE_ONLY; conditional compilation not evaluated
WolfcamQL,12.7test49,Cvar_Get,r_railCoreWidth,engine/engines/_canonical/code/renderergl2/tr_init.c,2078,SOURCE_ONLY; conditional compilation not evaluated
WolfcamQL,12.7test49,Cvar_Get,r_railSegmentLength,engine/engines/_canonical/code/renderergl2/tr_init.c,2079,SOURCE_ONLY; conditional compilation not evaluated
WolfcamQL,12.7test49,Cvar_Get,r_ambientScale,engine/engines/_canonical/code/renderergl2/tr_init.c,2081,SOURCE_ONLY; conditional compilation not evaluated
WolfcamQL,12.7test49,Cvar_Get,r_directedScale,engine/engines/_canonical/code/renderergl2/tr_init.c,2082,SOURCE_ONLY; conditional compilation not evaluated
WolfcamQL,12.7test49,Cvar_Get,r_anaglyphMode,engine/engines/_canonical/code/renderergl2/tr_init.c,2084,SOURCE_ONLY; conditional compilation not evaluated
WolfcamQL,12.7test49,Cvar_Get,r_anaglyph2d,engine/engines/_canonical/code/renderergl2/tr_init.c,2085,SOURCE_ONLY; conditional compilation not evaluated
WolfcamQL,12.7test49,Cvar_Get,r_showImages,engine/engines/_canonical/code/renderergl2/tr_init.c,2090,SOURCE_ONLY; conditional compilation not evaluated
WolfcamQL,12.7test49,Cvar_Get,r_debuglight,engine/engines/_canonical/code/renderergl2/tr_init.c,2092,SOURCE_ONLY; conditional compilation not evaluated
WolfcamQL,12.7test49,Cvar_Get,r_debugSort,engine/engines/_canonical/code/renderergl2/tr_init.c,2093,SOURCE_ONLY; conditional compilation not evaluated
WolfcamQL,12.7test49,Cvar_Get,r_printShaders,engine/engines/_canonical/code/renderergl2/tr_init.c,2094,SOURCE_ONLY; conditional compilation not evaluated
WolfcamQL,12.7test49,Cvar_Get,r_saveFontData,engine/engines/_canonical/code/renderergl2/tr_init.c,2095,SOURCE_ONLY; conditional compilation not evaluated
WolfcamQL,12.7test49,Cvar_Get,r_debugFonts,engine/engines/_canonical/code/renderergl2/tr_init.c,2096,SOURCE_ONLY; conditional compilation not evaluated
WolfcamQL,12.7test49,Cvar_Get,r_defaultQlFontFallbacks,engine/engines/_canonical/code/renderergl2/tr_init.c,2097,SOURCE_ONLY; conditional compilation not evaluated
WolfcamQL,12.7test49,Cvar_Get,r_defaultMSFontFallbacks,engine/engines/_canonical/code/renderergl2/tr_init.c,2098,SOURCE_ONLY; conditional compilation not evaluated
WolfcamQL,12.7test49,Cvar_Get,r_defaultSystemFontFallbacks,engine/engines/_canonical/code/renderergl2/tr_init.c,2099,SOURCE_ONLY; conditional compilation not evaluated
WolfcamQL,12.7test49,Cvar_Get,r_defaultUnifontFallbacks,engine/engines/_canonical/code/renderergl2/tr_init.c,2100,SOURCE_ONLY; conditional compilation not evaluated
WolfcamQL,12.7test49,Cvar_Get,r_nocurves,engine/engines/_canonical/code/renderergl2/tr_init.c,2102,SOURCE_ONLY; conditional compilation not evaluated
WolfcamQL,12.7test49,Cvar_Get,r_drawworld,engine/engines/_canonical/code/renderergl2/tr_init.c,2103,SOURCE_ONLY; conditional compilation not evaluated
WolfcamQL,12.7test49,Cvar_Get,r_lightmap,engine/engines/_canonical/code/renderergl2/tr_init.c,2104,SOURCE_ONLY; conditional compilation not evaluated
WolfcamQL,12.7test49,Cvar_Get,r_lightmapColor,engine/engines/_canonical/code/renderergl2/tr_init.c,2105,SOURCE_ONLY; conditional compilation not evaluated
WolfcamQL,12.7test49,Cvar_Get,r_darknessThreshold,engine/engines/_canonical/code/renderergl2/tr_init.c,2106,SOURCE_ONLY; conditional compilation not evaluated
WolfcamQL,12.7test49,Cvar_Get,r_portalOnly,engine/engines/_canonical/code/renderergl2/tr_init.c,2107,SOURCE_ONLY; conditional compilation not evaluated
WolfcamQL,12.7test49,Cvar_Get,r_flareSize,engine/engines/_canonical/code/renderergl2/tr_init.c,2109,SOURCE_ONLY; conditional compilation not evaluated
WolfcamQL,12.7test49,Cvar_Get,r_flareFade,engine/engines/_canonical/code/renderergl2/tr_init.c,2110,SOURCE_ONLY; conditional compilation not evaluated
WolfcamQL,12.7test49,Cvar_Get,r_flareCoeff,engine/engines/_canonical/code/renderergl2/tr_init.c,2111,SOURCE_ONLY; conditional compilation not evaluated
WolfcamQL,12.7test49,Cvar_Get,r_skipBackEnd,engine/engines/_canonical/code/renderergl2/tr_init.c,2113,SOURCE_ONLY; conditional compilation not evaluated
WolfcamQL,12.7test49,Cvar_Get,r_measureOverdraw,engine/engines/_canonical/code/renderergl2/tr_init.c,2115,SOURCE_ONLY; conditional compilation not evaluated
WolfcamQL,12.7test49,Cvar_Get,r_lodscale,engine/engines/_canonical/code/renderergl2/tr_init.c,2116,SOURCE_ONLY; conditional compilation not evaluated
WolfcamQL,12.7test49,Cvar_Get,r_norefresh,engine/engines/_canonical/code/renderergl2/tr_init.c,2117,SOURCE_ONLY; conditional compilation not evaluated
WolfcamQL,12.7test49,Cvar_Get,r_drawentities,engine/engines/_canonical/code/renderergl2/tr_init.c,2118,SOURCE_ONLY; conditional compilation not evaluated
WolfcamQL,12.7test49,Cvar_Get,r_ignore,engine/engines/_canonical/code/renderergl2/tr_init.c,2119,SOURCE_ONLY; conditional compilation not evaluated
WolfcamQL,12.7test49,Cvar_Get,r_nocull,engine/engines/_canonical/code/renderergl2/tr_init.c,2120,SOURCE_ONLY; conditional compilation not evaluated
WolfcamQL,12.7test49,Cvar_Get,r_novis,engine/engines/_canonical/code/renderergl2/tr_init.c,2121,SOURCE_ONLY; conditional compilation not evaluated
WolfcamQL,12.7test49,Cvar_Get,r_showcluster,engine/engines/_canonical/code/renderergl2/tr_init.c,2122,SOURCE_ONLY; conditional compilation not evaluated
WolfcamQL,12.7test49,Cvar_Get,r_speeds,engine/engines/_canonical/code/renderergl2/tr_init.c,2123,SOURCE_ONLY; conditional compilation not evaluated
WolfcamQL,12.7test49,Cvar_Get,r_verbose,engine/engines/_canonical/code/renderergl2/tr_init.c,2124,SOURCE_ONLY; conditional compilation not evaluated
WolfcamQL,12.7test49,Cvar_Get,r_logFile,engine/engines/_canonical/code/renderergl2/tr_init.c,2125,SOURCE_ONLY; conditional compilation not evaluated
WolfcamQL,12.7test49,Cvar_Get,r_debugSurface,engine/engines/_canonical/code/renderergl2/tr_init.c,2126,SOURCE_ONLY; conditional compilation not evaluated
WolfcamQL,12.7test49,Cvar_Get,r_nobind,engine/engines/_canonical/code/renderergl2/tr_init.c,2127,SOURCE_ONLY; conditional compilation not evaluated
WolfcamQL,12.7test49,Cvar_Get,r_showtris,engine/engines/_canonical/code/renderergl2/tr_init.c,2128,SOURCE_ONLY; conditional compilation not evaluated
WolfcamQL,12.7test49,Cvar_Get,r_showsky,engine/engines/_canonical/code/renderergl2/tr_init.c,2129,SOURCE_ONLY; conditional compilation not evaluated
WolfcamQL,12.7test49,Cvar_Get,r_shownormals,engine/engines/_canonical/code/renderergl2/tr_init.c,2130,SOURCE_ONLY; conditional compilation not evaluated
WolfcamQL,12.7test49,Cvar_Get,r_clear,engine/engines/_canonical/code/renderergl2/tr_init.c,2131,SOURCE_ONLY; conditional compilation not evaluated
WolfcamQL,12.7test49,Cvar_Get,r_clearColor,engine/engines/_canonical/code/renderergl2/tr_init.c,2132,SOURCE_ONLY; conditional compilation not evaluated
WolfcamQL,12.7test49,Cvar_Get,r_offsetfactor,engine/engines/_canonical/code/renderergl2/tr_init.c,2133,SOURCE_ONLY; conditional compilation not evaluated
WolfcamQL,12.7test49,Cvar_Get,r_offsetunits,engine/engines/_canonical/code/renderergl2/tr_init.c,2134,SOURCE_ONLY; conditional compilation not evaluated
WolfcamQL,12.7test49,Cvar_Get,r_drawBuffer,engine/engines/_canonical/code/renderergl2/tr_init.c,2135,SOURCE_ONLY; conditional compilation not evaluated
WolfcamQL,12.7test49,Cvar_Get,r_lockpvs,engine/engines/_canonical/code/renderergl2/tr_init.c,2136,SOURCE_ONLY; conditional compilation not evaluated
WolfcamQL,12.7test49,Cvar_Get,r_noportals,engine/engines/_canonical/code/renderergl2/tr_init.c,2137,SOURCE_ONLY; conditional compilation not evaluated
WolfcamQL,12.7test49,Cvar_Get,cg_shadows,engine/engines/_canonical/code/renderergl2/tr_init.c,2138,SOURCE_ONLY; conditional compilation not evaluated
WolfcamQL,12.7test49,Cvar_Get,r_marksOnTriangleMeshes,engine/engines/_canonical/code/renderergl2/tr_init.c,2140,SOURCE_ONLY; conditional compilation not evaluated
WolfcamQL,12.7test49,Cvar_Get,r_vaoCache,engine/engines/_canonical/code/renderergl2/tr_init.c,2142,SOURCE_ONLY; conditional compilation not evaluated
WolfcamQL,12.7test49,Cvar_Get,r_maxpolys,engine/engines/_canonical/code/renderergl2/tr_init.c,2144,SOURCE_ONLY; conditional compilation not evaluated
WolfcamQL,12.7test49,Cvar_Get,r_maxpolyverts,engine/engines/_canonical/code/renderergl2/tr_init.c,2145,SOURCE_ONLY; conditional compilation not evaluated
WolfcamQL,12.7test49,Cvar_Get,r_jpegCompressionQuality,engine/engines/_canonical/code/renderergl2/tr_init.c,2146,SOURCE_ONLY; conditional compilation not evaluated
WolfcamQL,12.7test49,Cvar_Get,r_pngZlibCompression,engine/engines/_canonical/code/renderergl2/tr_init.c,2147,SOURCE_ONLY; conditional compilation not evaluated
WolfcamQL,12.7test49,Cvar_Get,r_forceMap,engine/engines/_canonical/code/renderergl2/tr_init.c,2148,SOURCE_ONLY; conditional compilation not evaluated
WolfcamQL,12.7test49,Cvar_Get,r_enablePostProcess,engine/engines/_canonical/code/renderergl2/tr_init.c,2149,SOURCE_ONLY; conditional compilation not evaluated
WolfcamQL,12.7test49,Cvar_Get,r_enableColorCorrect,engine/engines/_canonical/code/renderergl2/tr_init.c,2150,SOURCE_ONLY; conditional compilation not evaluated
WolfcamQL,12.7test49,Cvar_Get,r_contrast,engine/engines/_canonical/code/renderergl2/tr_init.c,2152,SOURCE_ONLY; conditional compilation not evaluated
WolfcamQL,12.7test49,Cvar_Get,r_enableBloom,engine/engines/_canonical/code/renderergl2/tr_init.c,2154,SOURCE_ONLY; conditional compilation not evaluated
WolfcamQL,12.7test49,Cvar_Get,r_BloomBlurScale,engine/engines/_canonical/code/renderergl2/tr_init.c,2155,SOURCE_ONLY; conditional compilation not evaluated
WolfcamQL,12.7test49,Cvar_Get,r_BloomBlurFalloff,engine/engines/_canonical/code/renderergl2/tr_init.c,2156,SOURCE_ONLY; conditional compilation not evaluated
WolfcamQL,12.7test49,Cvar_Get,r_BloomBlurRadius,engine/engines/_canonical/code/renderergl2/tr_init.c,2157,SOURCE_ONLY; conditional compilation not evaluated
WolfcamQL,12.7test49,Cvar_Get,r_BloomPasses,engine/engines/_canonical/code/renderergl2/tr_init.c,2158,SOURCE_ONLY; conditional compilation not evaluated
WolfcamQL,12.7test49,Cvar_Get,r_BloomSceneIntensity,engine/engines/_canonical/code/renderergl2/tr_init.c,2159,SOURCE_ONLY; conditional compilation not evaluated
WolfcamQL,12.7test49,Cvar_Get,r_BloomSceneSaturation,engine/engines/_canonical/code/renderergl2/tr_init.c,2160,SOURCE_ONLY; conditional compilation not evaluated
WolfcamQL,12.7test49,Cvar_Get,r_BloomIntensity,engine/engines/_canonical/code/renderergl2/tr_init.c,2161,SOURCE_ONLY; conditional compilation not evaluated
WolfcamQL,12.7test49,Cvar_Get,r_BloomSaturation,engine/engines/_canonical/code/renderergl2/tr_init.c,2162,SOURCE_ONLY; conditional compilation not evaluated
WolfcamQL,12.7test49,Cvar_Get,r_BloomBrightThreshold,engine/engines/_canonical/code/renderergl2/tr_init.c,2163,SOURCE_ONLY; conditional compilation not evaluated
WolfcamQL,12.7test49,Cvar_Get,r_BloomTextureScale,engine/engines/_canonical/code/renderergl2/tr_init.c,2164,SOURCE_ONLY; conditional compilation not evaluated
WolfcamQL,12.7test49,Cvar_Get,r_BloomDebug,engine/engines/_canonical/code/renderergl2/tr_init.c,2165,SOURCE_ONLY; conditional compilation not evaluated
WolfcamQL,12.7test49,Cvar_Get,r_opengl2_overbright,engine/engines/_canonical/code/renderergl2/tr_init.c,2167,SOURCE_ONLY; conditional compilation not evaluated
WolfcamQL,12.7test49,Cvar_Get,r_teleporterFlash,engine/engines/_canonical/code/renderergl2/tr_init.c,2169,SOURCE_ONLY; conditional compilation not evaluated
WolfcamQL,12.7test49,Cvar_Get,r_debugMarkSurface,engine/engines/_canonical/code/renderergl2/tr_init.c,2170,SOURCE_ONLY; conditional compilation not evaluated
WolfcamQL,12.7test49,Cvar_Get,r_ignoreNoMarks,engine/engines/_canonical/code/renderergl2/tr_init.c,2171,SOURCE_ONLY; conditional compilation not evaluated
WolfcamQL,12.7test49,Cvar_Get,r_fog,engine/engines/_canonical/code/renderergl2/tr_init.c,2172,SOURCE_ONLY; conditional compilation not evaluated
WolfcamQL,12.7test49,Cvar_Get,r_ignoreEntityMergable,engine/engines/_canonical/code/renderergl2/tr_init.c,2173,SOURCE_ONLY; conditional compilation not evaluated
WolfcamQL,12.7test49,Cvar_Get,r_debugScaledImages,engine/engines/_canonical/code/renderergl2/tr_init.c,2174,SOURCE_ONLY; conditional compilation not evaluated
WolfcamQL,12.7test49,Cvar_Get,r_scaleImagesPowerOfTwo,engine/engines/_canonical/code/renderergl2/tr_init.c,2175,SOURCE_ONLY; conditional compilation not evaluated
WolfcamQL,12.7test49,Cvar_Get,r_screenMapTextureSize,engine/engines/_canonical/code/renderergl2/tr_init.c,2176,SOURCE_ONLY; conditional compilation not evaluated
WolfcamQL,12.7test49,Cvar_Get,r_weather,engine/engines/_canonical/code/renderergl2/tr_init.c,2177,SOURCE_ONLY; conditional compilation not evaluated
WolfcamQL,12.7test49,Cmd_AddCommand,imagelist,engine/engines/_canonical/code/renderergl2/tr_init.c,2181,SOURCE_ONLY; conditional compilation not evaluated
WolfcamQL,12.7test49,Cmd_AddCommand,shaderlist,engine/engines/_canonical/code/renderergl2/tr_init.c,2182,SOURCE_ONLY; conditional compilation not evaluated
WolfcamQL,12.7test49,Cmd_AddCommand,skinlist,engine/engines/_canonical/code/renderergl2/tr_init.c,2183,SOURCE_ONLY; conditional compilation not evaluated
WolfcamQL,12.7test49,Cmd_AddCommand,modellist,engine/engines/_canonical/code/renderergl2/tr_init.c,2184,SOURCE_ONLY; conditional compilation not evaluated
WolfcamQL,12.7test49,Cmd_AddCommand,modelist,engine/engines/_canonical/code/renderergl2/tr_init.c,2185,SOURCE_ONLY; conditional compilation not evaluated
WolfcamQL,12.7test49,Cmd_AddCommand,fontlist,engine/engines/_canonical/code/renderergl2/tr_init.c,2186,SOURCE_ONLY; conditional compilation not evaluated
WolfcamQL,12.7test49,Cmd_AddCommand,screenshot,engine/engines/_canonical/code/renderergl2/tr_init.c,2187,SOURCE_ONLY; conditional compilation not evaluated
WolfcamQL,12.7test49,Cmd_AddCommand,screenshotJPEG,engine/engines/_canonical/code/renderergl2/tr_init.c,2188,SOURCE_ONLY; conditional compilation not evaluated
WolfcamQL,12.7test49,Cmd_AddCommand,screenshotPNG,engine/engines/_canonical/code/renderergl2/tr_init.c,2189,SOURCE_ONLY; conditional compilation not evaluated
WolfcamQL,12.7test49,Cmd_AddCommand,gfxinfo,engine/engines/_canonical/code/renderergl2/tr_init.c,2190,SOURCE_ONLY; conditional compilation not evaluated
WolfcamQL,12.7test49,Cmd_AddCommand,minimize,engine/engines/_canonical/code/renderergl2/tr_init.c,2191,SOURCE_ONLY; conditional compilation not evaluated
WolfcamQL,12.7test49,Cmd_AddCommand,gfxmeminfo,engine/engines/_canonical/code/renderergl2/tr_init.c,2192,SOURCE_ONLY; conditional compilation not evaluated
WolfcamQL,12.7test49,Cmd_AddCommand,exportCubemaps,engine/engines/_canonical/code/renderergl2/tr_init.c,2193,SOURCE_ONLY; conditional compilation not evaluated
WolfcamQL,12.7test49,Cmd_AddCommand,createcolorskins,engine/engines/_canonical/code/renderergl2/tr_init.c,2194,SOURCE_ONLY; conditional compilation not evaluated
WolfcamQL,12.7test49,Cmd_AddCommand,printviewparms,engine/engines/_canonical/code/renderergl2/tr_init.c,2195,SOURCE_ONLY; conditional compilation not evaluated
WolfcamQL,12.7test49,Cmd_AddCommand,remaplasttwoshaders,engine/engines/_canonical/code/renderergl2/tr_init.c,2196,SOURCE_ONLY; conditional compilation not evaluated
WolfcamQL,12.7test49,Cmd_AddCommand,listremappedshaders,engine/engines/_canonical/code/renderergl2/tr_init.c,2197,SOURCE_ONLY; conditional compilation not evaluated
WolfcamQL,12.7test49,Cmd_AddCommand,clearallremappedshaders,engine/engines/_canonical/code/renderergl2/tr_init.c,2198,SOURCE_ONLY; conditional compilation not evaluated
q3mme,1.9 source macro,console_command_table,testgun,engine/engines/_forks/q3mme/trunk/code/cgame/cg_consolecmds.c,223,SOURCE_ONLY; conditional compilation not evaluated
q3mme,1.9 source macro,console_command_table,testmodel,engine/engines/_forks/q3mme/trunk/code/cgame/cg_consolecmds.c,224,SOURCE_ONLY; conditional compilation not evaluated
q3mme,1.9 source macro,console_command_table,nextframe,engine/engines/_forks/q3mme/trunk/code/cgame/cg_consolecmds.c,225,SOURCE_ONLY; conditional compilation not evaluated
q3mme,1.9 source macro,console_command_table,prevframe,engine/engines/_forks/q3mme/trunk/code/cgame/cg_consolecmds.c,226,SOURCE_ONLY; conditional compilation not evaluated
q3mme,1.9 source macro,console_command_table,nextskin,engine/engines/_forks/q3mme/trunk/code/cgame/cg_consolecmds.c,227,SOURCE_ONLY; conditional compilation not evaluated
q3mme,1.9 source macro,console_command_table,prevskin,engine/engines/_forks/q3mme/trunk/code/cgame/cg_consolecmds.c,228,SOURCE_ONLY; conditional compilation not evaluated
q3mme,1.9 source macro,console_command_table,viewpos,engine/engines/_forks/q3mme/trunk/code/cgame/cg_consolecmds.c,229,SOURCE_ONLY; conditional compilation not evaluated
q3mme,1.9 source macro,console_command_table,+scores,engine/engines/_forks/q3mme/trunk/code/cgame/cg_consolecmds.c,230,SOURCE_ONLY; conditional compilation not evaluated
q3mme,1.9 source macro,console_command_table,-scores,engine/engines/_forks/q3mme/trunk/code/cgame/cg_consolecmds.c,231,SOURCE_ONLY; conditional compilation not evaluated
q3mme,1.9 source macro,console_command_table,+zoom,engine/engines/_forks/q3mme/trunk/code/cgame/cg_consolecmds.c,232,SOURCE_ONLY; conditional compilation not evaluated
q3mme,1.9 source macro,console_command_table,-zoom,engine/engines/_forks/q3mme/trunk/code/cgame/cg_consolecmds.c,233,SOURCE_ONLY; conditional compilation not evaluated
q3mme,1.9 source macro,console_command_table,sizeup,engine/engines/_forks/q3mme/trunk/code/cgame/cg_consolecmds.c,234,SOURCE_ONLY; conditional compilation not evaluated
q3mme,1.9 source macro,console_command_table,sizedown,engine/engines/_forks/q3mme/trunk/code/cgame/cg_consolecmds.c,235,SOURCE_ONLY; conditional compilation not evaluated
q3mme,1.9 source macro,console_command_table,weapnext,engine/engines/_forks/q3mme/trunk/code/cgame/cg_consolecmds.c,236,SOURCE_ONLY; conditional compilation not evaluated
q3mme,1.9 source macro,console_command_table,weapprev,engine/engines/_forks/q3mme/trunk/code/cgame/cg_consolecmds.c,237,SOURCE_ONLY; conditional compilation not evaluated
q3mme,1.9 source macro,console_command_table,weapon,engine/engines/_forks/q3mme/trunk/code/cgame/cg_consolecmds.c,238,SOURCE_ONLY; conditional compilation not evaluated
q3mme,1.9 source macro,console_command_table,tell_target,engine/engines/_forks/q3mme/trunk/code/cgame/cg_consolecmds.c,239,SOURCE_ONLY; conditional compilation not evaluated
q3mme,1.9 source macro,console_command_table,tell_attacker,engine/engines/_forks/q3mme/trunk/code/cgame/cg_consolecmds.c,240,SOURCE_ONLY; conditional compilation not evaluated
q3mme,1.9 source macro,console_command_table,vtell_target,engine/engines/_forks/q3mme/trunk/code/cgame/cg_consolecmds.c,241,SOURCE_ONLY; conditional compilation not evaluated
q3mme,1.9 source macro,console_command_table,vtell_attacker,engine/engines/_forks/q3mme/trunk/code/cgame/cg_consolecmds.c,242,SOURCE_ONLY; conditional compilation not evaluated
q3mme,1.9 source macro,console_command_table,tcmd,engine/engines/_forks/q3mme/trunk/code/cgame/cg_consolecmds.c,243,SOURCE_ONLY; conditional compilation not evaluated
q3mme,1.9 source macro,console_command_table,startOrbit,engine/engines/_forks/q3mme/trunk/code/cgame/cg_consolecmds.c,244,SOURCE_ONLY; conditional compilation not evaluated
q3mme,1.9 source macro,console_command_table,loaddeferred,engine/engines/_forks/q3mme/trunk/code/cgame/cg_consolecmds.c,245,SOURCE_ONLY; conditional compilation not evaluated
q3mme,1.9 source macro,console_command_table,clientOverride,engine/engines/_forks/q3mme/trunk/code/cgame/cg_consolecmds.c,246,SOURCE_ONLY; conditional compilation not evaluated
q3mme,1.9 source macro,console_command_table,multispec,engine/engines/_forks/q3mme/trunk/code/cgame/cg_consolecmds.c,247,SOURCE_ONLY; conditional compilation not evaluated
q3mme,1.9 source macro,trap_AddCommand,kill,engine/engines/_forks/q3mme/trunk/code/cgame/cg_consolecmds.c,295,SOURCE_ONLY; conditional compilation not evaluated
q3mme,1.9 source macro,trap_AddCommand,say,engine/engines/_forks/q3mme/trunk/code/cgame/cg_consolecmds.c,296,SOURCE_ONLY; conditional compilation not evaluated
q3mme,1.9 source macro,trap_AddCommand,say_team,engine/engines/_forks/q3mme/trunk/code/cgame/cg_consolecmds.c,297,SOURCE_ONLY; conditional compilation not evaluated
q3mme,1.9 source macro,trap_AddCommand,tell,engine/engines/_forks/q3mme/trunk/code/cgame/cg_consolecmds.c,298,SOURCE_ONLY; conditional compilation not evaluated
q3mme,1.9 source macro,trap_AddCommand,vsay,engine/engines/_forks/q3mme/trunk/code/cgame/cg_consolecmds.c,299,SOURCE_ONLY; conditional compilation not evaluated
q3mme,1.9 source macro,trap_AddCommand,vsay_team,engine/engines/_forks/q3mme/trunk/code/cgame/cg_consolecmds.c,300,SOURCE_ONLY; conditional compilation not evaluated
q3mme,1.9 source macro,trap_AddCommand,vtell,engine/engines/_forks/q3mme/trunk/code/cgame/cg_consolecmds.c,301,SOURCE_ONLY; conditional compilation not evaluated
q3mme,1.9 source macro,trap_AddCommand,vtaunt,engine/engines/_forks/q3mme/trunk/code/cgame/cg_consolecmds.c,302,SOURCE_ONLY; conditional compilation not evaluated
q3mme,1.9 source macro,trap_AddCommand,vosay,engine/engines/_forks/q3mme/trunk/code/cgame/cg_consolecmds.c,303,SOURCE_ONLY; conditional compilation not evaluated
q3mme,1.9 source macro,trap_AddCommand,vosay_team,engine/engines/_forks/q3mme/trunk/code/cgame/cg_consolecmds.c,304,SOURCE_ONLY; conditional compilation not evaluated
q3mme,1.9 source macro,trap_AddCommand,votell,engine/engines/_forks/q3mme/trunk/code/cgame/cg_consolecmds.c,305,SOURCE_ONLY; conditional compilation not evaluated
q3mme,1.9 source macro,trap_AddCommand,give,engine/engines/_forks/q3mme/trunk/code/cgame/cg_consolecmds.c,306,SOURCE_ONLY; conditional compilation not evaluated
q3mme,1.9 source macro,trap_AddCommand,god,engine/engines/_forks/q3mme/trunk/code/cgame/cg_consolecmds.c,307,SOURCE_ONLY; conditional compilation not evaluated
q3mme,1.9 source macro,trap_AddCommand,notarget,engine/engines/_forks/q3mme/trunk/code/cgame/cg_consolecmds.c,308,SOURCE_ONLY; conditional compilation not evaluated
q3mme,1.9 source macro,trap_AddCommand,noclip,engine/engines/_forks/q3mme/trunk/code/cgame/cg_consolecmds.c,309,SOURCE_ONLY; conditional compilation not evaluated
q3mme,1.9 source macro,trap_AddCommand,team,engine/engines/_forks/q3mme/trunk/code/cgame/cg_consolecmds.c,310,SOURCE_ONLY; conditional compilation not evaluated
q3mme,1.9 source macro,trap_AddCommand,follow,engine/engines/_forks/q3mme/trunk/code/cgame/cg_consolecmds.c,311,SOURCE_ONLY; conditional compilation not evaluated
q3mme,1.9 source macro,trap_AddCommand,levelshot,engine/engines/_forks/q3mme/trunk/code/cgame/cg_consolecmds.c,312,SOURCE_ONLY; conditional compilation not evaluated
q3mme,1.9 source macro,trap_AddCommand,addbot,engine/engines/_forks/q3mme/trunk/code/cgame/cg_consolecmds.c,313,SOURCE_ONLY; conditional compilation not evaluated
q3mme,1.9 source macro,trap_AddCommand,setviewpos,engine/engines/_forks/q3mme/trunk/code/cgame/cg_consolecmds.c,314,SOURCE_ONLY; conditional compilation not evaluated
q3mme,1.9 source macro,trap_AddCommand,callvote,engine/engines/_forks/q3mme/trunk/code/cgame/cg_consolecmds.c,315,SOURCE_ONLY; conditional compilation not evaluated
q3mme,1.9 source macro,trap_AddCommand,vote,engine/engines/_forks/q3mme/trunk/code/cgame/cg_consolecmds.c,316,SOURCE_ONLY; conditional compilation not evaluated
q3mme,1.9 source macro,trap_AddCommand,callteamvote,engine/engines/_forks/q3mme/trunk/code/cgame/cg_consolecmds.c,317,SOURCE_ONLY; conditional compilation not evaluated
q3mme,1.9 source macro,trap_AddCommand,teamvote,engine/engines/_forks/q3mme/trunk/code/cgame/cg_consolecmds.c,318,SOURCE_ONLY; conditional compilation not evaluated
q3mme,1.9 source macro,trap_AddCommand,stats,engine/engines/_forks/q3mme/trunk/code/cgame/cg_consolecmds.c,319,SOURCE_ONLY; conditional compilation not evaluated
q3mme,1.9 source macro,trap_AddCommand,teamtask,engine/engines/_forks/q3mme/trunk/code/cgame/cg_consolecmds.c,320,SOURCE_ONLY; conditional compilation not evaluated
q3mme,1.9 source macro,trap_AddCommand,loaddefered,engine/engines/_forks/q3mme/trunk/code/cgame/cg_consolecmds.c,321,SOURCE_ONLY; conditional compilation not evaluated
q3mme,1.9 source macro,cvar_table,cg_ignore,engine/engines/_forks/q3mme/trunk/code/cgame/cg_main.c,308,SOURCE_ONLY; conditional compilation not evaluated
q3mme,1.9 source macro,cvar_table,cg_autoswitch,engine/engines/_forks/q3mme/trunk/code/cgame/cg_main.c,309,SOURCE_ONLY; conditional compilation not evaluated
q3mme,1.9 source macro,cvar_table,cg_drawGun,engine/engines/_forks/q3mme/trunk/code/cgame/cg_main.c,310,SOURCE_ONLY; conditional compilation not evaluated
q3mme,1.9 source macro,cvar_table,cg_zoomfov,engine/engines/_forks/q3mme/trunk/code/cgame/cg_main.c,311,SOURCE_ONLY; conditional compilation not evaluated
q3mme,1.9 source macro,cvar_table,cg_fov,engine/engines/_forks/q3mme/trunk/code/cgame/cg_main.c,312,SOURCE_ONLY; conditional compilation not evaluated
q3mme,1.9 source macro,cvar_table,cg_viewsize,engine/engines/_forks/q3mme/trunk/code/cgame/cg_main.c,313,SOURCE_ONLY; conditional compilation not evaluated
q3mme,1.9 source macro,cvar_table,cg_stereoSeparation,engine/engines/_forks/q3mme/trunk/code/cgame/cg_main.c,314,SOURCE_ONLY; conditional compilation not evaluated
q3mme,1.9 source macro,cvar_table,cg_shadows,engine/engines/_forks/q3mme/trunk/code/cgame/cg_main.c,315,SOURCE_ONLY; conditional compilation not evaluated
q3mme,1.9 source macro,cvar_table,cg_gibs,engine/engines/_forks/q3mme/trunk/code/cgame/cg_main.c,316,SOURCE_ONLY; conditional compilation not evaluated
q3mme,1.9 source macro,cvar_table,cg_draw2D,engine/engines/_forks/q3mme/trunk/code/cgame/cg_main.c,317,SOURCE_ONLY; conditional compilation not evaluated
q3mme,1.9 source macro,cvar_table,cg_drawStatus,engine/engines/_forks/q3mme/trunk/code/cgame/cg_main.c,318,SOURCE_ONLY; conditional compilation not evaluated
q3mme,1.9 source macro,cvar_table,cg_drawTimer,engine/engines/_forks/q3mme/trunk/code/cgame/cg_main.c,319,SOURCE_ONLY; conditional compilation not evaluated
q3mme,1.9 source macro,cvar_table,cg_drawFPS,engine/engines/_forks/q3mme/trunk/code/cgame/cg_main.c,320,SOURCE_ONLY; conditional compilation not evaluated
q3mme,1.9 source macro,cvar_table,cg_drawSnapshot,engine/engines/_forks/q3mme/trunk/code/cgame/cg_main.c,321,SOURCE_ONLY; conditional compilation not evaluated
q3mme,1.9 source macro,cvar_table,cg_draw3dIcons,engine/engines/_forks/q3mme/trunk/code/cgame/cg_main.c,322,SOURCE_ONLY; conditional compilation not evaluated
q3mme,1.9 source macro,cvar_table,cg_drawIcons,engine/engines/_forks/q3mme/trunk/code/cgame/cg_main.c,323,SOURCE_ONLY; conditional compilation not evaluated
q3mme,1.9 source macro,cvar_table,cg_drawAmmoWarning,engine/engines/_forks/q3mme/trunk/code/cgame/cg_main.c,324,SOURCE_ONLY; conditional compilation not evaluated
q3mme,1.9 source macro,cvar_table,cg_drawAttacker,engine/engines/_forks/q3mme/trunk/code/cgame/cg_main.c,325,SOURCE_ONLY; conditional compilation not evaluated
q3mme,1.9 source macro,cvar_table,cg_drawCrosshair,engine/engines/_forks/q3mme/trunk/code/cgame/cg_main.c,326,SOURCE_ONLY; conditional compilation not evaluated
q3mme,1.9 source macro,cvar_table,cg_drawCrosshairNames,engine/engines/_forks/q3mme/trunk/code/cgame/cg_main.c,327,SOURCE_ONLY; conditional compilation not evaluated
q3mme,1.9 source macro,cvar_table,cg_drawRewards,engine/engines/_forks/q3mme/trunk/code/cgame/cg_main.c,328,SOURCE_ONLY; conditional compilation not evaluated
q3mme,1.9 source macro,cvar_table,cg_crosshairSize,engine/engines/_forks/q3mme/trunk/code/cgame/cg_main.c,329,SOURCE_ONLY; conditional compilation not evaluated
q3mme,1.9 source macro,cvar_table,cg_crosshairHealth,engine/engines/_forks/q3mme/trunk/code/cgame/cg_main.c,330,SOURCE_ONLY; conditional compilation not evaluated
q3mme,1.9 source macro,cvar_table,cg_crosshairX,engine/engines/_forks/q3mme/trunk/code/cgame/cg_main.c,331,SOURCE_ONLY; conditional compilation not evaluated
q3mme,1.9 source macro,cvar_table,cg_crosshairY,engine/engines/_forks/q3mme/trunk/code/cgame/cg_main.c,332,SOURCE_ONLY; conditional compilation not evaluated
q3mme,1.9 source macro,cvar_table,cg_brassTime,engine/engines/_forks/q3mme/trunk/code/cgame/cg_main.c,333,SOURCE_ONLY; conditional compilation not evaluated
q3mme,1.9 source macro,cvar_table,cg_simpleItems,engine/engines/_forks/q3mme/trunk/code/cgame/cg_main.c,334,SOURCE_ONLY; conditional compilation not evaluated
q3mme,1.9 source macro,cvar_table,cg_marks,engine/engines/_forks/q3mme/trunk/code/cgame/cg_main.c,335,SOURCE_ONLY; conditional compilation not evaluated
q3mme,1.9 source macro,cvar_table,cg_lagometer,engine/engines/_forks/q3mme/trunk/code/cgame/cg_main.c,336,SOURCE_ONLY; conditional compilation not evaluated
q3mme,1.9 source macro,cvar_table,cg_railTrailTime,engine/engines/_forks/q3mme/trunk/code/cgame/cg_main.c,337,SOURCE_ONLY; conditional compilation not evaluated
q3mme,1.9 source macro,cvar_table,cg_gunX,engine/engines/_forks/q3mme/trunk/code/cgame/cg_main.c,338,SOURCE_ONLY; conditional compilation not evaluated
q3mme,1.9 source macro,cvar_table,cg_gunY,engine/engines/_forks/q3mme/trunk/code/cgame/cg_main.c,339,SOURCE_ONLY; conditional compilation not evaluated
q3mme,1.9 source macro,cvar_table,cg_gunZ,engine/engines/_forks/q3mme/trunk/code/cgame/cg_main.c,340,SOURCE_ONLY; conditional compilation not evaluated
q3mme,1.9 source macro,cvar_table,cg_centertime,engine/engines/_forks/q3mme/trunk/code/cgame/cg_main.c,341,SOURCE_ONLY; conditional compilation not evaluated
q3mme,1.9 source macro,cvar_table,cg_runpitch,engine/engines/_forks/q3mme/trunk/code/cgame/cg_main.c,342,SOURCE_ONLY; conditional compilation not evaluated
q3mme,1.9 source macro,cvar_table,cg_runroll,engine/engines/_forks/q3mme/trunk/code/cgame/cg_main.c,343,SOURCE_ONLY; conditional compilation not evaluated
q3mme,1.9 source macro,cvar_table,cg_damageKick,engine/engines/_forks/q3mme/trunk/code/cgame/cg_main.c,344,SOURCE_ONLY; conditional compilation not evaluated
q3mme,1.9 source macro,cvar_table,cg_bobup,engine/engines/_forks/q3mme/trunk/code/cgame/cg_main.c,345,SOURCE_ONLY; conditional compilation not evaluated
q3mme,1.9 source macro,cvar_table,cg_bobpitch,engine/engines/_forks/q3mme/trunk/code/cgame/cg_main.c,346,SOURCE_ONLY; conditional compilation not evaluated
q3mme,1.9 source macro,cvar_table,cg_bobroll,engine/engines/_forks/q3mme/trunk/code/cgame/cg_main.c,347,SOURCE_ONLY; conditional compilation not evaluated
q3mme,1.9 source macro,cvar_table,cg_swingSpeed,engine/engines/_forks/q3mme/trunk/code/cgame/cg_main.c,348,SOURCE_ONLY; conditional compilation not evaluated
q3mme,1.9 source macro,cvar_table,cg_animspeed,engine/engines/_forks/q3mme/trunk/code/cgame/cg_main.c,349,SOURCE_ONLY; conditional compilation not evaluated
q3mme,1.9 source macro,cvar_table,cg_debuganim,engine/engines/_forks/q3mme/trunk/code/cgame/cg_main.c,350,SOURCE_ONLY; conditional compilation not evaluated
q3mme,1.9 source macro,cvar_table,cg_debugposition,engine/engines/_forks/q3mme/trunk/code/cgame/cg_main.c,351,SOURCE_ONLY; conditional compilation not evaluated
q3mme,1.9 source macro,cvar_table,cg_debugevents,engine/engines/_forks/q3mme/trunk/code/cgame/cg_main.c,352,SOURCE_ONLY; conditional compilation not evaluated
q3mme,1.9 source macro,cvar_table,cg_errordecay,engine/engines/_forks/q3mme/trunk/code/cgame/cg_main.c,353,SOURCE_ONLY; conditional compilation not evaluated
q3mme,1.9 source macro,cvar_table,cg_nopredict,engine/engines/_forks/q3mme/trunk/code/cgame/cg_main.c,354,SOURCE_ONLY; conditional compilation not evaluated
q3mme,1.9 source macro,cvar_table,cg_noplayeranims,engine/engines/_forks/q3mme/trunk/code/cgame/cg_main.c,355,SOURCE_ONLY; conditional compilation not evaluated
q3mme,1.9 source macro,cvar_table,cg_showmiss,engine/engines/_forks/q3mme/trunk/code/cgame/cg_main.c,356,SOURCE_ONLY; conditional compilation not evaluated
q3mme,1.9 source macro,cvar_table,cg_footsteps,engine/engines/_forks/q3mme/trunk/code/cgame/cg_main.c,357,SOURCE_ONLY; conditional compilation not evaluated
q3mme,1.9 source macro,cvar_table,cg_tracerchance,engine/engines/_forks/q3mme/trunk/code/cgame/cg_main.c,358,SOURCE_ONLY; conditional compilation not evaluated
q3mme,1.9 source macro,cvar_table,cg_thirdPersonRange,engine/engines/_forks/q3mme/trunk/code/cgame/cg_main.c,359,SOURCE_ONLY; conditional compilation not evaluated
q3mme,1.9 source macro,cvar_table,cg_thirdPersonAngle,engine/engines/_forks/q3mme/trunk/code/cgame/cg_main.c,360,SOURCE_ONLY; conditional compilation not evaluated
q3mme,1.9 source macro,cvar_table,cg_thirdPersonHorzOffset,engine/engines/_forks/q3mme/trunk/code/cgame/cg_main.c,361,SOURCE_ONLY; conditional compilation not evaluated
q3mme,1.9 source macro,cvar_table,cg_thirdPersonVertOffset,engine/engines/_forks/q3mme/trunk/code/cgame/cg_main.c,362,SOURCE_ONLY; conditional compilation not evaluated
q3mme,1.9 source macro,cvar_table,cg_thirdPerson,engine/engines/_forks/q3mme/trunk/code/cgame/cg_main.c,363,SOURCE_ONLY; conditional compilation not evaluated
q3mme,1.9 source macro,cvar_table,cg_teamChatTime,engine/engines/_forks/q3mme/trunk/code/cgame/cg_main.c,364,SOURCE_ONLY; conditional compilation not evaluated
q3mme,1.9 source macro,cvar_table,cg_teamChatHeight,engine/engines/_forks/q3mme/trunk/code/cgame/cg_main.c,365,SOURCE_ONLY; conditional compilation not evaluated
q3mme,1.9 source macro,cvar_table,cg_predictItems,engine/engines/_forks/q3mme/trunk/code/cgame/cg_main.c,366,SOURCE_ONLY; conditional compilation not evaluated
q3mme,1.9 source macro,cvar_table,cg_drawFriend,engine/engines/_forks/q3mme/trunk/code/cgame/cg_main.c,367,SOURCE_ONLY; conditional compilation not evaluated
q3mme,1.9 source macro,cvar_table,cg_teamChatsOnly,engine/engines/_forks/q3mme/trunk/code/cgame/cg_main.c,368,SOURCE_ONLY; conditional compilation not evaluated
q3mme,1.9 source macro,cvar_table,cg_noVoiceChats,engine/engines/_forks/q3mme/trunk/code/cgame/cg_main.c,369,SOURCE_ONLY; conditional compilation not evaluated
q3mme,1.9 source macro,cvar_table,cg_noVoiceText,engine/engines/_forks/q3mme/trunk/code/cgame/cg_main.c,370,SOURCE_ONLY; conditional compilation not evaluated
q3mme,1.9 source macro,cvar_table,com_buildScript,engine/engines/_forks/q3mme/trunk/code/cgame/cg_main.c,373,SOURCE_ONLY; conditional compilation not evaluated
q3mme,1.9 source macro,cvar_table,cl_paused,engine/engines/_forks/q3mme/trunk/code/cgame/cg_main.c,374,SOURCE_ONLY; conditional compilation not evaluated
q3mme,1.9 source macro,cvar_table,com_blood,engine/engines/_forks/q3mme/trunk/code/cgame/cg_main.c,375,SOURCE_ONLY; conditional compilation not evaluated
q3mme,1.9 source macro,cvar_table,g_synchronousClients,engine/engines/_forks/q3mme/trunk/code/cgame/cg_main.c,376,SOURCE_ONLY; conditional compilation not evaluated
q3mme,1.9 source macro,cvar_table,cg_cameraOrbit,engine/engines/_forks/q3mme/trunk/code/cgame/cg_main.c,377,SOURCE_ONLY; conditional compilation not evaluated
q3mme,1.9 source macro,cvar_table,cg_cameraOrbitDelay,engine/engines/_forks/q3mme/trunk/code/cgame/cg_main.c,378,SOURCE_ONLY; conditional compilation not evaluated
q3mme,1.9 source macro,cvar_table,cg_timescaleFadeEnd,engine/engines/_forks/q3mme/trunk/code/cgame/cg_main.c,379,SOURCE_ONLY; conditional compilation not evaluated
q3mme,1.9 source macro,cvar_table,cg_timescaleFadeSpeed,engine/engines/_forks/q3mme/trunk/code/cgame/cg_main.c,380,SOURCE_ONLY; conditional compilation not evaluated
q3mme,1.9 source macro,cvar_table,timescale,engine/engines/_forks/q3mme/trunk/code/cgame/cg_main.c,381,SOURCE_ONLY; conditional compilation not evaluated
q3mme,1.9 source macro,cvar_table,cg_scorePlums,engine/engines/_forks/q3mme/trunk/code/cgame/cg_main.c,382,SOURCE_ONLY; conditional compilation not evaluated
q3mme,1.9 source macro,cvar_table,cg_smoothClients,engine/engines/_forks/q3mme/trunk/code/cgame/cg_main.c,383,SOURCE_ONLY; conditional compilation not evaluated
q3mme,1.9 source macro,cvar_table,com_cameraMode,engine/engines/_forks/q3mme/trunk/code/cgame/cg_main.c,384,SOURCE_ONLY; conditional compilation not evaluated
q3mme,1.9 source macro,cvar_table,pmove_fixed,engine/engines/_forks/q3mme/trunk/code/cgame/cg_main.c,386,SOURCE_ONLY; conditional compilation not evaluated
q3mme,1.9 source macro,cvar_table,pmove_msec,engine/engines/_forks/q3mme/trunk/code/cgame/cg_main.c,387,SOURCE_ONLY; conditional compilation not evaluated
q3mme,1.9 source macro,cvar_table,cg_noTaunt,engine/engines/_forks/q3mme/trunk/code/cgame/cg_main.c,388,SOURCE_ONLY; conditional compilation not evaluated
q3mme,1.9 source macro,cvar_table,cg_noProjectileTrail,engine/engines/_forks/q3mme/trunk/code/cgame/cg_main.c,389,SOURCE_ONLY; conditional compilation not evaluated
q3mme,1.9 source macro,cvar_table,cg_oldRail,engine/engines/_forks/q3mme/trunk/code/cgame/cg_main.c,390,SOURCE_ONLY; conditional compilation not evaluated
q3mme,1.9 source macro,cvar_table,cg_oldRocket,engine/engines/_forks/q3mme/trunk/code/cgame/cg_main.c,391,SOURCE_ONLY; conditional compilation not evaluated
q3mme,1.9 source macro,cvar_table,cg_oldPlasma,engine/engines/_forks/q3mme/trunk/code/cgame/cg_main.c,392,SOURCE_ONLY; conditional compilation not evaluated
q3mme,1.9 source macro,cvar_table,cg_trueLightning,engine/engines/_forks/q3mme/trunk/code/cgame/cg_main.c,393,SOURCE_ONLY; conditional compilation not evaluated
q3mme,1.9 source macro,cvar_table,cg_drawDamageBlob,engine/engines/_forks/q3mme/trunk/code/cgame/cg_main.c,395,SOURCE_ONLY; conditional compilation not evaluated
q3mme,1.9 source macro,cvar_table,cg_drawPowerups,engine/engines/_forks/q3mme/trunk/code/cgame/cg_main.c,396,SOURCE_ONLY; conditional compilation not evaluated
q3mme,1.9 source macro,cvar_table,cg_drawPickupItem,engine/engines/_forks/q3mme/trunk/code/cgame/cg_main.c,397,SOURCE_ONLY; conditional compilation not evaluated
q3mme,1.9 source macro,cvar_table,cg_drawVote,engine/engines/_forks/q3mme/trunk/code/cgame/cg_main.c,398,SOURCE_ONLY; conditional compilation not evaluated
q3mme,1.9 source macro,cvar_table,cg_drawFollow,engine/engines/_forks/q3mme/trunk/code/cgame/cg_main.c,399,SOURCE_ONLY; conditional compilation not evaluated
q3mme,1.9 source macro,cvar_table,cg_drawScores,engine/engines/_forks/q3mme/trunk/code/cgame/cg_main.c,400,SOURCE_ONLY; conditional compilation not evaluated
q3mme,1.9 source macro,cvar_table,cg_drawWeaponSelect,engine/engines/_forks/q3mme/trunk/code/cgame/cg_main.c,401,SOURCE_ONLY; conditional compilation not evaluated
q3mme,1.9 source macro,cvar_table,cg_centerScale,engine/engines/_forks/q3mme/trunk/code/cgame/cg_main.c,402,SOURCE_ONLY; conditional compilation not evaluated
q3mme,1.9 source macro,cvar_table,cg_centerPrint,engine/engines/_forks/q3mme/trunk/code/cgame/cg_main.c,403,SOURCE_ONLY; conditional compilation not evaluated
q3mme,1.9 source macro,cvar_table,cg_gibDirectional,engine/engines/_forks/q3mme/trunk/code/cgame/cg_main.c,404,SOURCE_ONLY; conditional compilation not evaluated
q3mme,1.9 source macro,cvar_table,cg_muzzleFlash,engine/engines/_forks/q3mme/trunk/code/cgame/cg_main.c,405,SOURCE_ONLY; conditional compilation not evaluated
q3mme,1.9 source macro,cvar_table,cg_commandSmooth,engine/engines/_forks/q3mme/trunk/code/cgame/cg_main.c,407,SOURCE_ONLY; conditional compilation not evaluated
q3mme,1.9 source macro,cvar_table,cg_drawSpeedometer,engine/engines/_forks/q3mme/trunk/code/cgame/cg_main.c,409,SOURCE_ONLY; conditional compilation not evaluated
q3mme,1.9 source macro,cvar_table,cg_drawSpeedometerScale,engine/engines/_forks/q3mme/trunk/code/cgame/cg_main.c,410,SOURCE_ONLY; conditional compilation not evaluated
q3mme,1.9 source macro,cvar_table,cg_drawSpeedometerPos,engine/engines/_forks/q3mme/trunk/code/cgame/cg_main.c,411,SOURCE_ONLY; conditional compilation not evaluated
q3mme,1.9 source macro,cvar_table,cg_drawSpeedometerFormat,engine/engines/_forks/q3mme/trunk/code/cgame/cg_main.c,412,SOURCE_ONLY; conditional compilation not evaluated
q3mme,1.9 source macro,cvar_table,cg_drawSpeedometerAlignment,engine/engines/_forks/q3mme/trunk/code/cgame/cg_main.c,413,SOURCE_ONLY; conditional compilation not evaluated
q3mme,1.9 source macro,cvar_table,cg_drawMovementKeys,engine/engines/_forks/q3mme/trunk/code/cgame/cg_main.c,415,SOURCE_ONLY; conditional compilation not evaluated
q3mme,1.9 source macro,cvar_table,cg_drawMovementKeysPos,engine/engines/_forks/q3mme/trunk/code/cgame/cg_main.c,416,SOURCE_ONLY; conditional compilation not evaluated
q3mme,1.9 source macro,cvar_table,cg_drawMovementKeysScale,engine/engines/_forks/q3mme/trunk/code/cgame/cg_main.c,417,SOURCE_ONLY; conditional compilation not evaluated
q3mme,1.9 source macro,cvar_table,mov_defragTimer,engine/engines/_forks/q3mme/trunk/code/cgame/cg_main.c,419,SOURCE_ONLY; conditional compilation not evaluated
q3mme,1.9 source macro,cvar_table,mov_defragTimerScale,engine/engines/_forks/q3mme/trunk/code/cgame/cg_main.c,420,SOURCE_ONLY; conditional compilation not evaluated
q3mme,1.9 source macro,cvar_table,mov_defragTimerPos,engine/engines/_forks/q3mme/trunk/code/cgame/cg_main.c,421,SOURCE_ONLY; conditional compilation not evaluated
q3mme,1.9 source macro,cvar_table,mov_defragTimerPrecision,engine/engines/_forks/q3mme/trunk/code/cgame/cg_main.c,422,SOURCE_ONLY; conditional compilation not evaluated
q3mme,1.9 source macro,cvar_table,mov_defragTimerAlignment,engine/engines/_forks/q3mme/trunk/code/cgame/cg_main.c,423,SOURCE_ONLY; conditional compilation not evaluated
q3mme,1.9 source macro,cvar_table,mov_defragTimerInterpolated,engine/engines/_forks/q3mme/trunk/code/cgame/cg_main.c,424,SOURCE_ONLY; conditional compilation not evaluated
q3mme,1.9 source macro,cvar_table,mov_defragTimerColor,engine/engines/_forks/q3mme/trunk/code/cgame/cg_main.c,425,SOURCE_ONLY; conditional compilation not evaluated
q3mme,1.9 source macro,cvar_table,mov_cpmaAutoMultiView,engine/engines/_forks/q3mme/trunk/code/cgame/cg_main.c,427,SOURCE_ONLY; conditional compilation not evaluated
q3mme,1.9 source macro,cvar_table,mov_Obituaries,engine/engines/_forks/q3mme/trunk/code/cgame/cg_main.c,429,SOURCE_ONLY; conditional compilation not evaluated
q3mme,1.9 source macro,cvar_table,mov_chatBeep,engine/engines/_forks/q3mme/trunk/code/cgame/cg_main.c,430,SOURCE_ONLY; conditional compilation not evaluated
q3mme,1.9 source macro,cvar_table,mov_fragFormat,engine/engines/_forks/q3mme/trunk/code/cgame/cg_main.c,431,SOURCE_ONLY; conditional compilation not evaluated
q3mme,1.9 source macro,cvar_table,mov_fragOnly,engine/engines/_forks/q3mme/trunk/code/cgame/cg_main.c,432,SOURCE_ONLY; conditional compilation not evaluated
q3mme,1.9 source macro,cvar_table,mov_gameType,engine/engines/_forks/q3mme/trunk/code/cgame/cg_main.c,433,SOURCE_ONLY; conditional compilation not evaluated
q3mme,1.9 source macro,cvar_table,mov_debug,engine/engines/_forks/q3mme/trunk/code/cgame/cg_main.c,434,SOURCE_ONLY; conditional compilation not evaluated
q3mme,1.9 source macro,cvar_table,mov_filterMask,engine/engines/_forks/q3mme/trunk/code/cgame/cg_main.c,435,SOURCE_ONLY; conditional compilation not evaluated
q3mme,1.9 source macro,cvar_table,mov_stencilMask,engine/engines/_forks/q3mme/trunk/code/cgame/cg_main.c,436,SOURCE_ONLY; conditional compilation not evaluated
q3mme,1.9 source macro,cvar_table,mov_seekInterval,engine/engines/_forks/q3mme/trunk/code/cgame/cg_main.c,437,SOURCE_ONLY; conditional compilation not evaluated
q3mme,1.9 source macro,cvar_table,mov_deltaYaw,engine/engines/_forks/q3mme/trunk/code/cgame/cg_main.c,438,SOURCE_ONLY; conditional compilation not evaluated
q3mme,1.9 source macro,cvar_table,mov_deltaPitch,engine/engines/_forks/q3mme/trunk/code/cgame/cg_main.c,439,SOURCE_ONLY; conditional compilation not evaluated
q3mme,1.9 source macro,cvar_table,mov_deltaRoll,engine/engines/_forks/q3mme/trunk/code/cgame/cg_main.c,440,SOURCE_ONLY; conditional compilation not evaluated
q3mme,1.9 source macro,cvar_table,mov_ratioFix,engine/engines/_forks/q3mme/trunk/code/cgame/cg_main.c,442,SOURCE_ONLY; conditional compilation not evaluated
q3mme,1.9 source macro,cvar_table,mov_rewardCount,engine/engines/_forks/q3mme/trunk/code/cgame/cg_main.c,443,SOURCE_ONLY; conditional compilation not evaluated
q3mme,1.9 source macro,cvar_table,mov_bobScale,engine/engines/_forks/q3mme/trunk/code/cgame/cg_main.c,444,SOURCE_ONLY; conditional compilation not evaluated
q3mme,1.9 source macro,cvar_table,mov_wallhack,engine/engines/_forks/q3mme/trunk/code/cgame/cg_main.c,445,SOURCE_ONLY; conditional compilation not evaluated
q3mme,1.9 source macro,cvar_table,mov_smoothCamPos,engine/engines/_forks/q3mme/trunk/code/cgame/cg_main.c,446,SOURCE_ONLY; conditional compilation not evaluated
q3mme,1.9 source macro,cvar_table,mov_hitSounds,engine/engines/_forks/q3mme/trunk/code/cgame/cg_main.c,448,SOURCE_ONLY; conditional compilation not evaluated
q3mme,1.9 source macro,cvar_table,mov_chatBox,engine/engines/_forks/q3mme/trunk/code/cgame/cg_main.c,449,SOURCE_ONLY; conditional compilation not evaluated
q3mme,1.9 source macro,cvar_table,mov_chatBoxHeight,engine/engines/_forks/q3mme/trunk/code/cgame/cg_main.c,450,SOURCE_ONLY; conditional compilation not evaluated
q3mme,1.9 source macro,cvar_table,mov_chatBoxScale,engine/engines/_forks/q3mme/trunk/code/cgame/cg_main.c,451,SOURCE_ONLY; conditional compilation not evaluated
q3mme,1.9 source macro,cvar_table,mme_demoFileName,engine/engines/_forks/q3mme/trunk/code/cgame/cg_main.c,456,SOURCE_ONLY; conditional compilation not evaluated
q3mme,1.9 source macro,cvar_table,mov_captureCamera,engine/engines/_forks/q3mme/trunk/code/cgame/cg_main.c,458,SOURCE_ONLY; conditional compilation not evaluated
q3mme,1.9 source macro,cvar_table,mov_captureName,engine/engines/_forks/q3mme/trunk/code/cgame/cg_main.c,459,SOURCE_ONLY; conditional compilation not evaluated
q3mme,1.9 source macro,cvar_table,mov_captureFPS,engine/engines/_forks/q3mme/trunk/code/cgame/cg_main.c,460,SOURCE_ONLY; conditional compilation not evaluated
q3mme,1.9 source macro,cvar_table,mov_musicFile,engine/engines/_forks/q3mme/trunk/code/cgame/cg_main.c,461,SOURCE_ONLY; conditional compilation not evaluated
q3mme,1.9 source macro,cvar_table,mov_musicStart,engine/engines/_forks/q3mme/trunk/code/cgame/cg_main.c,462,SOURCE_ONLY; conditional compilation not evaluated
q3mme,1.9 source macro,cvar_table,mov_chaseRange,engine/engines/_forks/q3mme/trunk/code/cgame/cg_main.c,463,SOURCE_ONLY; conditional compilation not evaluated
q3mme,1.9 source macro,cvar_table,mov_fontName,engine/engines/_forks/q3mme/trunk/code/cgame/cg_main.c,464,SOURCE_ONLY; conditional compilation not evaluated
q3mme,1.9 source macro,cvar_table,mov_fontSize,engine/engines/_forks/q3mme/trunk/code/cgame/cg_main.c,465,SOURCE_ONLY; conditional compilation not evaluated
q3mme,1.9 source macro,cvar_table,mov_teamSkins,engine/engines/_forks/q3mme/trunk/code/cgame/cg_main.c,466,SOURCE_ONLY; conditional compilation not evaluated
q3mme,1.9 source macro,cvar_table,mov_gridOffset,engine/engines/_forks/q3mme/trunk/code/cgame/cg_main.c,467,SOURCE_ONLY; conditional compilation not evaluated
q3mme,1.9 source macro,cvar_table,mov_gridWidth,engine/engines/_forks/q3mme/trunk/code/cgame/cg_main.c,468,SOURCE_ONLY; conditional compilation not evaluated
q3mme,1.9 source macro,cvar_table,mov_gridStep,engine/engines/_forks/q3mme/trunk/code/cgame/cg_main.c,469,SOURCE_ONLY; conditional compilation not evaluated
q3mme,1.9 source macro,cvar_table,mov_gridRange,engine/engines/_forks/q3mme/trunk/code/cgame/cg_main.c,470,SOURCE_ONLY; conditional compilation not evaluated
q3mme,1.9 source macro,cvar_table,mov_gridColor,engine/engines/_forks/q3mme/trunk/code/cgame/cg_main.c,471,SOURCE_ONLY; conditional compilation not evaluated
q3mme,1.9 source macro,cvar_table,mov_hudOverlay,engine/engines/_forks/q3mme/trunk/code/cgame/cg_main.c,472,SOURCE_ONLY; conditional compilation not evaluated
q3mme,1.9 source macro,cvar_table,mov_view6DoFRotation,engine/engines/_forks/q3mme/trunk/code/cgame/cg_main.c,473,SOURCE_ONLY; conditional compilation not evaluated
q3mme,1.9 source macro,Cvar_Get,cl_anonymous,engine/engines/_forks/q3mme/trunk/code/client/cl_main.c,982,SOURCE_ONLY; conditional compilation not evaluated
q3mme,1.9 source macro,Cvar_Get,cl_noprint,engine/engines/_forks/q3mme/trunk/code/client/cl_main.c,2434,SOURCE_ONLY; conditional compilation not evaluated
q3mme,1.9 source macro,Cvar_Get,cl_motd,engine/engines/_forks/q3mme/trunk/code/client/cl_main.c,2435,SOURCE_ONLY; conditional compilation not evaluated
q3mme,1.9 source macro,Cvar_Get,cl_timeout,engine/engines/_forks/q3mme/trunk/code/client/cl_main.c,2437,SOURCE_ONLY; conditional compilation not evaluated
q3mme,1.9 source macro,Cvar_Get,cl_timeNudge,engine/engines/_forks/q3mme/trunk/code/client/cl_main.c,2439,SOURCE_ONLY; conditional compilation not evaluated
q3mme,1.9 source macro,Cvar_Get,cl_shownet,engine/engines/_forks/q3mme/trunk/code/client/cl_main.c,2440,SOURCE_ONLY; conditional compilation not evaluated
q3mme,1.9 source macro,Cvar_Get,cl_showSend,engine/engines/_forks/q3mme/trunk/code/client/cl_main.c,2441,SOURCE_ONLY; conditional compilation not evaluated
q3mme,1.9 source macro,Cvar_Get,cl_showTimeDelta,engine/engines/_forks/q3mme/trunk/code/client/cl_main.c,2442,SOURCE_ONLY; conditional compilation not evaluated
q3mme,1.9 source macro,Cvar_Get,cl_freezeDemo,engine/engines/_forks/q3mme/trunk/code/client/cl_main.c,2443,SOURCE_ONLY; conditional compilation not evaluated
q3mme,1.9 source macro,Cvar_Get,rconPassword,engine/engines/_forks/q3mme/trunk/code/client/cl_main.c,2444,SOURCE_ONLY; conditional compilation not evaluated
q3mme,1.9 source macro,Cvar_Get,activeAction,engine/engines/_forks/q3mme/trunk/code/client/cl_main.c,2445,SOURCE_ONLY; conditional compilation not evaluated
q3mme,1.9 source macro,Cvar_Get,timedemo,engine/engines/_forks/q3mme/trunk/code/client/cl_main.c,2447,SOURCE_ONLY; conditional compilation not evaluated
q3mme,1.9 source macro,Cvar_Get,cl_avidemo,engine/engines/_forks/q3mme/trunk/code/client/cl_main.c,2448,SOURCE_ONLY; conditional compilation not evaluated
q3mme,1.9 source macro,Cvar_Get,cl_forceavidemo,engine/engines/_forks/q3mme/trunk/code/client/cl_main.c,2449,SOURCE_ONLY; conditional compilation not evaluated
q3mme,1.9 source macro,Cvar_Get,rconAddress,engine/engines/_forks/q3mme/trunk/code/client/cl_main.c,2451,SOURCE_ONLY; conditional compilation not evaluated
q3mme,1.9 source macro,Cvar_Get,cl_yawspeed,engine/engines/_forks/q3mme/trunk/code/client/cl_main.c,2453,SOURCE_ONLY; conditional compilation not evaluated
q3mme,1.9 source macro,Cvar_Get,cl_pitchspeed,engine/engines/_forks/q3mme/trunk/code/client/cl_main.c,2454,SOURCE_ONLY; conditional compilation not evaluated
q3mme,1.9 source macro,Cvar_Get,cl_anglespeedkey,engine/engines/_forks/q3mme/trunk/code/client/cl_main.c,2455,SOURCE_ONLY; conditional compilation not evaluated
q3mme,1.9 source macro,Cvar_Get,cl_maxpackets,engine/engines/_forks/q3mme/trunk/code/client/cl_main.c,2457,SOURCE_ONLY; conditional compilation not evaluated
q3mme,1.9 source macro,Cvar_Get,cl_packetdup,engine/engines/_forks/q3mme/trunk/code/client/cl_main.c,2458,SOURCE_ONLY; conditional compilation not evaluated
q3mme,1.9 source macro,Cvar_Get,cl_run,engine/engines/_forks/q3mme/trunk/code/client/cl_main.c,2460,SOURCE_ONLY; conditional compilation not evaluated
q3mme,1.9 source macro,Cvar_Get,sensitivity,engine/engines/_forks/q3mme/trunk/code/client/cl_main.c,2461,SOURCE_ONLY; conditional compilation not evaluated
q3mme,1.9 source macro,Cvar_Get,cl_mouseAccel,engine/engines/_forks/q3mme/trunk/code/client/cl_main.c,2462,SOURCE_ONLY; conditional compilation not evaluated
q3mme,1.9 source macro,Cvar_Get,cl_freelook,engine/engines/_forks/q3mme/trunk/code/client/cl_main.c,2463,SOURCE_ONLY; conditional compilation not evaluated
q3mme,1.9 source macro,Cvar_Get,cl_showmouserate,engine/engines/_forks/q3mme/trunk/code/client/cl_main.c,2465,SOURCE_ONLY; conditional compilation not evaluated
q3mme,1.9 source macro,Cvar_Get,cl_dlURL,engine/engines/_forks/q3mme/trunk/code/client/cl_main.c,2467,SOURCE_ONLY; conditional compilation not evaluated
q3mme,1.9 source macro,Cvar_Get,cl_mapAutoDownload,engine/engines/_forks/q3mme/trunk/code/client/cl_main.c,2468,SOURCE_ONLY; conditional compilation not evaluated
q3mme,1.9 source macro,Cvar_Get,cl_allowDownload,engine/engines/_forks/q3mme/trunk/code/client/cl_main.c,2469,SOURCE_ONLY; conditional compilation not evaluated
q3mme,1.9 source macro,Cvar_Get,cl_conXOffset,engine/engines/_forks/q3mme/trunk/code/client/cl_main.c,2471,SOURCE_ONLY; conditional compilation not evaluated
q3mme,1.9 source macro,Cvar_Get,r_inGameVideo,engine/engines/_forks/q3mme/trunk/code/client/cl_main.c,2474,SOURCE_ONLY; conditional compilation not evaluated
q3mme,1.9 source macro,Cvar_Get,r_inGameVideo,engine/engines/_forks/q3mme/trunk/code/client/cl_main.c,2476,SOURCE_ONLY; conditional compilation not evaluated
q3mme,1.9 source macro,Cvar_Get,cl_serverStatusResendTime,engine/engines/_forks/q3mme/trunk/code/client/cl_main.c,2479,SOURCE_ONLY; conditional compilation not evaluated
q3mme,1.9 source macro,Cvar_Get,cg_autoswitch,engine/engines/_forks/q3mme/trunk/code/client/cl_main.c,2483,SOURCE_ONLY; conditional compilation not evaluated
q3mme,1.9 source macro,Cvar_Get,m_pitch,engine/engines/_forks/q3mme/trunk/code/client/cl_main.c,2485,SOURCE_ONLY; conditional compilation not evaluated
q3mme,1.9 source macro,Cvar_Get,m_yaw,engine/engines/_forks/q3mme/trunk/code/client/cl_main.c,2486,SOURCE_ONLY; conditional compilation not evaluated
q3mme,1.9 source macro,Cvar_Get,m_forward,engine/engines/_forks/q3mme/trunk/code/client/cl_main.c,2487,SOURCE_ONLY; conditional compilation not evaluated
q3mme,1.9 source macro,Cvar_Get,m_side,engine/engines/_forks/q3mme/trunk/code/client/cl_main.c,2488,SOURCE_ONLY; conditional compilation not evaluated
q3mme,1.9 source macro,Cvar_Get,m_filter,engine/engines/_forks/q3mme/trunk/code/client/cl_main.c,2491,SOURCE_ONLY; conditional compilation not evaluated
q3mme,1.9 source macro,Cvar_Get,m_filter,engine/engines/_forks/q3mme/trunk/code/client/cl_main.c,2493,SOURCE_ONLY; conditional compilation not evaluated
q3mme,1.9 source macro,Cvar_Get,cl_motdString,engine/engines/_forks/q3mme/trunk/code/client/cl_main.c,2496,SOURCE_ONLY; conditional compilation not evaluated
q3mme,1.9 source macro,Cvar_Get,cl_maxPing,engine/engines/_forks/q3mme/trunk/code/client/cl_main.c,2498,SOURCE_ONLY; conditional compilation not evaluated
q3mme,1.9 source macro,Cvar_Get,name,engine/engines/_forks/q3mme/trunk/code/client/cl_main.c,2502,SOURCE_ONLY; conditional compilation not evaluated
q3mme,1.9 source macro,Cvar_Get,rate,engine/engines/_forks/q3mme/trunk/code/client/cl_main.c,2503,SOURCE_ONLY; conditional compilation not evaluated
q3mme,1.9 source macro,Cvar_Get,snaps,engine/engines/_forks/q3mme/trunk/code/client/cl_main.c,2504,SOURCE_ONLY; conditional compilation not evaluated
q3mme,1.9 source macro,Cvar_Get,model,engine/engines/_forks/q3mme/trunk/code/client/cl_main.c,2505,SOURCE_ONLY; conditional compilation not evaluated
q3mme,1.9 source macro,Cvar_Get,headmodel,engine/engines/_forks/q3mme/trunk/code/client/cl_main.c,2506,SOURCE_ONLY; conditional compilation not evaluated
q3mme,1.9 source macro,Cvar_Get,team_model,engine/engines/_forks/q3mme/trunk/code/client/cl_main.c,2507,SOURCE_ONLY; conditional compilation not evaluated
q3mme,1.9 source macro,Cvar_Get,team_headmodel,engine/engines/_forks/q3mme/trunk/code/client/cl_main.c,2508,SOURCE_ONLY; conditional compilation not evaluated
q3mme,1.9 source macro,Cvar_Get,g_redTeam,engine/engines/_forks/q3mme/trunk/code/client/cl_main.c,2509,SOURCE_ONLY; conditional compilation not evaluated
q3mme,1.9 source macro,Cvar_Get,g_blueTeam,engine/engines/_forks/q3mme/trunk/code/client/cl_main.c,2510,SOURCE_ONLY; conditional compilation not evaluated
q3mme,1.9 source macro,Cvar_Get,color1,engine/engines/_forks/q3mme/trunk/code/client/cl_main.c,2511,SOURCE_ONLY; conditional compilation not evaluated
q3mme,1.9 source macro,Cvar_Get,color2,engine/engines/_forks/q3mme/trunk/code/client/cl_main.c,2512,SOURCE_ONLY; conditional compilation not evaluated
q3mme,1.9 source macro,Cvar_Get,handicap,engine/engines/_forks/q3mme/trunk/code/client/cl_main.c,2513,SOURCE_ONLY; conditional compilation not evaluated
q3mme,1.9 source macro,Cvar_Get,teamtask,engine/engines/_forks/q3mme/trunk/code/client/cl_main.c,2514,SOURCE_ONLY; conditional compilation not evaluated
q3mme,1.9 source macro,Cvar_Get,sex,engine/engines/_forks/q3mme/trunk/code/client/cl_main.c,2515,SOURCE_ONLY; conditional compilation not evaluated
q3mme,1.9 source macro,Cvar_Get,cl_anonymous,engine/engines/_forks/q3mme/trunk/code/client/cl_main.c,2516,SOURCE_ONLY; conditional compilation not evaluated
q3mme,1.9 source macro,Cvar_Get,password,engine/engines/_forks/q3mme/trunk/code/client/cl_main.c,2518,SOURCE_ONLY; conditional compilation not evaluated
q3mme,1.9 source macro,Cvar_Get,cg_predictItems,engine/engines/_forks/q3mme/trunk/code/client/cl_main.c,2519,SOURCE_ONLY; conditional compilation not evaluated
q3mme,1.9 source macro,Cvar_Get,cg_viewsize,engine/engines/_forks/q3mme/trunk/code/client/cl_main.c,2523,SOURCE_ONLY; conditional compilation not evaluated
q3mme,1.9 source macro,Cvar_Get,mme_saveWav,engine/engines/_forks/q3mme/trunk/code/client/cl_main.c,2527,SOURCE_ONLY; conditional compilation not evaluated
q3mme,1.9 source macro,Cvar_Get,mme_anykeystopsdemo,engine/engines/_forks/q3mme/trunk/code/client/cl_main.c,2528,SOURCE_ONLY; conditional compilation not evaluated
q3mme,1.9 source macro,Cvar_Get,mme_gameOverride,engine/engines/_forks/q3mme/trunk/code/client/cl_main.c,2529,SOURCE_ONLY; conditional compilation not evaluated
q3mme,1.9 source macro,Cvar_Get,mme_demoConvert,engine/engines/_forks/q3mme/trunk/code/client/cl_main.c,2530,SOURCE_ONLY; conditional compilation not evaluated
q3mme,1.9 source macro,Cvar_Get,mme_demoListQuit,engine/engines/_forks/q3mme/trunk/code/client/cl_main.c,2531,SOURCE_ONLY; conditional compilation not evaluated
q3mme,1.9 source macro,Cvar_Get,mme_demoSmoothen,engine/engines/_forks/q3mme/trunk/code/client/cl_main.c,2532,SOURCE_ONLY; conditional compilation not evaluated
q3mme,1.9 source macro,Cvar_Get,mme_demoFileName,engine/engines/_forks/q3mme/trunk/code/client/cl_main.c,2533,SOURCE_ONLY; conditional compilation not evaluated
q3mme,1.9 source macro,Cvar_Get,mme_demoStartProject,engine/engines/_forks/q3mme/trunk/code/client/cl_main.c,2534,SOURCE_ONLY; conditional compilation not evaluated
q3mme,1.9 source macro,Cvar_Get,mme_demoAutoQuit,engine/engines/_forks/q3mme/trunk/code/client/cl_main.c,2535,SOURCE_ONLY; conditional compilation not evaluated
q3mme,1.9 source macro,Cvar_Get,mme_demoAutoNext,engine/engines/_forks/q3mme/trunk/code/client/cl_main.c,2536,SOURCE_ONLY; conditional compilation not evaluated
q3mme,1.9 source macro,Cvar_Get,mme_demoExt,engine/engines/_forks/q3mme/trunk/code/client/cl_main.c,2537,SOURCE_ONLY; conditional compilation not evaluated
q3mme,1.9 source macro,Cmd_AddCommand,cmd,engine/engines/_forks/q3mme/trunk/code/client/cl_main.c,2542,SOURCE_ONLY; conditional compilation not evaluated
q3mme,1.9 source macro,Cmd_AddCommand,configstrings,engine/engines/_forks/q3mme/trunk/code/client/cl_main.c,2543,SOURCE_ONLY; conditional compilation not evaluated
q3mme,1.9 source macro,Cmd_AddCommand,clientinfo,engine/engines/_forks/q3mme/trunk/code/client/cl_main.c,2544,SOURCE_ONLY; conditional compilation not evaluated
q3mme,1.9 source macro,Cmd_AddCommand,snd_restart,engine/engines/_forks/q3mme/trunk/code/client/cl_main.c,2545,SOURCE_ONLY; conditional compilation not evaluated
q3mme,1.9 source macro,Cmd_AddCommand,vid_restart,engine/engines/_forks/q3mme/trunk/code/client/cl_main.c,2546,SOURCE_ONLY; conditional compilation not evaluated
q3mme,1.9 source macro,Cmd_AddCommand,disconnect,engine/engines/_forks/q3mme/trunk/code/client/cl_main.c,2547,SOURCE_ONLY; conditional compilation not evaluated
q3mme,1.9 source macro,Cmd_AddCommand,record,engine/engines/_forks/q3mme/trunk/code/client/cl_main.c,2548,SOURCE_ONLY; conditional compilation not evaluated
q3mme,1.9 source macro,Cmd_AddCommand,demo,engine/engines/_forks/q3mme/trunk/code/client/cl_main.c,2549,SOURCE_ONLY; conditional compilation not evaluated
q3mme,1.9 source macro,Cmd_AddCommand,cinematic,engine/engines/_forks/q3mme/trunk/code/client/cl_main.c,2550,SOURCE_ONLY; conditional compilation not evaluated
q3mme,1.9 source macro,Cmd_AddCommand,stoprecord,engine/engines/_forks/q3mme/trunk/code/client/cl_main.c,2551,SOURCE_ONLY; conditional compilation not evaluated
q3mme,1.9 source macro,Cmd_AddCommand,connect,engine/engines/_forks/q3mme/trunk/code/client/cl_main.c,2552,SOURCE_ONLY; conditional compilation not evaluated
q3mme,1.9 source macro,Cmd_AddCommand,reconnect,engine/engines/_forks/q3mme/trunk/code/client/cl_main.c,2553,SOURCE_ONLY; conditional compilation not evaluated
q3mme,1.9 source macro,Cmd_AddCommand,localservers,engine/engines/_forks/q3mme/trunk/code/client/cl_main.c,2554,SOURCE_ONLY; conditional compilation not evaluated
q3mme,1.9 source macro,Cmd_AddCommand,globalservers,engine/engines/_forks/q3mme/trunk/code/client/cl_main.c,2555,SOURCE_ONLY; conditional compilation not evaluated
q3mme,1.9 source macro,Cmd_AddCommand,rcon,engine/engines/_forks/q3mme/trunk/code/client/cl_main.c,2556,SOURCE_ONLY; conditional compilation not evaluated
q3mme,1.9 source macro,Cmd_AddCommand,setenv,engine/engines/_forks/q3mme/trunk/code/client/cl_main.c,2557,SOURCE_ONLY; conditional compilation not evaluated
q3mme,1.9 source macro,Cmd_AddCommand,ping,engine/engines/_forks/q3mme/trunk/code/client/cl_main.c,2558,SOURCE_ONLY; conditional compilation not evaluated
q3mme,1.9 source macro,Cmd_AddCommand,serverstatus,engine/engines/_forks/q3mme/trunk/code/client/cl_main.c,2559,SOURCE_ONLY; conditional compilation not evaluated
q3mme,1.9 source macro,Cmd_AddCommand,showip,engine/engines/_forks/q3mme/trunk/code/client/cl_main.c,2560,SOURCE_ONLY; conditional compilation not evaluated
q3mme,1.9 source macro,Cmd_AddCommand,fs_openedList,engine/engines/_forks/q3mme/trunk/code/client/cl_main.c,2561,SOURCE_ONLY; conditional compilation not evaluated
q3mme,1.9 source macro,Cmd_AddCommand,fs_referencedList,engine/engines/_forks/q3mme/trunk/code/client/cl_main.c,2562,SOURCE_ONLY; conditional compilation not evaluated
q3mme,1.9 source macro,Cmd_AddCommand,model,engine/engines/_forks/q3mme/trunk/code/client/cl_main.c,2563,SOURCE_ONLY; conditional compilation not evaluated
q3mme,1.9 source macro,Cmd_AddCommand,csList,engine/engines/_forks/q3mme/trunk/code/client/cl_main.c,2566,SOURCE_ONLY; conditional compilation not evaluated
q3mme,1.9 source macro,Cmd_AddCommand,mmeDemo,engine/engines/_forks/q3mme/trunk/code/client/cl_main.c,2567,SOURCE_ONLY; conditional compilation not evaluated
q3mme,1.9 source macro,Cmd_AddCommand,demoList,engine/engines/_forks/q3mme/trunk/code/client/cl_main.c,2568,SOURCE_ONLY; conditional compilation not evaluated
q3mme,1.9 source macro,Cmd_AddCommand,demoListNext,engine/engines/_forks/q3mme/trunk/code/client/cl_main.c,2569,SOURCE_ONLY; conditional compilation not evaluated
q3mme,1.9 source macro,Cmd_AddCommand,demoCut,engine/engines/_forks/q3mme/trunk/code/client/cl_main.c,2570,SOURCE_ONLY; conditional compilation not evaluated
q3mme,1.9 source macro,Cvar_Get,sys_cpustring,engine/engines/_forks/q3mme/trunk/code/renderer/tr_init.c,653,SOURCE_ONLY; conditional compilation not evaluated
q3mme,1.9 source macro,Cvar_Get,r_glDriver,engine/engines/_forks/q3mme/trunk/code/renderer/tr_init.c,753,SOURCE_ONLY; conditional compilation not evaluated
q3mme,1.9 source macro,Cvar_Get,r_allowExtensions,engine/engines/_forks/q3mme/trunk/code/renderer/tr_init.c,754,SOURCE_ONLY; conditional compilation not evaluated
q3mme,1.9 source macro,Cvar_Get,r_ext_compressed_textures,engine/engines/_forks/q3mme/trunk/code/renderer/tr_init.c,755,SOURCE_ONLY; conditional compilation not evaluated
q3mme,1.9 source macro,Cvar_Get,r_ext_gamma_control,engine/engines/_forks/q3mme/trunk/code/renderer/tr_init.c,756,SOURCE_ONLY; conditional compilation not evaluated
q3mme,1.9 source macro,Cvar_Get,r_ext_multitexture,engine/engines/_forks/q3mme/trunk/code/renderer/tr_init.c,757,SOURCE_ONLY; conditional compilation not evaluated
q3mme,1.9 source macro,Cvar_Get,r_ext_compiled_vertex_array,engine/engines/_forks/q3mme/trunk/code/renderer/tr_init.c,758,SOURCE_ONLY; conditional compilation not evaluated
q3mme,1.9 source macro,Cvar_Get,r_ext_texture_env_add,engine/engines/_forks/q3mme/trunk/code/renderer/tr_init.c,760,SOURCE_ONLY; conditional compilation not evaluated
q3mme,1.9 source macro,Cvar_Get,r_ext_texture_env_add,engine/engines/_forks/q3mme/trunk/code/renderer/tr_init.c,762,SOURCE_ONLY; conditional compilation not evaluated
q3mme,1.9 source macro,Cvar_Get,r_picmip,engine/engines/_forks/q3mme/trunk/code/renderer/tr_init.c,765,SOURCE_ONLY; conditional compilation not evaluated
q3mme,1.9 source macro,Cvar_Get,r_roundImagesDown,engine/engines/_forks/q3mme/trunk/code/renderer/tr_init.c,766,SOURCE_ONLY; conditional compilation not evaluated
q3mme,1.9 source macro,Cvar_Get,r_colorMipLevels,engine/engines/_forks/q3mme/trunk/code/renderer/tr_init.c,767,SOURCE_ONLY; conditional compilation not evaluated
q3mme,1.9 source macro,Cvar_Get,r_detailtextures,engine/engines/_forks/q3mme/trunk/code/renderer/tr_init.c,769,SOURCE_ONLY; conditional compilation not evaluated
q3mme,1.9 source macro,Cvar_Get,r_texturebits,engine/engines/_forks/q3mme/trunk/code/renderer/tr_init.c,770,SOURCE_ONLY; conditional compilation not evaluated
q3mme,1.9 source macro,Cvar_Get,r_colorbits,engine/engines/_forks/q3mme/trunk/code/renderer/tr_init.c,771,SOURCE_ONLY; conditional compilation not evaluated
q3mme,1.9 source macro,Cvar_Get,r_stereo,engine/engines/_forks/q3mme/trunk/code/renderer/tr_init.c,772,SOURCE_ONLY; conditional compilation not evaluated
q3mme,1.9 source macro,Cvar_Get,r_stencilbits,engine/engines/_forks/q3mme/trunk/code/renderer/tr_init.c,774,SOURCE_ONLY; conditional compilation not evaluated
q3mme,1.9 source macro,Cvar_Get,r_stencilbits,engine/engines/_forks/q3mme/trunk/code/renderer/tr_init.c,776,SOURCE_ONLY; conditional compilation not evaluated
q3mme,1.9 source macro,Cvar_Get,r_alphabits,engine/engines/_forks/q3mme/trunk/code/renderer/tr_init.c,778,SOURCE_ONLY; conditional compilation not evaluated
q3mme,1.9 source macro,Cvar_Get,r_depthbits,engine/engines/_forks/q3mme/trunk/code/renderer/tr_init.c,779,SOURCE_ONLY; conditional compilation not evaluated
q3mme,1.9 source macro,Cvar_Get,r_multiSample,engine/engines/_forks/q3mme/trunk/code/renderer/tr_init.c,780,SOURCE_ONLY; conditional compilation not evaluated
q3mme,1.9 source macro,Cvar_Get,r_multiSampleNvidia,engine/engines/_forks/q3mme/trunk/code/renderer/tr_init.c,781,SOURCE_ONLY; conditional compilation not evaluated
q3mme,1.9 source macro,Cvar_Get,r_anisotropy,engine/engines/_forks/q3mme/trunk/code/renderer/tr_init.c,782,SOURCE_ONLY; conditional compilation not evaluated
q3mme,1.9 source macro,Cvar_Get,r_overBrightBits,engine/engines/_forks/q3mme/trunk/code/renderer/tr_init.c,784,SOURCE_ONLY; conditional compilation not evaluated
q3mme,1.9 source macro,Cvar_Get,r_ignorehwgamma,engine/engines/_forks/q3mme/trunk/code/renderer/tr_init.c,785,SOURCE_ONLY; conditional compilation not evaluated
q3mme,1.9 source macro,Cvar_Get,r_mode,engine/engines/_forks/q3mme/trunk/code/renderer/tr_init.c,786,SOURCE_ONLY; conditional compilation not evaluated
q3mme,1.9 source macro,Cvar_Get,r_fullscreen,engine/engines/_forks/q3mme/trunk/code/renderer/tr_init.c,787,SOURCE_ONLY; conditional compilation not evaluated
q3mme,1.9 source macro,Cvar_Get,r_noborder,engine/engines/_forks/q3mme/trunk/code/renderer/tr_init.c,788,SOURCE_ONLY; conditional compilation not evaluated
q3mme,1.9 source macro,Cvar_Get,r_customwidth,engine/engines/_forks/q3mme/trunk/code/renderer/tr_init.c,789,SOURCE_ONLY; conditional compilation not evaluated
q3mme,1.9 source macro,Cvar_Get,r_customheight,engine/engines/_forks/q3mme/trunk/code/renderer/tr_init.c,790,SOURCE_ONLY; conditional compilation not evaluated
q3mme,1.9 source macro,Cvar_Get,r_customaspect,engine/engines/_forks/q3mme/trunk/code/renderer/tr_init.c,791,SOURCE_ONLY; conditional compilation not evaluated
q3mme,1.9 source macro,Cvar_Get,r_simpleMipMaps,engine/engines/_forks/q3mme/trunk/code/renderer/tr_init.c,792,SOURCE_ONLY; conditional compilation not evaluated
q3mme,1.9 source macro,Cvar_Get,r_vertexLight,engine/engines/_forks/q3mme/trunk/code/renderer/tr_init.c,793,SOURCE_ONLY; conditional compilation not evaluated
q3mme,1.9 source macro,Cvar_Get,r_uifullscreen,engine/engines/_forks/q3mme/trunk/code/renderer/tr_init.c,794,SOURCE_ONLY; conditional compilation not evaluated
q3mme,1.9 source macro,Cvar_Get,r_subdivisions,engine/engines/_forks/q3mme/trunk/code/renderer/tr_init.c,795,SOURCE_ONLY; conditional compilation not evaluated
q3mme,1.9 source macro,Cvar_Get,r_smp,engine/engines/_forks/q3mme/trunk/code/renderer/tr_init.c,796,SOURCE_ONLY; conditional compilation not evaluated
q3mme,1.9 source macro,Cvar_Get,r_ignoreFastPath,engine/engines/_forks/q3mme/trunk/code/renderer/tr_init.c,797,SOURCE_ONLY; conditional compilation not evaluated
q3mme,1.9 source macro,Cvar_Get,r_backEndMegs,engine/engines/_forks/q3mme/trunk/code/renderer/tr_init.c,798,SOURCE_ONLY; conditional compilation not evaluated
q3mme,1.9 source macro,Cvar_Get,r_fogMinOpaqueDistance,engine/engines/_forks/q3mme/trunk/code/renderer/tr_init.c,799,SOURCE_ONLY; conditional compilation not evaluated
q3mme,1.9 source macro,Cvar_Get,r_displayRefresh,engine/engines/_forks/q3mme/trunk/code/renderer/tr_init.c,804,SOURCE_ONLY; conditional compilation not evaluated
q3mme,1.9 source macro,Cvar_Get,r_fullbright,engine/engines/_forks/q3mme/trunk/code/renderer/tr_init.c,806,SOURCE_ONLY; conditional compilation not evaluated
q3mme,1.9 source macro,Cvar_Get,r_mapOverBrightBits,engine/engines/_forks/q3mme/trunk/code/renderer/tr_init.c,807,SOURCE_ONLY; conditional compilation not evaluated
q3mme,1.9 source macro,Cvar_Get,r_intensity,engine/engines/_forks/q3mme/trunk/code/renderer/tr_init.c,808,SOURCE_ONLY; conditional compilation not evaluated
q3mme,1.9 source macro,Cvar_Get,r_singleShader,engine/engines/_forks/q3mme/trunk/code/renderer/tr_init.c,809,SOURCE_ONLY; conditional compilation not evaluated
q3mme,1.9 source macro,Cvar_Get,r_lodCurveError,engine/engines/_forks/q3mme/trunk/code/renderer/tr_init.c,814,SOURCE_ONLY; conditional compilation not evaluated
q3mme,1.9 source macro,Cvar_Get,r_lodbias,engine/engines/_forks/q3mme/trunk/code/renderer/tr_init.c,815,SOURCE_ONLY; conditional compilation not evaluated
q3mme,1.9 source macro,Cvar_Get,r_flares,engine/engines/_forks/q3mme/trunk/code/renderer/tr_init.c,816,SOURCE_ONLY; conditional compilation not evaluated
q3mme,1.9 source macro,Cvar_Get,r_znear,engine/engines/_forks/q3mme/trunk/code/renderer/tr_init.c,817,SOURCE_ONLY; conditional compilation not evaluated
q3mme,1.9 source macro,Cvar_Get,r_zproj,engine/engines/_forks/q3mme/trunk/code/renderer/tr_init.c,819,SOURCE_ONLY; conditional compilation not evaluated
q3mme,1.9 source macro,Cvar_Get,r_stereoSeparation,engine/engines/_forks/q3mme/trunk/code/renderer/tr_init.c,820,SOURCE_ONLY; conditional compilation not evaluated
q3mme,1.9 source macro,Cvar_Get,r_ignoreGLErrors,engine/engines/_forks/q3mme/trunk/code/renderer/tr_init.c,821,SOURCE_ONLY; conditional compilation not evaluated
q3mme,1.9 source macro,Cvar_Get,r_fastsky,engine/engines/_forks/q3mme/trunk/code/renderer/tr_init.c,822,SOURCE_ONLY; conditional compilation not evaluated
q3mme,1.9 source macro,Cvar_Get,r_inGameVideo,engine/engines/_forks/q3mme/trunk/code/renderer/tr_init.c,823,SOURCE_ONLY; conditional compilation not evaluated
q3mme,1.9 source macro,Cvar_Get,r_drawSun,engine/engines/_forks/q3mme/trunk/code/renderer/tr_init.c,824,SOURCE_ONLY; conditional compilation not evaluated
q3mme,1.9 source macro,Cvar_Get,r_dynamiclight,engine/engines/_forks/q3mme/trunk/code/renderer/tr_init.c,825,SOURCE_ONLY; conditional compilation not evaluated
q3mme,1.9 source macro,Cvar_Get,r_dlightBacks,engine/engines/_forks/q3mme/trunk/code/renderer/tr_init.c,826,SOURCE_ONLY; conditional compilation not evaluated
q3mme,1.9 source macro,Cvar_Get,r_finish,engine/engines/_forks/q3mme/trunk/code/renderer/tr_init.c,827,SOURCE_ONLY; conditional compilation not evaluated
q3mme,1.9 source macro,Cvar_Get,r_textureMode,engine/engines/_forks/q3mme/trunk/code/renderer/tr_init.c,828,SOURCE_ONLY; conditional compilation not evaluated
q3mme,1.9 source macro,Cvar_Get,r_swapInterval,engine/engines/_forks/q3mme/trunk/code/renderer/tr_init.c,829,SOURCE_ONLY; conditional compilation not evaluated
q3mme,1.9 source macro,Cvar_Get,r_gamma,engine/engines/_forks/q3mme/trunk/code/renderer/tr_init.c,831,SOURCE_ONLY; conditional compilation not evaluated
q3mme,1.9 source macro,Cvar_Get,r_gamma,engine/engines/_forks/q3mme/trunk/code/renderer/tr_init.c,833,SOURCE_ONLY; conditional compilation not evaluated
q3mme,1.9 source macro,Cvar_Get,r_facePlaneCull,engine/engines/_forks/q3mme/trunk/code/renderer/tr_init.c,835,SOURCE_ONLY; conditional compilation not evaluated
q3mme,1.9 source macro,Cvar_Get,r_railWidth,engine/engines/_forks/q3mme/trunk/code/renderer/tr_init.c,837,SOURCE_ONLY; conditional compilation not evaluated
q3mme,1.9 source macro,Cvar_Get,r_railCoreWidth,engine/engines/_forks/q3mme/trunk/code/renderer/tr_init.c,838,SOURCE_ONLY; conditional compilation not evaluated
q3mme,1.9 source macro,Cvar_Get,r_railCoreRotate,engine/engines/_forks/q3mme/trunk/code/renderer/tr_init.c,839,SOURCE_ONLY; conditional compilation not evaluated
q3mme,1.9 source macro,Cvar_Get,r_railRingsAlign,engine/engines/_forks/q3mme/trunk/code/renderer/tr_init.c,840,SOURCE_ONLY; conditional compilation not evaluated
q3mme,1.9 source macro,Cvar_Get,r_railSegmentLength,engine/engines/_forks/q3mme/trunk/code/renderer/tr_init.c,841,SOURCE_ONLY; conditional compilation not evaluated
q3mme,1.9 source macro,Cvar_Get,r_primitives,engine/engines/_forks/q3mme/trunk/code/renderer/tr_init.c,843,SOURCE_ONLY; conditional compilation not evaluated
q3mme,1.9 source macro,Cvar_Get,r_ambientScale,engine/engines/_forks/q3mme/trunk/code/renderer/tr_init.c,845,SOURCE_ONLY; conditional compilation not evaluated
q3mme,1.9 source macro,Cvar_Get,r_directedScale,engine/engines/_forks/q3mme/trunk/code/renderer/tr_init.c,846,SOURCE_ONLY; conditional compilation not evaluated
q3mme,1.9 source macro,Cvar_Get,r_showImages,engine/engines/_forks/q3mme/trunk/code/renderer/tr_init.c,851,SOURCE_ONLY; conditional compilation not evaluated
q3mme,1.9 source macro,Cvar_Get,r_debuglight,engine/engines/_forks/q3mme/trunk/code/renderer/tr_init.c,853,SOURCE_ONLY; conditional compilation not evaluated
q3mme,1.9 source macro,Cvar_Get,r_debugSort,engine/engines/_forks/q3mme/trunk/code/renderer/tr_init.c,854,SOURCE_ONLY; conditional compilation not evaluated
q3mme,1.9 source macro,Cvar_Get,r_printShaders,engine/engines/_forks/q3mme/trunk/code/renderer/tr_init.c,855,SOURCE_ONLY; conditional compilation not evaluated
q3mme,1.9 source macro,Cvar_Get,r_saveFontData,engine/engines/_forks/q3mme/trunk/code/renderer/tr_init.c,856,SOURCE_ONLY; conditional compilation not evaluated
q3mme,1.9 source macro,Cvar_Get,r_nocurves,engine/engines/_forks/q3mme/trunk/code/renderer/tr_init.c,858,SOURCE_ONLY; conditional compilation not evaluated
q3mme,1.9 source macro,Cvar_Get,r_drawworld,engine/engines/_forks/q3mme/trunk/code/renderer/tr_init.c,859,SOURCE_ONLY; conditional compilation not evaluated
q3mme,1.9 source macro,Cvar_Get,r_lightmap,engine/engines/_forks/q3mme/trunk/code/renderer/tr_init.c,860,SOURCE_ONLY; conditional compilation not evaluated
q3mme,1.9 source macro,Cvar_Get,r_portalOnly,engine/engines/_forks/q3mme/trunk/code/renderer/tr_init.c,861,SOURCE_ONLY; conditional compilation not evaluated
q3mme,1.9 source macro,Cvar_Get,r_flareSize,engine/engines/_forks/q3mme/trunk/code/renderer/tr_init.c,863,SOURCE_ONLY; conditional compilation not evaluated
q3mme,1.9 source macro,Cvar_Get,r_flareFade,engine/engines/_forks/q3mme/trunk/code/renderer/tr_init.c,864,SOURCE_ONLY; conditional compilation not evaluated
q3mme,1.9 source macro,Cvar_Get,r_flareCoeff,engine/engines/_forks/q3mme/trunk/code/renderer/tr_init.c,865,SOURCE_ONLY; conditional compilation not evaluated
q3mme,1.9 source macro,Cvar_Get,r_showSmp,engine/engines/_forks/q3mme/trunk/code/renderer/tr_init.c,867,SOURCE_ONLY; conditional compilation not evaluated
q3mme,1.9 source macro,Cvar_Get,r_skipBackEnd,engine/engines/_forks/q3mme/trunk/code/renderer/tr_init.c,868,SOURCE_ONLY; conditional compilation not evaluated
q3mme,1.9 source macro,Cvar_Get,r_measureOverdraw,engine/engines/_forks/q3mme/trunk/code/renderer/tr_init.c,871,SOURCE_ONLY; conditional compilation not evaluated
q3mme,1.9 source macro,Cvar_Get,r_lodscale,engine/engines/_forks/q3mme/trunk/code/renderer/tr_init.c,872,SOURCE_ONLY; conditional compilation not evaluated
q3mme,1.9 source macro,Cvar_Get,r_norefresh,engine/engines/_forks/q3mme/trunk/code/renderer/tr_init.c,873,SOURCE_ONLY; conditional compilation not evaluated
q3mme,1.9 source macro,Cvar_Get,r_drawentities,engine/engines/_forks/q3mme/trunk/code/renderer/tr_init.c,874,SOURCE_ONLY; conditional compilation not evaluated
q3mme,1.9 source macro,Cvar_Get,r_drawmodels,engine/engines/_forks/q3mme/trunk/code/renderer/tr_init.c,875,SOURCE_ONLY; conditional compilation not evaluated
q3mme,1.9 source macro,Cvar_Get,r_ignore,engine/engines/_forks/q3mme/trunk/code/renderer/tr_init.c,876,SOURCE_ONLY; conditional compilation not evaluated
q3mme,1.9 source macro,Cvar_Get,r_nocull,engine/engines/_forks/q3mme/trunk/code/renderer/tr_init.c,877,SOURCE_ONLY; conditional compilation not evaluated
q3mme,1.9 source macro,Cvar_Get,r_novis,engine/engines/_forks/q3mme/trunk/code/renderer/tr_init.c,878,SOURCE_ONLY; conditional compilation not evaluated
q3mme,1.9 source macro,Cvar_Get,r_showcluster,engine/engines/_forks/q3mme/trunk/code/renderer/tr_init.c,879,SOURCE_ONLY; conditional compilation not evaluated
q3mme,1.9 source macro,Cvar_Get,r_showtriggers,engine/engines/_forks/q3mme/trunk/code/renderer/tr_init.c,880,SOURCE_ONLY; conditional compilation not evaluated
q3mme,1.9 source macro,Cvar_Get,r_speeds,engine/engines/_forks/q3mme/trunk/code/renderer/tr_init.c,881,SOURCE_ONLY; conditional compilation not evaluated
q3mme,1.9 source macro,Cvar_Get,r_verbose,engine/engines/_forks/q3mme/trunk/code/renderer/tr_init.c,882,SOURCE_ONLY; conditional compilation not evaluated
q3mme,1.9 source macro,Cvar_Get,r_logFile,engine/engines/_forks/q3mme/trunk/code/renderer/tr_init.c,883,SOURCE_ONLY; conditional compilation not evaluated
q3mme,1.9 source macro,Cvar_Get,r_debugSurface,engine/engines/_forks/q3mme/trunk/code/renderer/tr_init.c,884,SOURCE_ONLY; conditional compilation not evaluated
q3mme,1.9 source macro,Cvar_Get,r_showtris,engine/engines/_forks/q3mme/trunk/code/renderer/tr_init.c,885,SOURCE_ONLY; conditional compilation not evaluated
q3mme,1.9 source macro,Cvar_Get,r_showsky,engine/engines/_forks/q3mme/trunk/code/renderer/tr_init.c,886,SOURCE_ONLY; conditional compilation not evaluated
q3mme,1.9 source macro,Cvar_Get,r_shownormals,engine/engines/_forks/q3mme/trunk/code/renderer/tr_init.c,887,SOURCE_ONLY; conditional compilation not evaluated
q3mme,1.9 source macro,Cvar_Get,r_clear,engine/engines/_forks/q3mme/trunk/code/renderer/tr_init.c,888,SOURCE_ONLY; conditional compilation not evaluated
q3mme,1.9 source macro,Cvar_Get,r_offsetfactor,engine/engines/_forks/q3mme/trunk/code/renderer/tr_init.c,889,SOURCE_ONLY; conditional compilation not evaluated
q3mme,1.9 source macro,Cvar_Get,r_offsetunits,engine/engines/_forks/q3mme/trunk/code/renderer/tr_init.c,890,SOURCE_ONLY; conditional compilation not evaluated
q3mme,1.9 source macro,Cvar_Get,r_drawBuffer,engine/engines/_forks/q3mme/trunk/code/renderer/tr_init.c,891,SOURCE_ONLY; conditional compilation not evaluated
q3mme,1.9 source macro,Cvar_Get,r_lockpvs,engine/engines/_forks/q3mme/trunk/code/renderer/tr_init.c,892,SOURCE_ONLY; conditional compilation not evaluated
q3mme,1.9 source macro,Cvar_Get,r_noportals,engine/engines/_forks/q3mme/trunk/code/renderer/tr_init.c,893,SOURCE_ONLY; conditional compilation not evaluated
q3mme,1.9 source macro,Cvar_Get,cg_shadows,engine/engines/_forks/q3mme/trunk/code/renderer/tr_init.c,894,SOURCE_ONLY; conditional compilation not evaluated
q3mme,1.9 source macro,Cvar_Get,r_GLlibCoolDownMsec,engine/engines/_forks/q3mme/trunk/code/renderer/tr_init.c,896,SOURCE_ONLY; conditional compilation not evaluated
q3mme,1.9 source macro,Cvar_Get,r_framebuffer,engine/engines/_forks/q3mme/trunk/code/renderer/tr_init.c,899,SOURCE_ONLY; conditional compilation not evaluated
q3mme,1.9 source macro,Cvar_Get,r_framebuffer_bloom,engine/engines/_forks/q3mme/trunk/code/renderer/tr_init.c,900,SOURCE_ONLY; conditional compilation not evaluated
q3mme,1.9 source macro,Cvar_Get,r_framebuffer_blur_size,engine/engines/_forks/q3mme/trunk/code/renderer/tr_init.c,901,SOURCE_ONLY; conditional compilation not evaluated
q3mme,1.9 source macro,Cvar_Get,r_framebuffer_blur_amount,engine/engines/_forks/q3mme/trunk/code/renderer/tr_init.c,902,SOURCE_ONLY; conditional compilation not evaluated
q3mme,1.9 source macro,Cvar_Get,r_framebuffer_blur_samples,engine/engines/_forks/q3mme/trunk/code/renderer/tr_init.c,903,SOURCE_ONLY; conditional compilation not evaluated
q3mme,1.9 source macro,Cvar_Get,r_framebuffer_bloom_sharpness,engine/engines/_forks/q3mme/trunk/code/renderer/tr_init.c,904,SOURCE_ONLY; conditional compilation not evaluated
q3mme,1.9 source macro,Cvar_Get,r_framebuffer_bloom_brightness,engine/engines/_forks/q3mme/trunk/code/renderer/tr_init.c,905,SOURCE_ONLY; conditional compilation not evaluated
q3mme,1.9 source macro,Cvar_Get,r_framebuffer_rotoscope,engine/engines/_forks/q3mme/trunk/code/renderer/tr_init.c,906,SOURCE_ONLY; conditional compilation not evaluated
q3mme,1.9 source macro,Cvar_Get,r_framebuffer_rotoscope_zedge,engine/engines/_forks/q3mme/trunk/code/renderer/tr_init.c,907,SOURCE_ONLY; conditional compilation not evaluated
q3mme,1.9 source macro,Cmd_AddCommand,imagelist,engine/engines/_forks/q3mme/trunk/code/renderer/tr_init.c,913,SOURCE_ONLY; conditional compilation not evaluated
q3mme,1.9 source macro,Cmd_AddCommand,shaderlist,engine/engines/_forks/q3mme/trunk/code/renderer/tr_init.c,914,SOURCE_ONLY; conditional compilation not evaluated
q3mme,1.9 source macro,Cmd_AddCommand,skinlist,engine/engines/_forks/q3mme/trunk/code/renderer/tr_init.c,915,SOURCE_ONLY; conditional compilation not evaluated
q3mme,1.9 source macro,Cmd_AddCommand,modellist,engine/engines/_forks/q3mme/trunk/code/renderer/tr_init.c,916,SOURCE_ONLY; conditional compilation not evaluated
q3mme,1.9 source macro,Cmd_AddCommand,modelist,engine/engines/_forks/q3mme/trunk/code/renderer/tr_init.c,917,SOURCE_ONLY; conditional compilation not evaluated
q3mme,1.9 source macro,Cmd_AddCommand,screenshot,engine/engines/_forks/q3mme/trunk/code/renderer/tr_init.c,918,SOURCE_ONLY; conditional compilation not evaluated
q3mme,1.9 source macro,Cmd_AddCommand,screenshotJPEG,engine/engines/_forks/q3mme/trunk/code/renderer/tr_init.c,919,SOURCE_ONLY; conditional compilation not evaluated
q3mme,1.9 source macro,Cmd_AddCommand,screenshotPNG,engine/engines/_forks/q3mme/trunk/code/renderer/tr_init.c,920,SOURCE_ONLY; conditional compilation not evaluated
q3mme,1.9 source macro,Cmd_AddCommand,remapShader,engine/engines/_forks/q3mme/trunk/code/renderer/tr_init.c,921,SOURCE_ONLY; conditional compilation not evaluated
q3mme,1.9 source macro,Cmd_AddCommand,traceShader,engine/engines/_forks/q3mme/trunk/code/renderer/tr_init.c,922,SOURCE_ONLY; conditional compilation not evaluated
q3mme,1.9 source macro,Cmd_AddCommand,skyShader,engine/engines/_forks/q3mme/trunk/code/renderer/tr_init.c,923,SOURCE_ONLY; conditional compilation not evaluated
q3mme,1.9 source macro,Cmd_AddCommand,gfxinfo,engine/engines/_forks/q3mme/trunk/code/renderer/tr_init.c,924,SOURCE_ONLY; conditional compilation not evaluated
q3mme,1.9 source macro,Cmd_AddCommand,vid_minimize,engine/engines/_forks/q3mme/trunk/code/renderer/tr_init.c,925,SOURCE_ONLY; conditional compilation not evaluated
q3mme,1.9 source macro,Cmd_AddCommand,vid_restore,engine/engines/_forks/q3mme/trunk/code/renderer/tr_init.c,926,SOURCE_ONLY; conditional compilation not evaluated
q3mme,1.9 source macro,Cmd_AddCommand,capturestop,engine/engines/_forks/q3mme/trunk/code/renderer/tr_init.c,928,SOURCE_ONLY; conditional compilation not evaluated
